run,operation,started,time,status,label,Mmax,Smax,Smin,c1,c2,dseta,fdmax,fdmin,function,lambd,n,step,global_best,mean_global_best
40e42662,dsregpsoLSGO,3/25/2023 11:47,0:10:23,completed,Mmax=0.7 Smax=0.5 Smin=0.05 c1=2.0 c2=1.0 dseta=0.001 fdmax=1.0e-25 fdmin=1.0e-50 function=6.0 lambd=0.7 n=50,0.7,0.5,0.05,2,1,0.001,1.00E-25,1.00E-50,6,0.7,50,500000,1.042899966,1024286.25
5f7666a9,dsregpsoLSGO,3/25/2023 11:37,0:10:20,completed,Mmax=0.7 Smax=0.5 Smin=0.05 c1=2.0 c2=1.0 dseta=0.001 fdmax=1.0e-25 fdmin=1.0e-100 function=6.0 lambd=0.7 n=50,0.7,0.5,0.05,2,1,0.001,1.00E-25,1.00E-100,6,0.7,50,500000,1.042899966,1024286.25
240311af,dsregpsoLSGO,3/25/2023 11:27,0:10:23,completed,Mmax=0.7 Smax=0.5 Smin=0.05 c1=2.0 c2=1.0 dseta=0.001 fdmax=1.0e-25 fdmin=1.0e-200 function=6.0 lambd=0.7 n=50,0.7,0.5,0.05,2,1,0.001,1.00E-25,1.00E-200,6,0.7,50,500000,1.042899966,1024286.25
8d57eed5,dsregpsoLSGO,3/25/2023 11:58,0:10:13,completed,Mmax=0.7 Smax=0.5 Smin=0.05 c1=2.0 c2=1.0 dseta=0.001 fdmax=1.0e-25 fdmin=1.0e-25 function=6.0 lambd=0.7 n=50,0.7,0.5,0.05,2,1,0.001,1.00E-25,1.00E-25,6,0.7,50,500000,1.048200011,1035970.25
4086922e,dsregpsoLSGO,3/25/2023 12:42,0:11:13,completed,Mmax=0.7 Smax=0.5 Smin=0.05 c1=2.0 c2=1.0 dseta=0.001 fdmax=1.0e-25 fdmin=1 function=6.0 lambd=0.7 n=50,0.7,0.5,0.05,2,1,0.001,1.00E-25,1,6,0.7,50,500000,1.072700024,1071872.875
fcd1a460,dsregpsoLSGO,3/25/2023 12:31,0:11:28,completed,Mmax=0.7 Smax=0.5 Smin=0.05 c1=2.0 c2=1.0 dseta=0.001 fdmax=1.0e-25 fdmin=0.1 function=6.0 lambd=0.7 n=50,0.7,0.5,0.05,2,1,0.001,1.00E-25,0.1,6,0.7,50,500000,1.072700024,1071872.875
97c1a68f,dsregpsoLSGO,3/25/2023 12:20,0:11:18,completed,Mmax=0.7 Smax=0.5 Smin=0.05 c1=2.0 c2=1.0 dseta=0.001 fdmax=1.0e-25 fdmin=1.0e-05 function=6.0 lambd=0.7 n=50,0.7,0.5,0.05,2,1,0.001,1.00E-25,1.00E-05,6,0.7,50,500000,1.072700024,1071872.875
43bfa8ff,dsregpsoLSGO,3/25/2023 12:08,0:11:30,completed,Mmax=0.7 Smax=0.5 Smin=0.05 c1=2.0 c2=1.0 dseta=0.001 fdmax=1.0e-25 fdmin=1.0e-10 function=6.0 lambd=0.7 n=50,0.7,0.5,0.05,2,1,0.001,1.00E-25,1.00E-10,6,0.7,50,500000,1.072700024,1071872.875
