run,operation,started,time,status,label,Mmax,Smax,Smin,c1,c2,dseta,fdmax,fdmin,function,lambd,n,step,global_best,mean_global_best
87fcef57,dsregpsoLSGO,05/09/2023 13:59,00:10:03,completed,Mmax=0.6 Smax=0.4 Smin=0.05 c1=2.0 c2=0.6 dseta=0.05 fdmax=1.0e-10 fdmin=1.0e-25 function=8.0 lambd=0.4 n=50,0.6,0.4,0.05,2,0.6,0.05,1.00E-10,1.00E-25,8,0.4,50,500000,1.097800016,1.24E+14
96687ed0,dsregpsoLSGO,05/09/2023 14:19,00:10:04,completed,Mmax=0.6 Smax=0.4 Smin=0.05 c1=2.0 c2=0.6 dseta=0.05 fdmax=1.0e-10 fdmin=1.0e-25 function=8.0 lambd=0.4 n=70,0.6,0.4,0.05,2,0.6,0.05,1.00E-10,1.00E-25,8,0.4,70,490000,1.289800048,1.35E+14
a5189842,dsregpsoLSGO,05/09/2023 14:09,00:10:02,completed,Mmax=0.6 Smax=0.4 Smin=0.05 c1=2.0 c2=0.6 dseta=0.05 fdmax=1.0e-10 fdmin=1.0e-25 function=8.0 lambd=0.4 n=60,0.6,0.4,0.05,2,0.6,0.05,1.00E-10,1.00E-25,8,0.4,60,480000,1.340800047,1.48E+14
1745b895,dsregpsoLSGO,05/09/2023 13:49,00:10:07,completed,Mmax=0.6 Smax=0.4 Smin=0.05 c1=2.0 c2=0.6 dseta=0.05 fdmax=1.0e-10 fdmin=1.0e-25 function=8.0 lambd=0.4 n=40,0.6,0.4,0.05,2,0.6,0.05,1.00E-10,1.00E-25,8,0.4,40,500000,1.899700046,1.70E+14
fb0feca0,dsregpsoLSGO,05/09/2023 15:02,00:09:20,completed,Mmax=0.6 Smax=0.4 Smin=0.05 c1=2.0 c2=0.6 dseta=0.05 fdmax=1.0e-10 fdmin=1.0e-25 function=8.0 lambd=0.4 n=90,0.6,0.4,0.05,2,0.6,0.05,1.00E-10,1.00E-25,8,0.4,90,450000,2.719700098,2.05E+14
ba2d37ad,dsregpsoLSGO,05/09/2023 13:18,00:10:33,completed,Mmax=0.6 Smax=0.4 Smin=0.05 c1=2.0 c2=0.6 dseta=0.05 fdmax=1.0e-10 fdmin=1.0e-25 function=8.0 lambd=0.4 n=10,0.6,0.4,0.05,2,0.6,0.05,1.00E-10,1.00E-25,8,0.4,10,500000,2.717999935,2.12E+14
0d506b17,dsregpsoLSGO,05/09/2023 14:29,00:10:07,completed,Mmax=0.6 Smax=0.4 Smin=0.05 c1=2.0 c2=0.6 dseta=0.05 fdmax=1.0e-10 fdmin=1.0e-25 function=8.0 lambd=0.4 n=80,0.6,0.4,0.05,2,0.6,0.05,1.00E-10,1.00E-25,8,0.4,80,500000,2.384299994,2.24E+14
644346b4,dsregpsoLSGO,05/09/2023 13:39,00:10:02,completed,Mmax=0.6 Smax=0.4 Smin=0.05 c1=2.0 c2=0.6 dseta=0.05 fdmax=1.0e-10 fdmin=1.0e-25 function=8.0 lambd=0.4 n=30,0.6,0.4,0.05,2,0.6,0.05,1.00E-10,1.00E-25,8,0.4,30,480000,3.515700102,2.48E+14
382012b1,dsregpsoLSGO,05/09/2023 13:07,00:10:59,completed,Mmax=0.6 Smax=0.4 Smin=0.05 c1=2.0 c2=0.6 dseta=0.05 fdmax=1.0e-10 fdmin=1.0e-25 function=8.0 lambd=0.4 n=5,0.6,0.4,0.05,2,0.6,0.05,1.00E-10,1.00E-25,8,0.4,5,500000,1.279199958,2.70E+14
3275899d,dsregpsoLSGO,05/09/2023 14:48,00:09:43,completed,Mmax=0.6 Smax=0.4 Smin=0.05 c1=2.0 c2=0.6 dseta=0.05 fdmax=1.0e-10 fdmin=1.0e-25 function=8.0 lambd=0.4 n=100,0.6,0.4,0.05,2,0.6,0.05,1.00E-10,1.00E-25,8,0.4,100,500000,3.42869997,2.74E+14
0b2a854d,dsregpsoLSGO,05/09/2023 13:29,00:10:11,completed,Mmax=0.6 Smax=0.4 Smin=0.05 c1=2.0 c2=0.6 dseta=0.05 fdmax=1.0e-10 fdmin=1.0e-25 function=8.0 lambd=0.4 n=20,0.6,0.4,0.05,2,0.6,0.05,1.00E-10,1.00E-25,8,0.4,20,500000,3.095299959,2.96E+14
1d5db4a9,dsregpsoLSGO,05/09/2023 12:52,00:15:24,completed,Mmax=0.6 Smax=0.4 Smin=0.05 c1=2.0 c2=0.6 dseta=0.05 fdmax=1.0e-10 fdmin=1.0e-25 function=8.0 lambd=0.4 n=1,0.6,0.4,0.05,2,0.6,0.05,1.00E-10,1.00E-25,8,0.4,1,500000,1.178599954,5.79E+14
