run,operation,started,time,status,label,Mmax,Smax,Smin,c1,c2,dseta,fdmax,fdmin,function,lambd,n,step,global_best,mean_global_best
bb19d177,dsregpsoLSGO,27/06/2023 09:50,00:08:51,completed,Mmax=0.5 Smax=0.5 Smin=0.05 c1=2.0 c2=1.0 dseta=0.5 fdmax=1 fdmin=1.0e-25 function=14.0 lambd=0.4 n=50,0.5,0.5,0.05,2,1,0.5,1,1.00E-25,14,0.4,50,500000,1.266000032,6919556096
0b10c98a,dsregpsoLSGO,27/06/2023 10:17,00:08:53,completed,Mmax=0.5 Smax=0.5 Smin=0.05 c1=2.0 c2=1.0 dseta=0.5 fdmax=1 fdmin=1.0e-25 function=14.0 lambd=0.7 n=50,0.5,0.5,0.05,2,1,0.5,1,1.00E-25,14,0.7,50,500000,1.180600047,10992588800
1bcf8f4f,dsregpsoLSGO,27/06/2023 09:59,00:08:49,completed,Mmax=0.5 Smax=0.5 Smin=0.05 c1=2.0 c2=1.0 dseta=0.5 fdmax=1 fdmin=1.0e-25 function=14.0 lambd=0.5 n=50,0.5,0.5,0.05,2,1,0.5,1,1.00E-25,14,0.5,50,500000,1.462299943,12812642304
cbc041ef,dsregpsoLSGO,27/06/2023 10:08,00:08:56,completed,Mmax=0.5 Smax=0.5 Smin=0.05 c1=2.0 c2=1.0 dseta=0.5 fdmax=1 fdmin=1.0e-25 function=14.0 lambd=0.6 n=50,0.5,0.5,0.05,2,1,0.5,1,1.00E-25,14,0.6,50,500000,5.832099915,12902203392
b9d843f9,dsregpsoLSGO,27/06/2023 09:41,00:08:50,completed,Mmax=0.5 Smax=0.5 Smin=0.05 c1=2.0 c2=1.0 dseta=0.5 fdmax=1 fdmin=1.0e-25 function=14.0 lambd=0.3 n=50,0.5,0.5,0.05,2,1,0.5,1,1.00E-25,14,0.3,50,500000,1.396299958,14596037632
4c7ce821,dsregpsoLSGO,27/06/2023 10:35,00:08:53,completed,Mmax=0.5 Smax=0.5 Smin=0.05 c1=2.0 c2=1.0 dseta=0.5 fdmax=1 fdmin=1.0e-25 function=14.0 lambd=0.9 n=50,0.5,0.5,0.05,2,1,0.5,1,1.00E-25,14,0.9,50,500000,1.590999961,14923317248
9343ba9b,dsregpsoLSGO,27/06/2023 09:32,00:08:51,completed,Mmax=0.5 Smax=0.5 Smin=0.05 c1=2.0 c2=1.0 dseta=0.5 fdmax=1 fdmin=1.0e-25 function=14.0 lambd=0.2 n=50,0.5,0.5,0.05,2,1,0.5,1,1.00E-25,14,0.2,50,500000,2.471899986,19947663360
5d7ae808,dsregpsoLSGO,27/06/2023 10:53,00:08:48,completed,Mmax=0.5 Smax=0.5 Smin=0.05 c1=2.0 c2=1.0 dseta=0.5 fdmax=1 fdmin=1.0e-25 function=14.0 lambd=1.1 n=50,0.5,0.5,0.05,2,1,0.5,1,1.00E-25,14,1.1,50,500000,3.072400093,20305205248
aaf3df7f,dsregpsoLSGO,27/06/2023 10:44,00:09:03,completed,Mmax=0.5 Smax=0.5 Smin=0.05 c1=2.0 c2=1.0 dseta=0.5 fdmax=1 fdmin=1.0e-25 function=14.0 lambd=1.0 n=50,0.5,0.5,0.05,2,1,0.5,1,1.00E-25,14,1,50,500000,3.067500114,26742095872
1225157e,dsregpsoLSGO,27/06/2023 10:26,00:09:00,completed,Mmax=0.5 Smax=0.5 Smin=0.05 c1=2.0 c2=1.0 dseta=0.5 fdmax=1 fdmin=1.0e-25 function=14.0 lambd=0.8 n=50,0.5,0.5,0.05,2,1,0.5,1,1.00E-25,14,0.8,50,500000,2.343300104,29490227200
ec5e4cb1,dsregpsoLSGO,27/06/2023 11:10,00:08:58,completed,Mmax=0.5 Smax=0.5 Smin=0.05 c1=2.0 c2=1.0 dseta=0.5 fdmax=1 fdmin=1.0e-25 function=14.0 lambd=1.3 n=50,0.5,0.5,0.05,2,1,0.5,1,1.00E-25,14,1.3,50,500000,2.578999996,33147713536
6c00448a,dsregpsoLSGO,27/06/2023 11:01,00:08:54,completed,Mmax=0.5 Smax=0.5 Smin=0.05 c1=2.0 c2=1.0 dseta=0.5 fdmax=1 fdmin=1.0e-25 function=14.0 lambd=1.2 n=50,0.5,0.5,0.05,2,1,0.5,1,1.00E-25,14,1.2,50,500000,2.274100065,33774137344
5f0ff180,dsregpsoLSGO,27/06/2023 09:23,00:09:02,completed,Mmax=0.5 Smax=0.5 Smin=0.05 c1=2.0 c2=1.0 dseta=0.5 fdmax=1 fdmin=1.0e-25 function=14.0 lambd=0.1 n=50,0.5,0.5,0.05,2,1,0.5,1,1.00E-25,14,0.1,50,500000,8.485099792,89743859712
