run,operation,started,time,status,label,Mmax,Smax,Smin,c1,c2,dseta,fdmax,fdmin,function,lambd,n,step,global_best,mean_global_best
7fc829b8,dsregpsoLSGO,2022-12-13 13:35:32,0:07:13,completed,Mmax=0.7 Smax=0.5 Smin=0.05 c1=2.0 c2=2.0 dseta=0.05 fdmax=1.0e-200 fdmin=1.0e-200 function=1.0 lambd=0.7 n=50,0.7,0.5,0.05,2.0,2.0,0.05,1e-200,1e-200,1.0,0.7,50,500000,4.354000091552734,452452000.0
2b5eef59,dsregpsoLSGO,2022-12-13 13:28:35,0:06:56,completed,Mmax=0.7 Smax=0.5 Smin=0.05 c1=2.0 c2=1.5 dseta=0.05 fdmax=1.0e-200 fdmin=1.0e-200 function=1.0 lambd=0.7 n=50,0.7,0.5,0.05,2.0,1.5,0.05,1e-200,1e-200,1.0,0.7,50,500000,6.428100109100342,5120364.5
ce9776a1,dsregpsoLSGO,2022-12-13 13:21:24,0:07:10,completed,Mmax=0.7 Smax=0.5 Smin=0.05 c1=2.0 c2=1.0 dseta=0.05 fdmax=1.0e-200 fdmin=1.0e-200 function=1.0 lambd=0.7 n=50,0.7,0.5,0.05,2.0,1.0,0.05,1e-200,1e-200,1.0,0.7,50,500000,1.4351999759674072,13594821.0
87be2127,dsregpsoLSGO,2022-12-13 13:13:29,0:07:54,completed,Mmax=0.7 Smax=0.5 Smin=0.05 c1=2.0 c2=0.5 dseta=0.05 fdmax=1.0e-200 fdmin=1.0e-200 function=1.0 lambd=0.7 n=50,0.7,0.5,0.05,2.0,0.5,0.05,1e-200,1e-200,1.0,0.7,50,500000,2.214099884033203,22646624.0
6b8da75d,dsregpsoLSGO,2022-12-13 13:04:56,0:08:32,completed,Mmax=0.7 Smax=0.5 Smin=0.05 c1=2.0 c2=0.0 dseta=0.05 fdmax=1.0e-200 fdmin=1.0e-200 function=1.0 lambd=0.7 n=50,0.7,0.5,0.05,2.0,0.0,0.05,1e-200,1e-200,1.0,0.7,50,500000,2.5934998989105225,30002896.0
