run,operation,started,time,status,label,Mmax,Smax,Smin,c1,c2,dseta,fdmax,fdmin,function,lambd,n,step,global_best,mean_global_best
36c1e832,dsregpsoLSGO,2023-01-24 15:59:47,0:07:38,completed,Mmax=0.7 Smax=0.5 Smin=0.05 c1=2.0 c2=2.0 dseta=0.5 fdmax=1.0e-05 fdmin=1.0e-100 function=3.0 lambd=0.7 n=50,0.7,0.5,0.05,2.0,2.0,0.5,1e-05,1e-100,3.0,0.7,50,500000,2.101599931716919,21.010643005371094
67e2cb63,dsregpsoLSGO,2023-01-24 15:52:27,0:07:19,completed,Mmax=0.7 Smax=0.5 Smin=0.05 c1=2.0 c2=1.5 dseta=0.5 fdmax=1.0e-05 fdmin=1.0e-100 function=3.0 lambd=0.7 n=50,0.7,0.5,0.05,2.0,1.5,0.5,1e-05,1e-100,3.0,0.7,50,500000,2.006500005722046,20.065279006958008
c013c3f0,dsregpsoLSGO,2023-01-24 15:44:54,0:07:32,completed,Mmax=0.7 Smax=0.5 Smin=0.05 c1=2.0 c2=1.0 dseta=0.5 fdmax=1.0e-05 fdmin=1.0e-100 function=3.0 lambd=0.7 n=50,0.7,0.5,0.05,2.0,1.0,0.5,1e-05,1e-100,3.0,0.7,50,500000,2.0508999824523926,20.508899688720703
10d5af8d,dsregpsoLSGO,2023-01-24 15:37:24,0:07:29,completed,Mmax=0.7 Smax=0.5 Smin=0.05 c1=2.0 c2=0.5 dseta=0.5 fdmax=1.0e-05 fdmin=1.0e-100 function=3.0 lambd=0.7 n=50,0.7,0.5,0.05,2.0,0.5,0.5,1e-05,1e-100,3.0,0.7,50,500000,2.081399917602539,20.738332748413086
7e8ec43f,dsregpsoLSGO,2023-01-24 15:29:50,0:07:33,completed,Mmax=0.7 Smax=0.5 Smin=0.05 c1=2.0 c2=0.0 dseta=0.5 fdmax=1.0e-05 fdmin=1.0e-100 function=3.0 lambd=0.7 n=50,0.7,0.5,0.05,2.0,0.0,0.5,1e-05,1e-100,3.0,0.7,50,500000,2.0868000984191895,20.844375610351562
