run,operation,started,time,status,label,Mmax,Smax,Smin,c1,c2,c3,dseta,fdmax,fdmin,function,lambd,lim_restart,n,step,global_best,mean_global_best
1737c060,dsregpsoLSGO2,2023-03-03 01:35:57,0:51:55,completed,Mmax=0.0 Smax=0.5 Smin=0.05 c1=2.0 c2=1.5 c3=1.4 dseta=0.01 fdmax=1.0e-100 fdmin=1.0e-100 function=1.0 lambd=1.1 lim_restart=60 n=40,0.0,0.5,0.05,2.0,1.5,1.4,0.01,1e-100,1e-100,1.0,1.1,60,40,3000000,5.735799789428711,0.0005351360887289047
4a3e32bf,dsregpsoLSGO2,2023-03-03 00:45:06,0:50:50,completed,Mmax=0.0 Smax=0.5 Smin=0.05 c1=2.0 c2=1.5 c3=1.2 dseta=0.01 fdmax=1.0e-100 fdmin=1.0e-100 function=1.0 lambd=1.1 lim_restart=60 n=40,0.0,0.5,0.05,2.0,1.5,1.2,0.01,1e-100,1e-100,1.0,1.1,60,40,3000000,5.735799789428711,0.0005351360887289047
c4f2f672,dsregpsoLSGO2,2023-03-02 23:54:36,0:50:29,completed,Mmax=0.0 Smax=0.5 Smin=0.05 c1=2.0 c2=1.5 c3=1.0 dseta=0.01 fdmax=1.0e-100 fdmin=1.0e-100 function=1.0 lambd=1.1 lim_restart=60 n=40,0.0,0.5,0.05,2.0,1.5,1.0,0.01,1e-100,1e-100,1.0,1.1,60,40,3000000,5.735799789428711,0.0005351360887289047
9e0470a2,dsregpsoLSGO2,2023-03-02 23:03:18,0:51:17,completed,Mmax=0.0 Smax=0.5 Smin=0.05 c1=2.0 c2=1.5 c3=0.8 dseta=0.01 fdmax=1.0e-100 fdmin=1.0e-100 function=1.0 lambd=1.1 lim_restart=60 n=40,0.0,0.5,0.05,2.0,1.5,0.8,0.01,1e-100,1e-100,1.0,1.1,60,40,3000000,5.735799789428711,0.0005351360887289047
1357060b,dsregpsoLSGO2,2023-03-02 22:11:36,0:51:40,completed,Mmax=0.0 Smax=0.5 Smin=0.05 c1=2.0 c2=1.5 c3=0.6 dseta=0.01 fdmax=1.0e-100 fdmin=1.0e-100 function=1.0 lambd=1.1 lim_restart=60 n=40,0.0,0.5,0.05,2.0,1.5,0.6,0.01,1e-100,1e-100,1.0,1.1,60,40,3000000,5.735799789428711,0.0005351360887289047
df5eebbb,dsregpsoLSGO2,2023-03-02 21:20:46,0:50:49,completed,Mmax=0.0 Smax=0.5 Smin=0.05 c1=2.0 c2=1.5 c3=0.4 dseta=0.01 fdmax=1.0e-100 fdmin=1.0e-100 function=1.0 lambd=1.1 lim_restart=60 n=40,0.0,0.5,0.05,2.0,1.5,0.4,0.01,1e-100,1e-100,1.0,1.1,60,40,3000000,5.735799789428711,0.0005351360887289047
51d969d5,dsregpsoLSGO2,2023-03-02 20:29:30,0:51:16,completed,Mmax=0.0 Smax=0.5 Smin=0.05 c1=2.0 c2=1.5 c3=0.2 dseta=0.01 fdmax=1.0e-100 fdmin=1.0e-100 function=1.0 lambd=1.1 lim_restart=60 n=40,0.0,0.5,0.05,2.0,1.5,0.2,0.01,1e-100,1e-100,1.0,1.1,60,40,3000000,5.735799789428711,0.0005351360887289047
