run,operation,started,time,status,label,Mmax,Smax,Smin,c1,c2,dseta,fdmax,fdmin,function,lambd,n,step,global_best,mean_global_best
04ace892,dsregpsoLSGO,2023-01-07 12:00:23,0:08:52,completed,Mmax=0.7 Smax=0.5 Smin=0.05 c1=2.0 c2=2.0 dseta=0.01 fdmax=0.1 fdmin=1.0e-50 function=2.0 lambd=0.7 n=50,0.7,0.5,0.05,2.0,2.0,0.01,0.1,1e-50,2.0,0.7,50,500000,1.2978999614715576,13141.57421875
c5eab4ad,dsregpsoLSGO,2023-01-07 11:51:55,0:08:28,completed,Mmax=0.7 Smax=0.5 Smin=0.05 c1=2.0 c2=1.5 dseta=0.01 fdmax=0.1 fdmin=1.0e-50 function=2.0 lambd=0.7 n=50,0.7,0.5,0.05,2.0,1.5,0.01,0.1,1e-50,2.0,0.7,50,500000,1.2700999975204468,12535.1611328125
52a4e6af,dsregpsoLSGO,2023-01-07 11:43:23,0:08:31,completed,Mmax=0.7 Smax=0.5 Smin=0.05 c1=2.0 c2=1.0 dseta=0.01 fdmax=0.1 fdmin=1.0e-50 function=2.0 lambd=0.7 n=50,0.7,0.5,0.05,2.0,1.0,0.01,0.1,1e-50,2.0,0.7,50,500000,1.9764000177383423,19721.826171875
0771e5f7,dsregpsoLSGO,2023-01-07 11:34:00,0:09:21,completed,Mmax=0.7 Smax=0.5 Smin=0.05 c1=2.0 c2=0.5 dseta=0.01 fdmax=0.1 fdmin=1.0e-50 function=2.0 lambd=0.7 n=50,0.7,0.5,0.05,2.0,0.5,0.01,0.1,1e-50,2.0,0.7,50,500000,2.3694000244140625,23768.083984375
a54fb473,dsregpsoLSGO,2023-01-07 11:25:16,0:08:43,completed,Mmax=0.7 Smax=0.5 Smin=0.05 c1=2.0 c2=0.0 dseta=0.01 fdmax=0.1 fdmin=1.0e-50 function=2.0 lambd=0.7 n=50,0.7,0.5,0.05,2.0,0.0,0.01,0.1,1e-50,2.0,0.7,50,500000,2.401900053024292,23853.865234375
