run,operation,started,time,status,label,Mmax,Smax,Smin,c1,c2,dseta,fdmax,fdmin,function,lambd,n,step,global_best,mean_global_best
ae81c7e2,dsregpsoLSGO,2023-01-06 17:15:44,0:08:01,completed,Mmax=0.7 Smax=0.5 Smin=0.05 c1=2.0 c2=1.0 dseta=0.5 fdmax=0.1 fdmin=1.0e-50 function=2.0 lambd=0.7 n=50,0.7,0.5,0.05,2.0,1.0,0.5,0.1,1e-50,2.0,0.7,50,500000,2.0627999305725098,21023.701171875
28d99367,dsregpsoLSGO,2023-01-06 17:07:57,0:07:46,completed,Mmax=0.7 Smax=0.5 Smin=0.05 c1=2.0 c2=1.0 dseta=0.1 fdmax=0.1 fdmin=1.0e-50 function=2.0 lambd=0.7 n=50,0.7,0.5,0.05,2.0,1.0,0.1,0.1,1e-50,2.0,0.7,50,500000,2.1315999031066895,20233.279296875
ed1df0dd,dsregpsoLSGO,2023-01-06 16:59:52,0:08:05,completed,Mmax=0.7 Smax=0.5 Smin=0.05 c1=2.0 c2=1.0 dseta=0.05 fdmax=0.1 fdmin=1.0e-50 function=2.0 lambd=0.7 n=50,0.7,0.5,0.05,2.0,1.0,0.05,0.1,1e-50,2.0,0.7,50,500000,1.9789999723434448,20166.162109375
3faf9de6,dsregpsoLSGO,2023-01-06 16:52:03,0:07:48,completed,Mmax=0.7 Smax=0.5 Smin=0.05 c1=2.0 c2=1.0 dseta=0.01 fdmax=0.1 fdmin=1.0e-50 function=2.0 lambd=0.7 n=50,0.7,0.5,0.05,2.0,1.0,0.01,0.1,1e-50,2.0,0.7,50,500000,1.9764000177383423,19721.826171875
d9e65768,dsregpsoLSGO,2023-01-06 16:44:12,0:07:50,completed,Mmax=0.7 Smax=0.5 Smin=0.05 c1=2.0 c2=1.0 dseta=0.001 fdmax=0.1 fdmin=1.0e-50 function=2.0 lambd=0.7 n=50,0.7,0.5,0.05,2.0,1.0,0.001,0.1,1e-50,2.0,0.7,50,500000,2.115999937057495,20788.908203125
1c6a542e,dsregpsoLSGO,2023-01-06 16:36:01,0:08:10,completed,Mmax=0.7 Smax=0.5 Smin=0.05 c1=2.0 c2=1.0 dseta=0.0001 fdmax=0.1 fdmin=1.0e-50 function=2.0 lambd=0.7 n=50,0.7,0.5,0.05,2.0,1.0,0.0001,0.1,1e-50,2.0,0.7,50,500000,2.279599905014038,24077.40234375
adf68a63,dsregpsoLSGO,2023-01-06 16:27:19,0:08:41,completed,Mmax=0.7 Smax=0.5 Smin=0.05 c1=2.0 c2=1.0 dseta=1.0e-05 fdmax=0.1 fdmin=1.0e-50 function=2.0 lambd=0.7 n=50,0.7,0.5,0.05,2.0,1.0,1e-05,0.1,1e-50,2.0,0.7,50,500000,2.5227999687194824,26076.85546875
