run,operation,started,time,status,label,Mmax,Smax,Smin,c1,c2,dseta,fdmax,fdmin,function,lambd,n,step,global_best,mean_global_best
525c6077,dsregpsoLSGO,2023-03-15 09:14:26,0:07:04,completed,Mmax=0.7 Smax=0.5 Smin=0.05 c1=2.0 c2=1.0 dseta=0.5 fdmax=0.1 fdmin=1.0e-50 function=4.0 lambd=0.7 n=50,0.7,0.5,0.05,2.0,1.0,0.5,0.1,1e-50,4.0,0.7,50,500000,3.869499921798706,94331174912.0
f684011d,dsregpsoLSGO,2023-03-15 09:07:30,0:06:55,completed,Mmax=0.7 Smax=0.5 Smin=0.05 c1=2.0 c2=1.0 dseta=0.1 fdmax=0.1 fdmin=1.0e-50 function=4.0 lambd=0.7 n=50,0.7,0.5,0.05,2.0,1.0,0.1,0.1,1e-50,4.0,0.7,50,500000,5.032199859619141,87583440896.0
66a7182b,dsregpsoLSGO,2023-03-15 09:00:23,0:07:06,completed,Mmax=0.7 Smax=0.5 Smin=0.05 c1=2.0 c2=1.0 dseta=0.05 fdmax=0.1 fdmin=1.0e-50 function=4.0 lambd=0.7 n=50,0.7,0.5,0.05,2.0,1.0,0.05,0.1,1e-50,4.0,0.7,50,500000,8.301400184631348,66850430976.0
02a4547e,dsregpsoLSGO,2023-03-15 08:53:28,0:06:54,completed,Mmax=0.7 Smax=0.5 Smin=0.05 c1=2.0 c2=1.0 dseta=0.01 fdmax=0.1 fdmin=1.0e-50 function=4.0 lambd=0.7 n=50,0.7,0.5,0.05,2.0,1.0,0.01,0.1,1e-50,4.0,0.7,50,500000,4.029900074005127,68863721472.0
a80d802c,dsregpsoLSGO,2023-03-15 08:46:05,0:07:23,completed,Mmax=0.7 Smax=0.5 Smin=0.05 c1=2.0 c2=1.0 dseta=0.001 fdmax=0.1 fdmin=1.0e-50 function=4.0 lambd=0.7 n=50,0.7,0.5,0.05,2.0,1.0,0.001,0.1,1e-50,4.0,0.7,50,500000,2.471100091934204,53807955968.0
df9eab9a,dsregpsoLSGO,2023-03-15 08:37:19,0:08:45,completed,Mmax=0.7 Smax=0.5 Smin=0.05 c1=2.0 c2=1.0 dseta=0.0001 fdmax=0.1 fdmin=1.0e-50 function=4.0 lambd=0.7 n=50,0.7,0.5,0.05,2.0,1.0,0.0001,0.1,1e-50,4.0,0.7,50,500000,4.485400199890137,65503584256.0
5c191023,dsregpsoLSGO,2023-03-15 08:28:44,0:08:33,completed,Mmax=0.7 Smax=0.5 Smin=0.05 c1=2.0 c2=1.0 dseta=1.0e-05 fdmax=0.1 fdmin=1.0e-50 function=4.0 lambd=0.7 n=50,0.7,0.5,0.05,2.0,1.0,1e-05,0.1,1e-50,4.0,0.7,50,500000,1.013700008392334,109873389568.0
