run,operation,started,time,status,label,Mmax,Smax,Smin,c1,c2,dseta,fdmax,fdmin,function,lambd,n,step,global_best,mean_global_best
e85c0216,dsregpsoLSGO,2022-12-09 15:23:45,0:09:44,completed,Mmax=0.7 Smax=0.5 Smin=0.05 c1=2.0 c2=1.0 dseta=0.5 fdmax=1.0e-200 fdmin=1.0e-200 function=1.0 lambd=0.7 n=50,0.7,0.5,0.05,2.0,1.0,0.5,1e-200,1e-200,1.0,0.7,50,500000,1.483299970626831,14313245.0
36148a90,dsregpsoLSGO,2022-12-09 15:14:06,0:09:38,completed,Mmax=0.7 Smax=0.5 Smin=0.05 c1=2.0 c2=1.0 dseta=0.1 fdmax=1.0e-200 fdmin=1.0e-200 function=1.0 lambd=0.7 n=50,0.7,0.5,0.05,2.0,1.0,0.1,1e-200,1e-200,1.0,0.7,50,500000,1.5563000440597534,15707787.0
0a716cfc,dsregpsoLSGO,2022-12-09 15:04:40,0:09:25,completed,Mmax=0.7 Smax=0.5 Smin=0.05 c1=2.0 c2=1.0 dseta=0.05 fdmax=1.0e-200 fdmin=1.0e-200 function=1.0 lambd=0.7 n=50,0.7,0.5,0.05,2.0,1.0,0.05,1e-200,1e-200,1.0,0.7,50,500000,1.4351999759674072,13594821.0
0bf4a8ac,dsregpsoLSGO,2022-12-09 14:56:32,0:08:07,completed,Mmax=0.7 Smax=0.5 Smin=0.05 c1=2.0 c2=1.0 dseta=0.01 fdmax=1.0e-200 fdmin=1.0e-200 function=1.0 lambd=0.7 n=50,0.7,0.5,0.05,2.0,1.0,0.01,1e-200,1e-200,1.0,0.7,50,500000,1.2304999828338623,14016469.0
508a03d4,dsregpsoLSGO,2022-12-09 14:49:30,0:07:01,completed,Mmax=0.7 Smax=0.5 Smin=0.05 c1=2.0 c2=1.0 dseta=0.001 fdmax=1.0e-200 fdmin=1.0e-200 function=1.0 lambd=0.7 n=50,0.7,0.5,0.05,2.0,1.0,0.001,1e-200,1e-200,1.0,0.7,50,500000,6.223400115966797,59086456.0
744ad547,dsregpsoLSGO,2022-12-09 14:42:39,0:06:50,completed,Mmax=0.7 Smax=0.5 Smin=0.05 c1=2.0 c2=1.0 dseta=0.0001 fdmax=1.0e-200 fdmin=1.0e-200 function=1.0 lambd=0.7 n=50,0.7,0.5,0.05,2.0,1.0,0.0001,1e-200,1e-200,1.0,0.7,50,500000,5.312300205230713,487993760.0
66022f29,dsregpsoLSGO,2022-12-09 14:35:25,0:07:14,completed,Mmax=0.7 Smax=0.5 Smin=0.05 c1=2.0 c2=1.0 dseta=1.0e-05 fdmax=1.0e-200 fdmin=1.0e-200 function=1.0 lambd=0.7 n=50,0.7,0.5,0.05,2.0,1.0,1e-05,1e-200,1e-200,1.0,0.7,50,500000,2.3803999423980713,2040738560.0
