run,operation,started,time,status,label,Mmax,Smax,Smin,c1,c2,c3,dseta,fdmax,fdmin,function,lambd,lim_restart,n,step,global_best,mean_global_best
e1aafdb9,dsregpsoLSGO2,2023-02-23 13:10:40,0:08:31,completed,Mmax=0.7 Smax=0.5 Smin=0.05 c1=2.0 c2=1.0 c3=1.0 dseta=0.5 fdmax=1.0e-100 fdmin=1.0e-100 function=1.0 lambd=0.7 lim_restart=120 n=50,0.7,0.5,0.05,2.0,1.0,1.0,0.5,1e-100,1e-100,1.0,0.7,120,50,500000,1.7208000421524048,19168474.0
b0400d1f,dsregpsoLSGO2,2023-02-23 13:01:57,0:08:42,completed,Mmax=0.7 Smax=0.5 Smin=0.05 c1=2.0 c2=1.0 c3=1.0 dseta=0.1 fdmax=1.0e-100 fdmin=1.0e-100 function=1.0 lambd=0.7 lim_restart=120 n=50,0.7,0.5,0.05,2.0,1.0,1.0,0.1,1e-100,1e-100,1.0,0.7,120,50,500000,1.9701999425888062,19114254.0
d97119ea,dsregpsoLSGO2,2023-02-23 12:53:15,0:08:40,completed,Mmax=0.7 Smax=0.5 Smin=0.05 c1=2.0 c2=1.0 c3=1.0 dseta=0.05 fdmax=1.0e-100 fdmin=1.0e-100 function=1.0 lambd=0.7 lim_restart=120 n=50,0.7,0.5,0.05,2.0,1.0,1.0,0.05,1e-100,1e-100,1.0,0.7,120,50,500000,1.944000005722046,18748362.0
a91e06a7,dsregpsoLSGO2,2023-02-23 12:44:38,0:08:36,completed,Mmax=0.7 Smax=0.5 Smin=0.05 c1=2.0 c2=1.0 c3=1.0 dseta=0.01 fdmax=1.0e-100 fdmin=1.0e-100 function=1.0 lambd=0.7 lim_restart=120 n=50,0.7,0.5,0.05,2.0,1.0,1.0,0.01,1e-100,1e-100,1.0,0.7,120,50,500000,1.277899980545044,12807830.0
bd69217e,dsregpsoLSGO2,2023-02-23 12:36:06,0:08:31,completed,Mmax=0.7 Smax=0.5 Smin=0.05 c1=2.0 c2=1.0 c3=1.0 dseta=0.001 fdmax=1.0e-100 fdmin=1.0e-100 function=1.0 lambd=0.7 lim_restart=120 n=50,0.7,0.5,0.05,2.0,1.0,1.0,0.001,1e-100,1e-100,1.0,0.7,120,50,500000,5.493800163269043,59960952.0
3f4711ae,dsregpsoLSGO2,2023-02-23 12:27:35,0:08:30,completed,Mmax=0.7 Smax=0.5 Smin=0.05 c1=2.0 c2=1.0 c3=1.0 dseta=0.0001 fdmax=1.0e-100 fdmin=1.0e-100 function=1.0 lambd=0.7 lim_restart=120 n=50,0.7,0.5,0.05,2.0,1.0,1.0,0.0001,1e-100,1e-100,1.0,0.7,120,50,500000,4.270199775695801,445903584.0
ca448592,dsregpsoLSGO2,2023-02-23 12:19:03,0:08:31,completed,Mmax=0.7 Smax=0.5 Smin=0.05 c1=2.0 c2=1.0 c3=1.0 dseta=1.0e-05 fdmax=1.0e-100 fdmin=1.0e-100 function=1.0 lambd=0.7 lim_restart=120 n=50,0.7,0.5,0.05,2.0,1.0,1.0,1e-05,1e-100,1e-100,1.0,0.7,120,50,500000,1.794700026512146,2014907520.0
