run,operation,started,time,status,label,Mmax,Smax,Smin,c1,c2,dseta,fdmax,fdmin,function,lambd,n,step,global_best,mean_global_best
5da0fe37,dsregpsoLSGO,2023-04-29 16:10:51,0:10:16,completed,Mmax=0.7 Smax=0.5 Smin=0.05 c1=2.0 c2=1.0 dseta=0.5 fdmax=1.0e-10 fdmin=1.0e-25 function=8.0 lambd=0.7 n=50,0.7,0.5,0.05,2.0,1.0,0.5,1e-10,1e-25,8.0,0.7,50,500000,1.7668999433517456,1040353218002944.0
8b7a1600,dsregpsoLSGO,2023-04-29 16:00:39,0:10:11,completed,Mmax=0.7 Smax=0.5 Smin=0.05 c1=2.0 c2=1.0 dseta=0.1 fdmax=1.0e-10 fdmin=1.0e-25 function=8.0 lambd=0.7 n=50,0.7,0.5,0.05,2.0,1.0,0.1,1e-10,1e-25,8.0,0.7,50,500000,2.4075000286102295,698854261391360.0
56d53c8a,dsregpsoLSGO,2023-04-29 15:50:19,0:10:19,completed,Mmax=0.7 Smax=0.5 Smin=0.05 c1=2.0 c2=1.0 dseta=0.05 fdmax=1.0e-10 fdmin=1.0e-25 function=8.0 lambd=0.7 n=50,0.7,0.5,0.05,2.0,1.0,0.05,1e-10,1e-25,8.0,0.7,50,500000,1.386299967765808,232655543074816.0
d8cee404,dsregpsoLSGO,2023-04-29 15:40:02,0:10:16,completed,Mmax=0.7 Smax=0.5 Smin=0.05 c1=2.0 c2=1.0 dseta=0.01 fdmax=1.0e-10 fdmin=1.0e-25 function=8.0 lambd=0.7 n=50,0.7,0.5,0.05,2.0,1.0,0.01,1e-10,1e-25,8.0,0.7,50,500000,1.2871999740600586,1893077165801472.0
6a19a31d,dsregpsoLSGO,2023-04-29 15:29:27,0:10:35,completed,Mmax=0.7 Smax=0.5 Smin=0.05 c1=2.0 c2=1.0 dseta=0.001 fdmax=1.0e-10 fdmin=1.0e-25 function=8.0 lambd=0.7 n=50,0.7,0.5,0.05,2.0,1.0,0.001,1e-10,1e-25,8.0,0.7,50,500000,1.8077000379562378,265554791235584.0
64795cb6,dsregpsoLSGO,2023-04-29 15:18:14,0:11:12,completed,Mmax=0.7 Smax=0.5 Smin=0.05 c1=2.0 c2=1.0 dseta=0.0001 fdmax=1.0e-10 fdmin=1.0e-25 function=8.0 lambd=0.7 n=50,0.7,0.5,0.05,2.0,1.0,0.0001,1e-10,1e-25,8.0,0.7,50,500000,5.918900012969971,439132555837440.0
1f8fda19,dsregpsoLSGO,2023-04-29 15:06:45,0:11:28,completed,Mmax=0.7 Smax=0.5 Smin=0.05 c1=2.0 c2=1.0 dseta=1.0e-05 fdmax=1.0e-10 fdmin=1.0e-25 function=8.0 lambd=0.7 n=50,0.7,0.5,0.05,2.0,1.0,1e-05,1e-10,1e-25,8.0,0.7,50,500000,5.580100059509277,412419134324736.0
