run,operation,started,time,status,label,Mmax,Smax,Smin,c1,c2,dseta,fdmax,fdmin,function,lambd,n,step,global_best,mean_global_best
e87fc314,dsregpsoLSGO,2023-04-01 13:21:39,0:09:36,completed,Mmax=0.7 Smax=0.5 Smin=0.05 c1=2.0 c2=1.0 dseta=0.5 fdmax=1.0e-25 fdmin=1.0e-50 function=6.0 lambd=0.7 n=50,0.7,0.5,0.05,2.0,1.0,0.5,1e-25,1e-50,6.0,0.7,50,500000,1.0413000583648682,1035304.9375
187dc078,dsregpsoLSGO,2023-04-01 13:12:58,0:08:40,completed,Mmax=0.7 Smax=0.5 Smin=0.05 c1=2.0 c2=1.0 dseta=0.1 fdmax=1.0e-25 fdmin=1.0e-50 function=6.0 lambd=0.7 n=50,0.7,0.5,0.05,2.0,1.0,0.1,1e-25,1e-50,6.0,0.7,50,500000,1.0413000583648682,1035304.9375
4da31940,dsregpsoLSGO,2023-04-01 13:04:31,0:08:26,completed,Mmax=0.7 Smax=0.5 Smin=0.05 c1=2.0 c2=1.0 dseta=0.05 fdmax=1.0e-25 fdmin=1.0e-50 function=6.0 lambd=0.7 n=50,0.7,0.5,0.05,2.0,1.0,0.05,1e-25,1e-50,6.0,0.7,50,500000,1.0413000583648682,1035304.9375
43e5e7cd,dsregpsoLSGO,2023-04-01 12:56:06,0:08:24,completed,Mmax=0.7 Smax=0.5 Smin=0.05 c1=2.0 c2=1.0 dseta=0.01 fdmax=1.0e-25 fdmin=1.0e-50 function=6.0 lambd=0.7 n=50,0.7,0.5,0.05,2.0,1.0,0.01,1e-25,1e-50,6.0,0.7,50,500000,1.0413000583648682,1035304.9375
e2b9501e,dsregpsoLSGO,2023-04-01 12:47:28,0:08:37,completed,Mmax=0.7 Smax=0.5 Smin=0.05 c1=2.0 c2=1.0 dseta=0.001 fdmax=1.0e-25 fdmin=1.0e-50 function=6.0 lambd=0.7 n=50,0.7,0.5,0.05,2.0,1.0,0.001,1e-25,1e-50,6.0,0.7,50,500000,1.0428999662399292,1024286.25
25277df7,dsregpsoLSGO,2023-04-01 12:38:52,0:08:35,completed,Mmax=0.7 Smax=0.5 Smin=0.05 c1=2.0 c2=1.0 dseta=0.0001 fdmax=1.0e-25 fdmin=1.0e-50 function=6.0 lambd=0.7 n=50,0.7,0.5,0.05,2.0,1.0,0.0001,1e-25,1e-50,6.0,0.7,50,500000,1.0465999841690063,1030272.3125
1c9416f3,dsregpsoLSGO,2023-04-01 12:30:15,0:08:36,completed,Mmax=0.7 Smax=0.5 Smin=0.05 c1=2.0 c2=1.0 dseta=1.0e-05 fdmax=1.0e-25 fdmin=1.0e-50 function=6.0 lambd=0.7 n=50,0.7,0.5,0.05,2.0,1.0,1e-05,1e-25,1e-50,6.0,0.7,50,500000,1.0455000400543213,1029760.25
