run,operation,started,time,status,label,Mmax,Smax,Smin,c1,c2,dseta,fdmax,fdmin,function,lambd,n,step,global_best,mean_global_best
9d1e08fe,dsregpsoLSGO,2023-01-24 12:32:08,0:07:33,completed,Mmax=0.7 Smax=0.5 Smin=0.05 c1=2.0 c2=1.5 dseta=0.5 fdmax=1.0e-05 fdmin=1.0e-100 function=3.0 lambd=0.7 n=50,0.7,0.5,0.05,2.0,1.5,0.5,1e-05,1e-100,3.0,0.7,50,500000,2.006500005722046,20.065279006958008
d5268d03,dsregpsoLSGO,2023-01-24 12:24:51,0:07:16,completed,Mmax=0.7 Smax=0.5 Smin=0.05 c1=2.0 c2=1.5 dseta=0.1 fdmax=1.0e-05 fdmin=1.0e-100 function=3.0 lambd=0.7 n=50,0.7,0.5,0.05,2.0,1.5,0.1,1e-05,1e-100,3.0,0.7,50,500000,2.006500005722046,20.065279006958008
83be8b41,dsregpsoLSGO,2023-01-24 12:17:25,0:07:25,completed,Mmax=0.7 Smax=0.5 Smin=0.05 c1=2.0 c2=1.5 dseta=0.05 fdmax=1.0e-05 fdmin=1.0e-100 function=3.0 lambd=0.7 n=50,0.7,0.5,0.05,2.0,1.5,0.05,1e-05,1e-100,3.0,0.7,50,500000,2.006500005722046,20.065279006958008
83cce321,dsregpsoLSGO,2023-01-24 12:10:07,0:07:17,completed,Mmax=0.7 Smax=0.5 Smin=0.05 c1=2.0 c2=1.5 dseta=0.01 fdmax=1.0e-05 fdmin=1.0e-100 function=3.0 lambd=0.7 n=50,0.7,0.5,0.05,2.0,1.5,0.01,1e-05,1e-100,3.0,0.7,50,500000,2.006500005722046,20.065279006958008
1a53c54d,dsregpsoLSGO,2023-01-24 12:02:40,0:07:27,completed,Mmax=0.7 Smax=0.5 Smin=0.05 c1=2.0 c2=1.5 dseta=0.001 fdmax=1.0e-05 fdmin=1.0e-100 function=3.0 lambd=0.7 n=50,0.7,0.5,0.05,2.0,1.5,0.001,1e-05,1e-100,3.0,0.7,50,500000,2.007200002670288,20.06951141357422
1de28d7b,dsregpsoLSGO,2023-01-24 11:55:24,0:07:15,completed,Mmax=0.7 Smax=0.5 Smin=0.05 c1=2.0 c2=1.5 dseta=0.0001 fdmax=1.0e-05 fdmin=1.0e-100 function=3.0 lambd=0.7 n=50,0.7,0.5,0.05,2.0,1.5,0.0001,1e-05,1e-100,3.0,0.7,50,500000,2.020400047302246,20.101810455322266
2952b12a,dsregpsoLSGO,2023-01-24 11:47:42,0:07:41,completed,Mmax=0.7 Smax=0.5 Smin=0.05 c1=2.0 c2=1.5 dseta=1.0e-05 fdmax=1.0e-05 fdmin=1.0e-100 function=3.0 lambd=0.7 n=50,0.7,0.5,0.05,2.0,1.5,1e-05,1e-05,1e-100,3.0,0.7,50,500000,2.017699956893921,20.091291427612305
