run,operation,started,time,status,label,Mmax,Smax,Smin,c1,c2,c3,dseta,fdmax,fdmin,function,lambd,lim_restart,n,step,global_best,mean_global_best
1a047c9f,dsregpsoLSGO2,2023-03-07 09:15:48,0:09:23,completed,Mmax=0.7 Smax=0.5 Smin=0.05 c1=2.0 c2=1.0 c3=1.0 dseta=0.5 fdmax=0.1 fdmin=1.0e-200 function=2.0 lambd=0.7 lim_restart=120 n=50,0.7,0.5,0.05,2.0,1.0,1.0,0.5,0.1,1e-200,2.0,0.7,120,50,500000,2.0785000324249268,21192.55078125
ed7b5e7b,dsregpsoLSGO2,2023-03-07 09:06:25,0:09:22,completed,Mmax=0.7 Smax=0.5 Smin=0.05 c1=2.0 c2=1.0 c3=1.0 dseta=0.1 fdmax=0.1 fdmin=1.0e-200 function=2.0 lambd=0.7 lim_restart=120 n=50,0.7,0.5,0.05,2.0,1.0,1.0,0.1,0.1,1e-200,2.0,0.7,120,50,500000,2.0088000297546387,20542.625
88765f3e,dsregpsoLSGO2,2023-03-07 08:56:55,0:09:29,completed,Mmax=0.7 Smax=0.5 Smin=0.05 c1=2.0 c2=1.0 c3=1.0 dseta=0.05 fdmax=0.1 fdmin=1.0e-200 function=2.0 lambd=0.7 lim_restart=120 n=50,0.7,0.5,0.05,2.0,1.0,1.0,0.05,0.1,1e-200,2.0,0.7,120,50,500000,1.8997999429702759,20367.267578125
5ce8c47b,dsregpsoLSGO2,2023-03-07 08:47:31,0:09:24,completed,Mmax=0.7 Smax=0.5 Smin=0.05 c1=2.0 c2=1.0 c3=1.0 dseta=0.01 fdmax=0.1 fdmin=1.0e-200 function=2.0 lambd=0.7 lim_restart=120 n=50,0.7,0.5,0.05,2.0,1.0,1.0,0.01,0.1,1e-200,2.0,0.7,120,50,500000,1.9012000560760498,20055.240234375
e43b2035,dsregpsoLSGO2,2023-03-07 08:38:07,0:09:22,completed,Mmax=0.7 Smax=0.5 Smin=0.05 c1=2.0 c2=1.0 c3=1.0 dseta=0.001 fdmax=0.1 fdmin=1.0e-200 function=2.0 lambd=0.7 lim_restart=120 n=50,0.7,0.5,0.05,2.0,1.0,1.0,0.001,0.1,1e-200,2.0,0.7,120,50,500000,2.1338999271392822,20641.177734375
e73d1aeb,dsregpsoLSGO2,2023-03-07 08:28:44,0:09:22,completed,Mmax=0.7 Smax=0.5 Smin=0.05 c1=2.0 c2=1.0 c3=1.0 dseta=0.0001 fdmax=0.1 fdmin=1.0e-200 function=2.0 lambd=0.7 lim_restart=120 n=50,0.7,0.5,0.05,2.0,1.0,1.0,0.0001,0.1,1e-200,2.0,0.7,120,50,500000,2.374799966812134,24046.623046875
2e535fc9,dsregpsoLSGO2,2023-03-07 08:18:55,0:09:48,completed,Mmax=0.7 Smax=0.5 Smin=0.05 c1=2.0 c2=1.0 c3=1.0 dseta=1.0e-05 fdmax=0.1 fdmin=1.0e-200 function=2.0 lambd=0.7 lim_restart=120 n=50,0.7,0.5,0.05,2.0,1.0,1.0,1e-05,0.1,1e-200,2.0,0.7,120,50,500000,2.648699998855591,26164.98046875
