run,operation,started,time,status,label,Mmax,Smax,Smin,c1,c2,dseta,fdmax,fdmin,function,lambd,n,step,global_best,mean_global_best
535f008e,dsregpsoLSGO,2023-04-11 10:01:23,0:03:56,completed,Mmax=0.7 Smax=0.5 Smin=0.05 c1=2.0 c2=1.0 dseta=0.5 fdmax=1.0e-10 fdmin=1.0e-50 function=7.0 lambd=0.7 n=50,0.7,0.5,0.05,2.0,1.0,0.5,1e-10,1e-50,7.0,0.7,50,500000,3.5322000980377197,65294212.0
6d496a8b,dsregpsoLSGO,2023-04-11 09:57:30,0:03:52,completed,Mmax=0.7 Smax=0.5 Smin=0.05 c1=2.0 c2=1.0 dseta=0.1 fdmax=1.0e-10 fdmin=1.0e-50 function=7.0 lambd=0.7 n=50,0.7,0.5,0.05,2.0,1.0,0.1,1e-10,1e-50,7.0,0.7,50,500000,3.6677000522613525,239292512.0
746a7eac,dsregpsoLSGO,2023-04-11 09:53:33,0:03:56,completed,Mmax=0.7 Smax=0.5 Smin=0.05 c1=2.0 c2=1.0 dseta=0.05 fdmax=1.0e-10 fdmin=1.0e-50 function=7.0 lambd=0.7 n=50,0.7,0.5,0.05,2.0,1.0,0.05,1e-10,1e-50,7.0,0.7,50,500000,4.227200031280518,64779596.0
3dced7bb,dsregpsoLSGO,2023-04-11 09:49:42,0:03:51,completed,Mmax=0.7 Smax=0.5 Smin=0.05 c1=2.0 c2=1.0 dseta=0.01 fdmax=1.0e-10 fdmin=1.0e-50 function=7.0 lambd=0.7 n=50,0.7,0.5,0.05,2.0,1.0,0.01,1e-10,1e-50,7.0,0.7,50,500000,3.152600049972534,52109500.0
71d3bbe2,dsregpsoLSGO,2023-04-11 09:45:32,0:04:09,completed,Mmax=0.7 Smax=0.5 Smin=0.05 c1=2.0 c2=1.0 dseta=0.001 fdmax=1.0e-10 fdmin=1.0e-50 function=7.0 lambd=0.7 n=50,0.7,0.5,0.05,2.0,1.0,0.001,1e-10,1e-50,7.0,0.7,50,500000,1.333799958229065,100550728.0
fb5ac21b,dsregpsoLSGO,2023-04-11 09:41:02,0:04:29,completed,Mmax=0.7 Smax=0.5 Smin=0.05 c1=2.0 c2=1.0 dseta=0.0001 fdmax=1.0e-10 fdmin=1.0e-50 function=7.0 lambd=0.7 n=50,0.7,0.5,0.05,2.0,1.0,0.0001,1e-10,1e-50,7.0,0.7,50,500000,4.646699905395508,404811072.0
88e6586a,dsregpsoLSGO,2023-04-11 09:36:29,0:04:32,completed,Mmax=0.7 Smax=0.5 Smin=0.05 c1=2.0 c2=1.0 dseta=1.0e-05 fdmax=1.0e-10 fdmin=1.0e-50 function=7.0 lambd=0.7 n=50,0.7,0.5,0.05,2.0,1.0,1e-05,1e-10,1e-50,7.0,0.7,50,500000,1.2101999521255493,1148879616.0
