run,operation,started,time,status,label,Mmax,Smax,Smin,c1,c2,dseta,fdmax,fdmin,function,lambd,n,step,global_best,mean_global_best
c53350e5,dsregpsoLSGO,2022-11-20 00:07:19,1:06:39,completed,Mmax=0.0 Smax=0.1 Smin=0.01 c1=2.0 c2=2.0 dseta=0.5 fdmax=1.0e-10 fdmin=1.0e-10 function=1.0 lambd=0.1 n=1,0.0,0.1,0.01,2.0,2.0,0.5,1e-10,1e-10,1.0,0.1,1,3000000,1.3997999429702759,1692377.375
0d5f7d14,dsregpsoLSGO,2022-11-19 22:59:44,1:07:33,completed,Mmax=0.0 Smax=0.1 Smin=0.01 c1=2.0 c2=2.0 dseta=0.1 fdmax=1.0e-10 fdmin=1.0e-10 function=1.0 lambd=0.1 n=1,0.0,0.1,0.01,2.0,2.0,0.1,1e-10,1e-10,1.0,0.1,1,3000000,1.3997999429702759,1742421.125
ceaa8b69,dsregpsoLSGO,2022-11-19 21:52:35,1:07:09,completed,Mmax=0.0 Smax=0.1 Smin=0.01 c1=2.0 c2=2.0 dseta=0.05 fdmax=1.0e-10 fdmin=1.0e-10 function=1.0 lambd=0.1 n=1,0.0,0.1,0.01,2.0,2.0,0.05,1e-10,1e-10,1.0,0.1,1,3000000,1.6660000085830688,1544768.625
a52f1012,dsregpsoLSGO,2022-11-19 20:45:23,1:07:11,completed,Mmax=0.0 Smax=0.1 Smin=0.01 c1=2.0 c2=2.0 dseta=0.01 fdmax=1.0e-10 fdmin=1.0e-10 function=1.0 lambd=0.1 n=1,0.0,0.1,0.01,2.0,2.0,0.01,1e-10,1e-10,1.0,0.1,1,3000000,2.035799980163574,1622768.125
041ce00d,dsregpsoLSGO,2022-11-19 19:38:04,1:07:18,completed,Mmax=0.0 Smax=0.1 Smin=0.01 c1=2.0 c2=2.0 dseta=0.001 fdmax=1.0e-10 fdmin=1.0e-10 function=1.0 lambd=0.1 n=1,0.0,0.1,0.01,2.0,2.0,0.001,1e-10,1e-10,1.0,0.1,1,3000000,1.556399941444397,1411244.375
c04a0731,dsregpsoLSGO,2022-11-19 18:31:14,1:06:49,completed,Mmax=0.0 Smax=0.1 Smin=0.01 c1=2.0 c2=2.0 dseta=0.0001 fdmax=1.0e-10 fdmin=1.0e-10 function=1.0 lambd=0.1 n=1,0.0,0.1,0.01,2.0,2.0,0.0001,1e-10,1e-10,1.0,0.1,1,3000000,2.2032999992370605,2262339.75
1dc79eb4,dsregpsoLSGO,2022-11-19 17:23:39,1:07:35,completed,Mmax=0.0 Smax=0.1 Smin=0.01 c1=2.0 c2=2.0 dseta=1.0e-05 fdmax=1.0e-10 fdmin=1.0e-10 function=1.0 lambd=0.1 n=1,0.0,0.1,0.01,2.0,2.0,1e-05,1e-10,1e-10,1.0,0.1,1,3000000,3.243000030517578,3533675.5
018ac33a,dsregpsoLSGO,2022-11-19 16:17:03,1:06:35,completed,Mmax=0.0 Smax=0.1 Smin=0.01 c1=2.0 c2=2.0 dseta=1.0e-06 fdmax=1.0e-10 fdmin=1.0e-10 function=1.0 lambd=0.1 n=1,0.0,0.1,0.01,2.0,2.0,1e-06,1e-10,1e-10,1.0,0.1,1,3000000,3.7137999534606934,3735613.75
01eb2930,dsregpsoLSGO,2022-11-19 15:09:52,1:07:10,completed,Mmax=0.0 Smax=0.1 Smin=0.01 c1=2.0 c2=2.0 dseta=1.0e-07 fdmax=1.0e-10 fdmin=1.0e-10 function=1.0 lambd=0.1 n=1,0.0,0.1,0.01,2.0,2.0,1e-07,1e-10,1e-10,1.0,0.1,1,3000000,4.10230016708374,3949004.25
2825dc4c,dsregpsoLSGO,2022-11-19 14:03:18,1:06:34,completed,Mmax=0.0 Smax=0.1 Smin=0.01 c1=2.0 c2=2.0 dseta=1.0e-08 fdmax=1.0e-10 fdmin=1.0e-10 function=1.0 lambd=0.1 n=1,0.0,0.1,0.01,2.0,2.0,1e-08,1e-10,1e-10,1.0,0.1,1,3000000,3.641400098800659,3879377.25
1945adac,dsregpsoLSGO,2022-11-19 12:52:16,1:11:01,completed,Mmax=0.0 Smax=0.1 Smin=0.01 c1=2.0 c2=2.0 dseta=1.0e-09 fdmax=1.0e-10 fdmin=1.0e-10 function=1.0 lambd=0.1 n=1,0.0,0.1,0.01,2.0,2.0,1e-09,1e-10,1e-10,1.0,0.1,1,3000000,3.500499963760376,3872926.5
06e56800,dsregpsoLSGO,2022-11-19 11:39:21,1:12:54,completed,Mmax=0.0 Smax=0.1 Smin=0.01 c1=2.0 c2=2.0 dseta=1.0e-10 fdmax=1.0e-10 fdmin=1.0e-10 function=1.0 lambd=0.1 n=1,0.0,0.1,0.01,2.0,2.0,1e-10,1e-10,1e-10,1.0,0.1,1,3000000,3.500499963760376,3872926.5
