run,operation,started,time,status,label,Mmax,Smax,Smin,c1,c2,c3,dseta,fdmax,fdmin,function,lambd,lim_restart,n,step,global_best,mean_global_best
25491a14,dsregpsoLSGO2,2023-03-04 12:47:40,0:09:41,completed,Mmax=0.7 Smax=0.5 Smin=0.05 c1=2.0 c2=1.0 c3=1.0 dseta=0.001 fdmax=1 fdmin=1.0e-200 function=2.0 lambd=0.7 lim_restart=120 n=50,0.7,0.5,0.05,2.0,1.0,1.0,0.001,1,1e-200,2.0,0.7,120,50,500000,2.4179000854492188,23391.828125
5f543b56,dsregpsoLSGO2,2023-03-04 12:38:19,0:09:19,completed,Mmax=0.7 Smax=0.5 Smin=0.05 c1=2.0 c2=1.0 c3=1.0 dseta=0.001 fdmax=0.1 fdmin=1.0e-200 function=2.0 lambd=0.7 lim_restart=120 n=50,0.7,0.5,0.05,2.0,1.0,1.0,0.001,0.1,1e-200,2.0,0.7,120,50,500000,2.1338999271392822,20641.177734375
6f178507,dsregpsoLSGO2,2023-03-04 12:29:01,0:09:17,completed,Mmax=0.7 Smax=0.5 Smin=0.05 c1=2.0 c2=1.0 c3=1.0 dseta=0.001 fdmax=1.0e-05 fdmin=1.0e-200 function=2.0 lambd=0.7 lim_restart=120 n=50,0.7,0.5,0.05,2.0,1.0,1.0,0.001,1e-05,1e-200,2.0,0.7,120,50,500000,2.234499931335449,21963.642578125
6f78eedb,dsregpsoLSGO2,2023-03-04 12:19:38,0:09:22,completed,Mmax=0.7 Smax=0.5 Smin=0.05 c1=2.0 c2=1.0 c3=1.0 dseta=0.001 fdmax=1.0e-10 fdmin=1.0e-200 function=2.0 lambd=0.7 lim_restart=120 n=50,0.7,0.5,0.05,2.0,1.0,1.0,0.001,1e-10,1e-200,2.0,0.7,120,50,500000,2.249000072479248,22246.388671875
2305578b,dsregpsoLSGO2,2023-03-04 12:10:13,0:09:24,completed,Mmax=0.7 Smax=0.5 Smin=0.05 c1=2.0 c2=1.0 c3=1.0 dseta=0.001 fdmax=1.0e-25 fdmin=1.0e-200 function=2.0 lambd=0.7 lim_restart=120 n=50,0.7,0.5,0.05,2.0,1.0,1.0,0.001,1e-25,1e-200,2.0,0.7,120,50,500000,2.1907999515533447,22049.8671875
0634aa06,dsregpsoLSGO2,2023-03-04 12:00:43,0:09:29,completed,Mmax=0.7 Smax=0.5 Smin=0.05 c1=2.0 c2=1.0 c3=1.0 dseta=0.001 fdmax=1.0e-50 fdmin=1.0e-200 function=2.0 lambd=0.7 lim_restart=120 n=50,0.7,0.5,0.05,2.0,1.0,1.0,0.001,1e-50,1e-200,2.0,0.7,120,50,500000,2.3029000759124756,22131.486328125
eadf8098,dsregpsoLSGO2,2023-03-04 11:51:07,0:09:35,completed,Mmax=0.7 Smax=0.5 Smin=0.05 c1=2.0 c2=1.0 c3=1.0 dseta=0.001 fdmax=1.0e-100 fdmin=1.0e-200 function=2.0 lambd=0.7 lim_restart=120 n=50,0.7,0.5,0.05,2.0,1.0,1.0,0.001,1e-100,1e-200,2.0,0.7,120,50,500000,2.2994000911712646,22271.818359375
ceb66920,dsregpsoLSGO2,2023-03-04 11:41:36,0:09:29,completed,Mmax=0.7 Smax=0.5 Smin=0.05 c1=2.0 c2=1.0 c3=1.0 dseta=0.001 fdmax=1.0e-200 fdmin=1.0e-200 function=2.0 lambd=0.7 lim_restart=120 n=50,0.7,0.5,0.05,2.0,1.0,1.0,0.001,1e-200,1e-200,2.0,0.7,120,50,500000,2.2629001140594482,22878.91796875
