run,operation,started,time,status,label,Mmax,Smax,Smin,c1,c2,dseta,fdmax,fdmin,function,lambd,n,step,global_best,mean_global_best
a4afa23b,dsregpsoLSGO,2022-11-16 22:00:25,1:06:39,completed,Mmax=0.0 Smax=0.1 Smin=0.01 c1=2.0 c2=2.0 dseta=1.0e-10 fdmax=1 fdmin=1.0e-200 function=1.0 lambd=0.1 n=1,0.0,0.1,0.01,2.0,2.0,1e-10,1,1e-200,1.0,0.1,1,3000000,2.509700059890747,262936690688.0
2bbe946b,dsregpsoLSGO,2022-11-16 20:53:00,1:07:25,completed,Mmax=0.0 Smax=0.1 Smin=0.01 c1=2.0 c2=2.0 dseta=1.0e-10 fdmax=0.1 fdmin=1.0e-200 function=1.0 lambd=0.1 n=1,0.0,0.1,0.01,2.0,2.0,1e-10,0.1,1e-200,1.0,0.1,1,3000000,2.4644999504089355,263735214080.0
2b18103d,dsregpsoLSGO,2022-11-16 19:45:59,1:07:00,completed,Mmax=0.0 Smax=0.1 Smin=0.01 c1=2.0 c2=2.0 dseta=1.0e-10 fdmax=0.01 fdmin=1.0e-200 function=1.0 lambd=0.1 n=1,0.0,0.1,0.01,2.0,2.0,1e-10,0.01,1e-200,1.0,0.1,1,3000000,2.525099992752075,256243187712.0
9b261de2,dsregpsoLSGO,2022-11-16 18:38:25,1:07:33,completed,Mmax=0.0 Smax=0.1 Smin=0.01 c1=2.0 c2=2.0 dseta=1.0e-10 fdmax=1.0e-05 fdmin=1.0e-200 function=1.0 lambd=0.1 n=1,0.0,0.1,0.01,2.0,2.0,1e-10,1e-05,1e-200,1.0,0.1,1,3000000,2.5743000507354736,261406326784.0
87ff9d8d,dsregpsoLSGO,2022-11-16 17:29:17,1:09:08,completed,Mmax=0.0 Smax=0.1 Smin=0.01 c1=2.0 c2=2.0 dseta=1.0e-10 fdmax=1.0e-10 fdmin=1.0e-200 function=1.0 lambd=0.1 n=1,0.0,0.1,0.01,2.0,2.0,1e-10,1e-10,1e-200,1.0,0.1,1,3000000,3.899600028991699,3979133.25
5336387d,dsregpsoLSGO,2022-11-16 16:19:20,1:09:55,completed,Mmax=0.0 Smax=0.1 Smin=0.01 c1=2.0 c2=2.0 dseta=1.0e-10 fdmax=1.0e-25 fdmin=1.0e-200 function=1.0 lambd=0.1 n=1,0.0,0.1,0.01,2.0,2.0,1e-10,1e-25,1e-200,1.0,0.1,1,3000000,3.8945999145507812,4061276.5
3d9424fc,dsregpsoLSGO,2022-11-16 15:08:32,1:10:47,completed,Mmax=0.0 Smax=0.1 Smin=0.01 c1=2.0 c2=2.0 dseta=1.0e-10 fdmax=1.0e-50 fdmin=1.0e-200 function=1.0 lambd=0.1 n=1,0.0,0.1,0.01,2.0,2.0,1e-10,1e-50,1e-200,1.0,0.1,1,3000000,5.369999885559082,4105942.75
aa460cd8,dsregpsoLSGO,2022-11-16 13:55:35,1:12:57,completed,Mmax=0.0 Smax=0.1 Smin=0.01 c1=2.0 c2=2.0 dseta=1.0e-10 fdmax=1.0e-100 fdmin=1.0e-200 function=1.0 lambd=0.1 n=1,0.0,0.1,0.01,2.0,2.0,1e-10,1e-100,1e-200,1.0,0.1,1,3000000,4.197999954223633,4230008.0
4a1f74bd,dsregpsoLSGO,2022-11-16 12:41:23,1:14:11,completed,Mmax=0.0 Smax=0.1 Smin=0.01 c1=2.0 c2=2.0 dseta=1.0e-10 fdmax=1.0e-200 fdmin=1.0e-200 function=1.0 lambd=0.1 n=1,0.0,0.1,0.01,2.0,2.0,1e-10,1e-200,1e-200,1.0,0.1,1,3000000,4.51230001449585,4244757.0
