run,operation,started,time,status,label,Mmax,Smax,Smin,c1,c2,dseta,fdmax,fdmin,function,lambd,n,step,global_best,mean_global_best
54050925,dsregpsoLSGO,2023-03-14 17:44:15,0:08:49,completed,Mmax=0.7 Smax=0.5 Smin=0.05 c1=2.0 c2=1.0 dseta=0.001 fdmax=1 fdmin=1.0e-50 function=4.0 lambd=0.7 n=50,0.7,0.5,0.05,2.0,1.0,0.001,1,1e-50,4.0,0.7,50,500000,6.928199768066406,89931145216.0
c8f52839,dsregpsoLSGO,2023-03-14 17:35:34,0:08:40,completed,Mmax=0.7 Smax=0.5 Smin=0.05 c1=2.0 c2=1.0 dseta=0.001 fdmax=0.1 fdmin=1.0e-50 function=4.0 lambd=0.7 n=50,0.7,0.5,0.05,2.0,1.0,0.001,0.1,1e-50,4.0,0.7,50,500000,2.471100091934204,53807955968.0
14988e82,dsregpsoLSGO,2023-03-14 17:26:46,0:08:46,completed,Mmax=0.7 Smax=0.5 Smin=0.05 c1=2.0 c2=1.0 dseta=0.001 fdmax=1.0e-05 fdmin=1.0e-50 function=4.0 lambd=0.7 n=50,0.7,0.5,0.05,2.0,1.0,0.001,1e-05,1e-50,4.0,0.7,50,500000,6.830599784851074,112416972800.0
e5e9f08c,dsregpsoLSGO,2023-03-14 17:17:59,0:08:46,completed,Mmax=0.7 Smax=0.5 Smin=0.05 c1=2.0 c2=1.0 dseta=0.001 fdmax=1.0e-10 fdmin=1.0e-50 function=4.0 lambd=0.7 n=50,0.7,0.5,0.05,2.0,1.0,0.001,1e-10,1e-50,4.0,0.7,50,500000,1.2396999597549438,95747039232.0
878a4011,dsregpsoLSGO,2023-03-14 17:09:15,0:08:43,completed,Mmax=0.7 Smax=0.5 Smin=0.05 c1=2.0 c2=1.0 dseta=0.001 fdmax=1.0e-25 fdmin=1.0e-50 function=4.0 lambd=0.7 n=50,0.7,0.5,0.05,2.0,1.0,0.001,1e-25,1e-50,4.0,0.7,50,500000,3.3152999877929688,102493437952.0
6ffff66a,dsregpsoLSGO,2023-03-14 17:00:32,0:08:42,completed,Mmax=0.7 Smax=0.5 Smin=0.05 c1=2.0 c2=1.0 dseta=0.001 fdmax=1.0e-50 fdmin=1.0e-50 function=4.0 lambd=0.7 n=50,0.7,0.5,0.05,2.0,1.0,0.001,1e-50,1e-50,4.0,0.7,50,500000,3.004499912261963,164104044544.0
69c61432,dsregpsoLSGO,2023-03-14 16:50:36,0:09:56,completed,Mmax=0.7 Smax=0.5 Smin=0.05 c1=2.0 c2=1.0 dseta=0.001 fdmax=1.0e-100 fdmin=1.0e-50 function=4.0 lambd=0.7 n=50,0.7,0.5,0.05,2.0,1.0,0.001,1e-100,1e-50,4.0,0.7,50,500000,1.6700999736785889,14986835394560.0
feb31f88,dsregpsoLSGO,2023-03-14 16:40:29,0:10:05,completed,Mmax=0.7 Smax=0.5 Smin=0.05 c1=2.0 c2=1.0 dseta=0.001 fdmax=1.0e-200 fdmin=1.0e-50 function=4.0 lambd=0.7 n=50,0.7,0.5,0.05,2.0,1.0,0.001,1e-200,1e-50,4.0,0.7,50,500000,1.6700999736785889,14986835394560.0
