run,operation,started,time,status,label,Mmax,Smax,Smin,c1,c2,dseta,fdmax,fdmin,function,lambd,n,step,global_best,mean_global_best
ab0f9404,dsregpsoLSGO,2023-03-28 09:24:25,0:09:47,completed,Mmax=0.7 Smax=0.5 Smin=0.05 c1=2.0 c2=1.0 dseta=0.001 fdmax=1 fdmin=1.0e-50 function=6.0 lambd=0.7 n=50,0.7,0.5,0.05,2.0,1.0,0.001,1,1e-50,6.0,0.7,50,500000,1.0420000553131104,1044631.875
6b929b42,dsregpsoLSGO,2023-03-28 09:15:28,0:08:57,completed,Mmax=0.7 Smax=0.5 Smin=0.05 c1=2.0 c2=1.0 dseta=0.001 fdmax=0.1 fdmin=1.0e-50 function=6.0 lambd=0.7 n=50,0.7,0.5,0.05,2.0,1.0,0.001,0.1,1e-50,6.0,0.7,50,500000,1.049299955368042,1051589.625
b47266bf,dsregpsoLSGO,2023-03-28 09:06:30,0:08:57,completed,Mmax=0.7 Smax=0.5 Smin=0.05 c1=2.0 c2=1.0 dseta=0.001 fdmax=1.0e-05 fdmin=1.0e-50 function=6.0 lambd=0.7 n=50,0.7,0.5,0.05,2.0,1.0,0.001,1e-05,1e-50,6.0,0.7,50,500000,1.0467000007629395,1025278.8125
238e03a3,dsregpsoLSGO,2023-03-28 08:57:16,0:09:12,completed,Mmax=0.7 Smax=0.5 Smin=0.05 c1=2.0 c2=1.0 dseta=0.001 fdmax=1.0e-10 fdmin=1.0e-50 function=6.0 lambd=0.7 n=50,0.7,0.5,0.05,2.0,1.0,0.001,1e-10,1e-50,6.0,0.7,50,500000,1.0439000129699707,1025261.875
d71e46b2,dsregpsoLSGO,2023-03-28 08:48:13,0:09:03,completed,Mmax=0.7 Smax=0.5 Smin=0.05 c1=2.0 c2=1.0 dseta=0.001 fdmax=1.0e-25 fdmin=1.0e-50 function=6.0 lambd=0.7 n=50,0.7,0.5,0.05,2.0,1.0,0.001,1e-25,1e-50,6.0,0.7,50,500000,1.0428999662399292,1024286.25
0cd6d420,dsregpsoLSGO,2023-03-28 08:38:45,0:09:27,completed,Mmax=0.7 Smax=0.5 Smin=0.05 c1=2.0 c2=1.0 dseta=0.001 fdmax=1.0e-50 fdmin=1.0e-50 function=6.0 lambd=0.7 n=50,0.7,0.5,0.05,2.0,1.0,0.001,1e-50,1e-50,6.0,0.7,50,500000,1.048200011253357,1035813.1875
7064df10,dsregpsoLSGO,2023-03-28 08:27:55,0:10:49,completed,Mmax=0.7 Smax=0.5 Smin=0.05 c1=2.0 c2=1.0 dseta=0.001 fdmax=1.0e-100 fdmin=1.0e-50 function=6.0 lambd=0.7 n=50,0.7,0.5,0.05,2.0,1.0,0.001,1e-100,1e-50,6.0,0.7,50,500000,1.072700023651123,1071872.875
2faa6670,dsregpsoLSGO,2023-03-28 08:16:19,0:11:35,completed,Mmax=0.7 Smax=0.5 Smin=0.05 c1=2.0 c2=1.0 dseta=0.001 fdmax=1.0e-200 fdmin=1.0e-50 function=6.0 lambd=0.7 n=50,0.7,0.5,0.05,2.0,1.0,0.001,1e-200,1e-50,6.0,0.7,50,500000,1.072700023651123,1071872.875
