run,operation,started,time,status,label,Mmax,Smax,Smin,c1,c2,dseta,fdmax,fdmin,function,lambd,n,step,global_best,mean_global_best
b8fe0e07,dsregpsoLSGO,2023-03-17 17:35:34,0:10:08,completed,Mmax=0.7 Smax=0.5 Smin=0.05 c1=2.0 c2=1.0 dseta=0.001 fdmax=1 fdmin=1.0e-50 function=5.0 lambd=0.7 n=50,0.7,0.5,0.05,2.0,1.0,0.001,1,1e-50,5.0,0.7,50,500000,2.709199905395508,26243848.0
d57092d1,dsregpsoLSGO,2023-03-17 17:25:10,0:10:23,completed,Mmax=0.7 Smax=0.5 Smin=0.05 c1=2.0 c2=1.0 dseta=0.001 fdmax=0.1 fdmin=1.0e-50 function=5.0 lambd=0.7 n=50,0.7,0.5,0.05,2.0,1.0,0.001,0.1,1e-50,5.0,0.7,50,500000,2.6902999877929688,27173130.0
29f4b57e,dsregpsoLSGO,2023-03-17 17:15:00,0:10:08,completed,Mmax=0.7 Smax=0.5 Smin=0.05 c1=2.0 c2=1.0 dseta=0.001 fdmax=1.0e-05 fdmin=1.0e-50 function=5.0 lambd=0.7 n=50,0.7,0.5,0.05,2.0,1.0,0.001,1e-05,1e-50,5.0,0.7,50,500000,2.6895999908447266,27185666.0
5e144645,dsregpsoLSGO,2023-03-17 17:04:52,0:10:08,completed,Mmax=0.7 Smax=0.5 Smin=0.05 c1=2.0 c2=1.0 dseta=0.001 fdmax=1.0e-10 fdmin=1.0e-50 function=5.0 lambd=0.7 n=50,0.7,0.5,0.05,2.0,1.0,0.001,1e-10,1e-50,5.0,0.7,50,500000,2.689500093460083,27185614.0
88b4a20e,dsregpsoLSGO,2023-03-17 16:54:41,0:10:09,completed,Mmax=0.7 Smax=0.5 Smin=0.05 c1=2.0 c2=1.0 dseta=0.001 fdmax=1.0e-25 fdmin=1.0e-50 function=5.0 lambd=0.7 n=50,0.7,0.5,0.05,2.0,1.0,0.001,1e-25,1e-50,5.0,0.7,50,500000,2.6895999908447266,27185588.0
8496e893,dsregpsoLSGO,2023-03-17 16:44:13,0:10:27,completed,Mmax=0.7 Smax=0.5 Smin=0.05 c1=2.0 c2=1.0 dseta=0.001 fdmax=1.0e-50 fdmin=1.0e-50 function=5.0 lambd=0.7 n=50,0.7,0.5,0.05,2.0,1.0,0.001,1e-50,1e-50,5.0,0.7,50,500000,3.033099889755249,29949680.0
e42e97b4,dsregpsoLSGO,2023-03-17 16:32:45,0:11:28,completed,Mmax=0.7 Smax=0.5 Smin=0.05 c1=2.0 c2=1.0 dseta=0.001 fdmax=1.0e-100 fdmin=1.0e-50 function=5.0 lambd=0.7 n=50,0.7,0.5,0.05,2.0,1.0,0.001,1e-100,1e-50,5.0,0.7,50,500000,6.248600006103516,61023592.0
17124c76,dsregpsoLSGO,2023-03-17 16:21:14,0:11:30,completed,Mmax=0.7 Smax=0.5 Smin=0.05 c1=2.0 c2=1.0 dseta=0.001 fdmax=1.0e-200 fdmin=1.0e-50 function=5.0 lambd=0.7 n=50,0.7,0.5,0.05,2.0,1.0,0.001,1e-200,1e-50,5.0,0.7,50,500000,6.248600006103516,61023592.0
