run,operation,started,time,status,label,Mmax,Smax,Smin,c1,c2,dseta,fdmax,fdmin,function,lambd,n,step,global_best,mean_global_best
a7c5122c,dsregpsoLSGO,2023-01-05 09:46:02,0:09:05,completed,Mmax=0.7 Smax=0.5 Smin=0.05 c1=2.0 c2=1.0 dseta=0.001 fdmax=1 fdmin=1.0e-50 function=2.0 lambd=0.7 n=50,0.7,0.5,0.05,2.0,1.0,0.001,1,1e-50,2.0,0.7,50,500000,2.367300033569336,23506.91015625
55e9214d,dsregpsoLSGO,2023-01-05 09:37:16,0:08:45,completed,Mmax=0.7 Smax=0.5 Smin=0.05 c1=2.0 c2=1.0 dseta=0.001 fdmax=0.1 fdmin=1.0e-50 function=2.0 lambd=0.7 n=50,0.7,0.5,0.05,2.0,1.0,0.001,0.1,1e-50,2.0,0.7,50,500000,2.115999937057495,20788.908203125
e0bd861d,dsregpsoLSGO,2023-01-05 09:28:51,0:08:24,completed,Mmax=0.7 Smax=0.5 Smin=0.05 c1=2.0 c2=1.0 dseta=0.001 fdmax=1.0e-05 fdmin=1.0e-50 function=2.0 lambd=0.7 n=50,0.7,0.5,0.05,2.0,1.0,0.001,1e-05,1e-50,2.0,0.7,50,500000,2.1077001094818115,22329.470703125
8b068368,dsregpsoLSGO,2023-01-05 09:20:21,0:08:29,completed,Mmax=0.7 Smax=0.5 Smin=0.05 c1=2.0 c2=1.0 dseta=0.001 fdmax=1.0e-10 fdmin=1.0e-50 function=2.0 lambd=0.7 n=50,0.7,0.5,0.05,2.0,1.0,0.001,1e-10,1e-50,2.0,0.7,50,500000,2.1533000469207764,22544.7109375
b450dece,dsregpsoLSGO,2023-01-05 09:11:05,0:09:15,completed,Mmax=0.7 Smax=0.5 Smin=0.05 c1=2.0 c2=1.0 dseta=0.001 fdmax=1.0e-25 fdmin=1.0e-50 function=2.0 lambd=0.7 n=50,0.7,0.5,0.05,2.0,1.0,0.001,1e-25,1e-50,2.0,0.7,50,500000,2.0982000827789307,22117.095703125
cbd3953c,dsregpsoLSGO,2023-01-05 09:00:50,0:10:14,completed,Mmax=0.7 Smax=0.5 Smin=0.05 c1=2.0 c2=1.0 dseta=0.001 fdmax=1.0e-50 fdmin=1.0e-50 function=2.0 lambd=0.7 n=50,0.7,0.5,0.05,2.0,1.0,0.001,1e-50,1e-50,2.0,0.7,50,500000,2.3203001022338867,22539.62109375
1a3014a2,dsregpsoLSGO,2023-01-05 08:49:30,0:11:19,completed,Mmax=0.7 Smax=0.5 Smin=0.05 c1=2.0 c2=1.0 dseta=0.001 fdmax=1.0e-100 fdmin=1.0e-50 function=2.0 lambd=0.7 n=50,0.7,0.5,0.05,2.0,1.0,0.001,1e-100,1e-50,2.0,0.7,50,500000,1.0650999546051025,105745.5625
8c7ea328,dsregpsoLSGO,2023-01-05 08:38:45,0:10:44,completed,Mmax=0.7 Smax=0.5 Smin=0.05 c1=2.0 c2=1.0 dseta=0.001 fdmax=1.0e-200 fdmin=1.0e-50 function=2.0 lambd=0.7 n=50,0.7,0.5,0.05,2.0,1.0,0.001,1e-200,1e-50,2.0,0.7,50,500000,1.0650999546051025,105745.5625
