run,operation,started,time,status,label,Mmax,Smax,Smin,c1,c2,dseta,fdmax,fdmin,function,lambd,n,step,global_best,mean_global_best
0371ff0d,dsregpsoLSGO,2023-04-18 16:16:38,0:10:28,completed,Mmax=0.7 Smax=0.5 Smin=0.05 c1=2.0 c2=1.0 dseta=0.001 fdmax=1 fdmin=1.0e-25 function=8.0 lambd=0.7 n=50,0.7,0.5,0.05,2.0,1.0,0.001,1,1e-25,8.0,0.7,50,500000,7.124599933624268,754516232241152.0
843288b1,dsregpsoLSGO,2023-04-18 16:06:11,0:10:26,completed,Mmax=0.7 Smax=0.5 Smin=0.05 c1=2.0 c2=1.0 dseta=0.001 fdmax=0.1 fdmin=1.0e-25 function=8.0 lambd=0.7 n=50,0.7,0.5,0.05,2.0,1.0,0.001,0.1,1e-25,8.0,0.7,50,500000,2.0467000007629395,466429052715008.0
86553bab,dsregpsoLSGO,2023-04-18 15:55:48,0:10:22,completed,Mmax=0.7 Smax=0.5 Smin=0.05 c1=2.0 c2=1.0 dseta=0.001 fdmax=1.0e-05 fdmin=1.0e-25 function=8.0 lambd=0.7 n=50,0.7,0.5,0.05,2.0,1.0,0.001,1e-05,1e-25,8.0,0.7,50,500000,1.6363999843597412,411627081957376.0
1b903949,dsregpsoLSGO,2023-04-18 15:44:47,0:11:00,completed,Mmax=0.7 Smax=0.5 Smin=0.05 c1=2.0 c2=1.0 dseta=0.001 fdmax=1.0e-10 fdmin=1.0e-25 function=8.0 lambd=0.7 n=50,0.7,0.5,0.05,2.0,1.0,0.001,1e-10,1e-25,8.0,0.7,50,500000,1.8077000379562378,265554791235584.0
138e1f5f,dsregpsoLSGO,2023-04-18 15:34:10,0:10:36,completed,Mmax=0.7 Smax=0.5 Smin=0.05 c1=2.0 c2=1.0 dseta=0.001 fdmax=1.0e-25 fdmin=1.0e-25 function=8.0 lambd=0.7 n=50,0.7,0.5,0.05,2.0,1.0,0.001,1e-25,1e-25,8.0,0.7,50,500000,5.149600028991699,293187184754688.0
9014ca1e,dsregpsoLSGO,2023-04-18 15:22:53,0:11:17,completed,Mmax=0.7 Smax=0.5 Smin=0.05 c1=2.0 c2=1.0 dseta=0.001 fdmax=1.0e-50 fdmin=1.0e-25 function=8.0 lambd=0.7 n=50,0.7,0.5,0.05,2.0,1.0,0.001,1e-50,1e-25,8.0,0.7,50,500000,1.6806000471115112,
295bc7ce,dsregpsoLSGO,2023-04-18 15:11:46,0:11:06,completed,Mmax=0.7 Smax=0.5 Smin=0.05 c1=2.0 c2=1.0 dseta=0.001 fdmax=1.0e-100 fdmin=1.0e-25 function=8.0 lambd=0.7 n=50,0.7,0.5,0.05,2.0,1.0,0.001,1e-100,1e-25,8.0,0.7,50,500000,1.6806000471115112,
fdcccf48,dsregpsoLSGO,2023-04-18 15:00:24,0:11:22,completed,Mmax=0.7 Smax=0.5 Smin=0.05 c1=2.0 c2=1.0 dseta=0.001 fdmax=1.0e-200 fdmin=1.0e-25 function=8.0 lambd=0.7 n=50,0.7,0.5,0.05,2.0,1.0,0.001,1e-200,1e-25,8.0,0.7,50,500000,1.6806000471115112,
