run,operation,started,time,status,label,Mmax,Smax,Smin,c1,c2,dseta,fdmax,fdmin,function,lambd,n,step,global_best,mean_global_best
6b07eefc,dsregpsoLSGO,2023-01-21 12:57:33,0:07:39,completed,Mmax=0.7 Smax=0.5 Smin=0.05 c1=2.0 c2=1.5 dseta=0.001 fdmax=1 fdmin=1.0e-25 function=3.0 lambd=0.7 n=50,0.7,0.5,0.05,2.0,1.5,0.001,1,1e-25,3.0,0.7,50,500000,2.127000093460083,21.26333999633789
50d5c460,dsregpsoLSGO,2023-01-21 12:49:47,0:07:45,completed,Mmax=0.7 Smax=0.5 Smin=0.05 c1=2.0 c2=1.5 dseta=0.001 fdmax=0.1 fdmin=1.0e-25 function=3.0 lambd=0.7 n=50,0.7,0.5,0.05,2.0,1.5,0.001,0.1,1e-25,3.0,0.7,50,500000,2.1149001121520996,21.11570930480957
b2dfbd3b,dsregpsoLSGO,2023-01-21 12:41:31,0:08:15,completed,Mmax=0.7 Smax=0.5 Smin=0.05 c1=2.0 c2=1.5 dseta=0.001 fdmax=1.0e-05 fdmin=1.0e-25 function=3.0 lambd=0.7 n=50,0.7,0.5,0.05,2.0,1.5,0.001,1e-05,1e-25,3.0,0.7,50,500000,2.007200002670288,20.06951141357422
2705b783,dsregpsoLSGO,2023-01-21 12:33:09,0:08:21,completed,Mmax=0.7 Smax=0.5 Smin=0.05 c1=2.0 c2=1.5 dseta=0.001 fdmax=1.0e-10 fdmin=1.0e-25 function=3.0 lambd=0.7 n=50,0.7,0.5,0.05,2.0,1.5,0.001,1e-10,1e-25,3.0,0.7,50,500000,2.0106000900268555,20.07959747314453
bd6e80be,dsregpsoLSGO,2023-01-21 12:25:15,0:07:53,completed,Mmax=0.7 Smax=0.5 Smin=0.05 c1=2.0 c2=1.5 dseta=0.001 fdmax=1.0e-25 fdmin=1.0e-25 function=3.0 lambd=0.7 n=50,0.7,0.5,0.05,2.0,1.5,0.001,1e-25,1e-25,3.0,0.7,50,500000,2.0064001083374023,20.07444953918457
e4c55389,dsregpsoLSGO,2023-01-21 12:14:59,0:10:15,completed,Mmax=0.7 Smax=0.5 Smin=0.05 c1=2.0 c2=1.5 dseta=0.001 fdmax=1.0e-50 fdmin=1.0e-25 function=3.0 lambd=0.7 n=50,0.7,0.5,0.05,2.0,1.5,0.001,1e-50,1e-25,3.0,0.7,50,500000,2.165600061416626,21.656036376953125
150ad961,dsregpsoLSGO,2023-01-21 12:05:06,0:09:52,completed,Mmax=0.7 Smax=0.5 Smin=0.05 c1=2.0 c2=1.5 dseta=0.001 fdmax=1.0e-100 fdmin=1.0e-25 function=3.0 lambd=0.7 n=50,0.7,0.5,0.05,2.0,1.5,0.001,1e-100,1e-25,3.0,0.7,50,500000,2.165600061416626,21.656036376953125
ebabfeff,dsregpsoLSGO,2023-01-21 11:56:32,0:08:32,completed,Mmax=0.7 Smax=0.5 Smin=0.05 c1=2.0 c2=1.5 dseta=0.001 fdmax=1.0e-200 fdmin=1.0e-25 function=3.0 lambd=0.7 n=50,0.7,0.5,0.05,2.0,1.5,0.001,1e-200,1e-25,3.0,0.7,50,500000,2.165600061416626,21.656036376953125
