run,operation,started,time,status,label,Mmax,Smax,Smin,c1,c2,dseta,fdmax,fdmin,function,lambd,n,step,global_best,mean_global_best
44264f3f,dsregpsoLSGO,2022-12-08 12:09:19,0:07:14,completed,Mmax=0.7 Smax=0.5 Smin=0.05 c1=2.0 c2=1.0 dseta=0.001 fdmax=1 fdmin=1.0e-200 function=1.0 lambd=0.7 n=50,0.7,0.5,0.05,2.0,1.0,0.001,1,1e-200,1.0,0.7,50,500000,2.2351999282836914,215847056.0
22ed5cad,dsregpsoLSGO,2022-12-08 12:02:41,0:06:38,completed,Mmax=0.7 Smax=0.5 Smin=0.05 c1=2.0 c2=1.0 dseta=0.001 fdmax=0.1 fdmin=1.0e-200 function=1.0 lambd=0.7 n=50,0.7,0.5,0.05,2.0,1.0,0.001,0.1,1e-200,1.0,0.7,50,500000,6.579800128936768,74721600.0
d2aa2aec,dsregpsoLSGO,2022-12-08 11:56:21,0:06:19,completed,Mmax=0.7 Smax=0.5 Smin=0.05 c1=2.0 c2=1.0 dseta=0.001 fdmax=1.0e-05 fdmin=1.0e-200 function=1.0 lambd=0.7 n=50,0.7,0.5,0.05,2.0,1.0,0.001,1e-05,1e-200,1.0,0.7,50,500000,6.345900058746338,60515324.0
422c8967,dsregpsoLSGO,2022-12-08 11:49:55,0:06:25,completed,Mmax=0.7 Smax=0.5 Smin=0.05 c1=2.0 c2=1.0 dseta=0.001 fdmax=1.0e-10 fdmin=1.0e-200 function=1.0 lambd=0.7 n=50,0.7,0.5,0.05,2.0,1.0,0.001,1e-10,1e-200,1.0,0.7,50,500000,5.708499908447266,61054876.0
ef78d377,dsregpsoLSGO,2022-12-08 11:43:19,0:06:35,completed,Mmax=0.7 Smax=0.5 Smin=0.05 c1=2.0 c2=1.0 dseta=0.001 fdmax=1.0e-25 fdmin=1.0e-200 function=1.0 lambd=0.7 n=50,0.7,0.5,0.05,2.0,1.0,0.001,1e-25,1e-200,1.0,0.7,50,500000,6.103300094604492,60459888.0
7f7b7268,dsregpsoLSGO,2022-12-08 11:36:16,0:07:02,completed,Mmax=0.7 Smax=0.5 Smin=0.05 c1=2.0 c2=1.0 dseta=0.001 fdmax=1.0e-50 fdmin=1.0e-200 function=1.0 lambd=0.7 n=50,0.7,0.5,0.05,2.0,1.0,0.001,1e-50,1e-200,1.0,0.7,50,500000,5.789899826049805,59123136.0
60a4c425,dsregpsoLSGO,2022-12-08 11:29:23,0:06:52,completed,Mmax=0.7 Smax=0.5 Smin=0.05 c1=2.0 c2=1.0 dseta=0.001 fdmax=1.0e-100 fdmin=1.0e-200 function=1.0 lambd=0.7 n=50,0.7,0.5,0.05,2.0,1.0,0.001,1e-100,1e-200,1.0,0.7,50,500000,5.552599906921387,60379556.0
4f1a1036,dsregpsoLSGO,2022-12-08 11:22:30,0:06:52,completed,Mmax=0.7 Smax=0.5 Smin=0.05 c1=2.0 c2=1.0 dseta=0.001 fdmax=1.0e-200 fdmin=1.0e-200 function=1.0 lambd=0.7 n=50,0.7,0.5,0.05,2.0,1.0,0.001,1e-200,1e-200,1.0,0.7,50,500000,6.223400115966797,59086456.0
