run,operation,started,time,status,label,Mmax,Smax,Smin,c1,c2,dseta,fdmax,fdmin,function,lambd,n,step,global_best,mean_global_best
04e708f5,dsregpsoLSGO,2023-04-10 17:30:33,0:04:31,completed,Mmax=0.7 Smax=0.5 Smin=0.05 c1=2.0 c2=1.0 dseta=0.001 fdmax=1 fdmin=1.0e-50 function=7.0 lambd=0.7 n=50,0.7,0.5,0.05,2.0,1.0,0.001,1,1e-50,7.0,0.7,50,500000,1.9601000547409058,254917072.0
ddb6919c,dsregpsoLSGO,2023-04-10 17:26:03,0:04:29,completed,Mmax=0.7 Smax=0.5 Smin=0.05 c1=2.0 c2=1.0 dseta=0.001 fdmax=0.1 fdmin=1.0e-50 function=7.0 lambd=0.7 n=50,0.7,0.5,0.05,2.0,1.0,0.001,0.1,1e-50,7.0,0.7,50,500000,1.0953999757766724,130732648.0
9cea6eb8,dsregpsoLSGO,2023-04-10 17:21:23,0:04:39,completed,Mmax=0.7 Smax=0.5 Smin=0.05 c1=2.0 c2=1.0 dseta=0.001 fdmax=1.0e-05 fdmin=1.0e-50 function=7.0 lambd=0.7 n=50,0.7,0.5,0.05,2.0,1.0,0.001,1e-05,1e-50,7.0,0.7,50,500000,1.3255000114440918,153492368.0
6d4a7485,dsregpsoLSGO,2023-04-10 17:16:55,0:04:27,completed,Mmax=0.7 Smax=0.5 Smin=0.05 c1=2.0 c2=1.0 dseta=0.001 fdmax=1.0e-10 fdmin=1.0e-50 function=7.0 lambd=0.7 n=50,0.7,0.5,0.05,2.0,1.0,0.001,1e-10,1e-50,7.0,0.7,50,500000,1.333799958229065,100550728.0
e1053914,dsregpsoLSGO,2023-04-10 17:12:12,0:04:41,completed,Mmax=0.7 Smax=0.5 Smin=0.05 c1=2.0 c2=1.0 dseta=0.001 fdmax=1.0e-25 fdmin=1.0e-50 function=7.0 lambd=0.7 n=50,0.7,0.5,0.05,2.0,1.0,0.001,1e-25,1e-50,7.0,0.7,50,500000,1.1495000123977661,500736320.0
2b2c3214,dsregpsoLSGO,2023-04-10 17:07:06,0:05:05,completed,Mmax=0.7 Smax=0.5 Smin=0.05 c1=2.0 c2=1.0 dseta=0.001 fdmax=1.0e-50 fdmin=1.0e-50 function=7.0 lambd=0.7 n=50,0.7,0.5,0.05,2.0,1.0,0.001,1e-50,1e-50,7.0,0.7,50,500000,1.148900032043457,1476854784.0
65b19ca9,dsregpsoLSGO,2023-04-10 17:01:17,0:05:48,completed,Mmax=0.7 Smax=0.5 Smin=0.05 c1=2.0 c2=1.0 dseta=0.001 fdmax=1.0e-100 fdmin=1.0e-50 function=7.0 lambd=0.7 n=50,0.7,0.5,0.05,2.0,1.0,0.001,1e-100,1e-50,7.0,0.7,50,500000,2.9163999557495117,2787965277306880.0
9f94bed5,dsregpsoLSGO,2023-04-10 16:56:02,0:05:14,completed,Mmax=0.7 Smax=0.5 Smin=0.05 c1=2.0 c2=1.0 dseta=0.001 fdmax=1.0e-200 fdmin=1.0e-50 function=7.0 lambd=0.7 n=50,0.7,0.5,0.05,2.0,1.0,0.001,1e-200,1e-50,7.0,0.7,50,500000,2.9163999557495117,2787965277306880.0
