run,operation,started,time,status,label,Mmax,Smax,Smin,c1,c2,c3,dseta,fdmax,fdmin,function,lambd,lim_restart,n,step,global_best,mean_global_best
28b3dcec,dsregpsoLSGO2,2023-02-23 10:54:24,0:08:54,completed,Mmax=0.7 Smax=0.5 Smin=0.05 c1=2.0 c2=1.0 c3=1.0 dseta=0.001 fdmax=1 fdmin=1.0e-100 function=1.0 lambd=0.7 lim_restart=120 n=50,0.7,0.5,0.05,2.0,1.0,1.0,0.001,1,1e-100,1.0,0.7,120,50,500000,2.0866000652313232,209903440.0
d42b6c53,dsregpsoLSGO2,2023-02-23 10:45:37,0:08:45,completed,Mmax=0.7 Smax=0.5 Smin=0.05 c1=2.0 c2=1.0 c3=1.0 dseta=0.001 fdmax=0.1 fdmin=1.0e-100 function=1.0 lambd=0.7 lim_restart=120 n=50,0.7,0.5,0.05,2.0,1.0,1.0,0.001,0.1,1e-100,1.0,0.7,120,50,500000,6.627500057220459,71415968.0
66e6e2e3,dsregpsoLSGO2,2023-02-23 10:36:52,0:08:44,completed,Mmax=0.7 Smax=0.5 Smin=0.05 c1=2.0 c2=1.0 c3=1.0 dseta=0.001 fdmax=1.0e-05 fdmin=1.0e-100 function=1.0 lambd=0.7 lim_restart=120 n=50,0.7,0.5,0.05,2.0,1.0,1.0,0.001,1e-05,1e-100,1.0,0.7,120,50,500000,5.626299858093262,60615212.0
03375d87,dsregpsoLSGO2,2023-02-23 10:28:20,0:08:31,completed,Mmax=0.7 Smax=0.5 Smin=0.05 c1=2.0 c2=1.0 c3=1.0 dseta=0.001 fdmax=1.0e-10 fdmin=1.0e-100 function=1.0 lambd=0.7 lim_restart=120 n=50,0.7,0.5,0.05,2.0,1.0,1.0,0.001,1e-10,1e-100,1.0,0.7,120,50,500000,6.474999904632568,61616752.0
615804e8,dsregpsoLSGO2,2023-02-23 10:19:45,0:08:34,completed,Mmax=0.7 Smax=0.5 Smin=0.05 c1=2.0 c2=1.0 c3=1.0 dseta=0.001 fdmax=1.0e-25 fdmin=1.0e-100 function=1.0 lambd=0.7 lim_restart=120 n=50,0.7,0.5,0.05,2.0,1.0,1.0,0.001,1e-25,1e-100,1.0,0.7,120,50,500000,5.792600154876709,63356756.0
526d9cf9,dsregpsoLSGO2,2023-02-23 10:11:15,0:08:28,completed,Mmax=0.7 Smax=0.5 Smin=0.05 c1=2.0 c2=1.0 c3=1.0 dseta=0.001 fdmax=1.0e-50 fdmin=1.0e-100 function=1.0 lambd=0.7 lim_restart=120 n=50,0.7,0.5,0.05,2.0,1.0,1.0,0.001,1e-50,1e-100,1.0,0.7,120,50,500000,6.423399925231934,61362104.0
35c58ca1,dsregpsoLSGO2,2023-02-23 10:02:40,0:08:34,completed,Mmax=0.7 Smax=0.5 Smin=0.05 c1=2.0 c2=1.0 c3=1.0 dseta=0.001 fdmax=1.0e-100 fdmin=1.0e-100 function=1.0 lambd=0.7 lim_restart=120 n=50,0.7,0.5,0.05,2.0,1.0,1.0,0.001,1e-100,1e-100,1.0,0.7,120,50,500000,5.493800163269043,59960952.0
eafe2c80,dsregpsoLSGO2,2023-02-23 09:52:22,0:10:17,completed,Mmax=0.7 Smax=0.5 Smin=0.05 c1=2.0 c2=1.0 c3=1.0 dseta=0.001 fdmax=1.0e-200 fdmin=1.0e-100 function=1.0 lambd=0.7 lim_restart=120 n=50,0.7,0.5,0.05,2.0,1.0,1.0,0.001,1e-200,1e-100,1.0,0.7,120,50,500000,2.08240008354187,205033095168.0
