run,operation,started,time,status,label,Mmax,Smax,Smin,c1,c2,dseta,fdmax,fdmin,function,lambd,n,step,global_best,mean_global_best
a1678233,dsregpsoLSGO,2023-04-18 14:32:36,0:11:09,completed,Mmax=0.7 Smax=0.5 Smin=0.05 c1=2.0 c2=1.0 dseta=0.001 fdmax=1.0e-25 fdmin=1 function=8.0 lambd=0.7 n=50,0.7,0.5,0.05,2.0,1.0,0.001,1e-25,1,8.0,0.7,50,500000,1.6806000471115112,
ba8ccb90,dsregpsoLSGO,2023-04-18 13:44:41,0:11:22,completed,Mmax=0.7 Smax=0.5 Smin=0.05 c1=2.0 c2=1.0 dseta=0.001 fdmax=1.0e-25 fdmin=0.1 function=8.0 lambd=0.7 n=50,0.7,0.5,0.05,2.0,1.0,0.001,1e-25,0.1,8.0,0.7,50,500000,1.6806000471115112,
7ce84748,dsregpsoLSGO,2023-04-18 13:33:20,0:11:20,completed,Mmax=0.7 Smax=0.5 Smin=0.05 c1=2.0 c2=1.0 dseta=0.001 fdmax=1.0e-25 fdmin=1.0e-05 function=8.0 lambd=0.7 n=50,0.7,0.5,0.05,2.0,1.0,0.001,1e-25,1e-05,8.0,0.7,50,500000,1.6806000471115112,
3a37ea4c,dsregpsoLSGO,2023-04-18 13:22:00,0:11:19,completed,Mmax=0.7 Smax=0.5 Smin=0.05 c1=2.0 c2=1.0 dseta=0.001 fdmax=1.0e-25 fdmin=1.0e-10 function=8.0 lambd=0.7 n=50,0.7,0.5,0.05,2.0,1.0,0.001,1e-25,1e-10,8.0,0.7,50,500000,1.6806000471115112,
0c9a4bb9,dsregpsoLSGO,2023-04-18 13:11:44,0:10:15,completed,Mmax=0.7 Smax=0.5 Smin=0.05 c1=2.0 c2=1.0 dseta=0.001 fdmax=1.0e-25 fdmin=1.0e-25 function=8.0 lambd=0.7 n=50,0.7,0.5,0.05,2.0,1.0,0.001,1e-25,1e-25,8.0,0.7,50,500000,5.149600028991699,293187184754688.0
30a5ed12,dsregpsoLSGO,2023-04-18 13:01:29,0:10:14,completed,Mmax=0.7 Smax=0.5 Smin=0.05 c1=2.0 c2=1.0 dseta=0.001 fdmax=1.0e-25 fdmin=1.0e-50 function=8.0 lambd=0.7 n=50,0.7,0.5,0.05,2.0,1.0,0.001,1e-25,1e-50,8.0,0.7,50,500000,2.233099937438965,316767125635072.0
1eccb661,dsregpsoLSGO,2023-04-18 12:51:13,0:10:14,completed,Mmax=0.7 Smax=0.5 Smin=0.05 c1=2.0 c2=1.0 dseta=0.001 fdmax=1.0e-25 fdmin=1.0e-100 function=8.0 lambd=0.7 n=50,0.7,0.5,0.05,2.0,1.0,0.001,1e-25,1e-100,8.0,0.7,50,500000,2.233099937438965,316767125635072.0
bdd1048a,dsregpsoLSGO,2023-04-18 12:41:10,0:10:03,completed,Mmax=0.7 Smax=0.5 Smin=0.05 c1=2.0 c2=1.0 dseta=0.001 fdmax=1.0e-25 fdmin=1.0e-200 function=8.0 lambd=0.7 n=50,0.7,0.5,0.05,2.0,1.0,0.001,1e-25,1e-200,8.0,0.7,50,500000,2.233099937438965,316767125635072.0
