run,operation,started,time,status,label,Mmax,Smax,Smin,c1,c2,c3,dseta,fdmax,fdmin,function,lambd,lim_restart,n,step,global_best,mean_global_best
48022d43,dsregpsoLSGO2,2023-03-03 17:05:37,0:11:31,completed,Mmax=0.7 Smax=0.5 Smin=0.05 c1=2.0 c2=1.0 c3=1.0 dseta=0.001 fdmax=1.0e-25 fdmin=1 function=2.0 lambd=0.7 lim_restart=120 n=50,0.7,0.5,0.05,2.0,1.0,1.0,0.001,1e-25,1,2.0,0.7,120,50,500000,4.755099773406982,47231.6171875
43828605,dsregpsoLSGO2,2023-03-03 16:54:14,0:11:22,completed,Mmax=0.7 Smax=0.5 Smin=0.05 c1=2.0 c2=1.0 c3=1.0 dseta=0.001 fdmax=1.0e-25 fdmin=0.1 function=2.0 lambd=0.7 lim_restart=120 n=50,0.7,0.5,0.05,2.0,1.0,1.0,0.001,1e-25,0.1,2.0,0.7,120,50,500000,4.755099773406982,47231.6171875
ad03af2f,dsregpsoLSGO2,2023-03-03 16:42:56,0:11:17,completed,Mmax=0.7 Smax=0.5 Smin=0.05 c1=2.0 c2=1.0 c3=1.0 dseta=0.001 fdmax=1.0e-25 fdmin=1.0e-05 function=2.0 lambd=0.7 lim_restart=120 n=50,0.7,0.5,0.05,2.0,1.0,1.0,0.001,1e-25,1e-05,2.0,0.7,120,50,500000,4.755099773406982,47231.6171875
bf8372a2,dsregpsoLSGO2,2023-03-03 16:31:47,0:11:08,completed,Mmax=0.7 Smax=0.5 Smin=0.05 c1=2.0 c2=1.0 c3=1.0 dseta=0.001 fdmax=1.0e-25 fdmin=1.0e-10 function=2.0 lambd=0.7 lim_restart=120 n=50,0.7,0.5,0.05,2.0,1.0,1.0,0.001,1e-25,1e-10,2.0,0.7,120,50,500000,4.755099773406982,47231.6171875
85c6abc9,dsregpsoLSGO2,2023-03-03 16:22:36,0:09:10,completed,Mmax=0.7 Smax=0.5 Smin=0.05 c1=2.0 c2=1.0 c3=1.0 dseta=0.001 fdmax=1.0e-25 fdmin=1.0e-25 function=2.0 lambd=0.7 lim_restart=120 n=50,0.7,0.5,0.05,2.0,1.0,1.0,0.001,1e-25,1e-25,2.0,0.7,120,50,500000,2.2629001140594482,22447.96875
45412ad4,dsregpsoLSGO2,2023-03-03 16:13:15,0:09:20,completed,Mmax=0.7 Smax=0.5 Smin=0.05 c1=2.0 c2=1.0 c3=1.0 dseta=0.001 fdmax=1.0e-25 fdmin=1.0e-50 function=2.0 lambd=0.7 lim_restart=120 n=50,0.7,0.5,0.05,2.0,1.0,1.0,0.001,1e-25,1e-50,2.0,0.7,120,50,500000,2.1907999515533447,22049.8671875
23051d57,dsregpsoLSGO2,2023-03-03 16:03:52,0:09:21,completed,Mmax=0.7 Smax=0.5 Smin=0.05 c1=2.0 c2=1.0 c3=1.0 dseta=0.001 fdmax=1.0e-25 fdmin=1.0e-100 function=2.0 lambd=0.7 lim_restart=120 n=50,0.7,0.5,0.05,2.0,1.0,1.0,0.001,1e-25,1e-100,2.0,0.7,120,50,500000,2.1907999515533447,22049.8671875
c8da9f18,dsregpsoLSGO2,2023-03-03 15:54:31,0:09:21,completed,Mmax=0.7 Smax=0.5 Smin=0.05 c1=2.0 c2=1.0 c3=1.0 dseta=0.001 fdmax=1.0e-25 fdmin=1.0e-200 function=2.0 lambd=0.7 lim_restart=120 n=50,0.7,0.5,0.05,2.0,1.0,1.0,0.001,1e-25,1e-200,2.0,0.7,120,50,500000,2.1907999515533447,22049.8671875
