run,operation,started,time,status,label,Mmax,Smax,Smin,c1,c2,dseta,fdmax,fdmin,function,lambd,n,step,global_best,mean_global_best
6c839d4f,dsregpsoLSGO,2023-03-17 12:15:09,0:11:23,completed,Mmax=0.7 Smax=0.5 Smin=0.05 c1=2.0 c2=1.0 dseta=0.001 fdmax=1.0e-25 fdmin=1 function=5.0 lambd=0.7 n=50,0.7,0.5,0.05,2.0,1.0,0.001,1e-25,1,5.0,0.7,50,500000,6.248600006103516,61023592.0
4576ad0c,dsregpsoLSGO,2023-03-17 12:03:12,0:11:56,completed,Mmax=0.7 Smax=0.5 Smin=0.05 c1=2.0 c2=1.0 dseta=0.001 fdmax=1.0e-25 fdmin=0.1 function=5.0 lambd=0.7 n=50,0.7,0.5,0.05,2.0,1.0,0.001,1e-25,0.1,5.0,0.7,50,500000,6.248600006103516,61023592.0
bcf4fe07,dsregpsoLSGO,2023-03-17 11:51:08,0:12:03,completed,Mmax=0.7 Smax=0.5 Smin=0.05 c1=2.0 c2=1.0 dseta=0.001 fdmax=1.0e-25 fdmin=1.0e-05 function=5.0 lambd=0.7 n=50,0.7,0.5,0.05,2.0,1.0,0.001,1e-25,1e-05,5.0,0.7,50,500000,6.248600006103516,61023592.0
f8457799,dsregpsoLSGO,2023-03-17 11:39:00,0:12:06,completed,Mmax=0.7 Smax=0.5 Smin=0.05 c1=2.0 c2=1.0 dseta=0.001 fdmax=1.0e-25 fdmin=1.0e-10 function=5.0 lambd=0.7 n=50,0.7,0.5,0.05,2.0,1.0,0.001,1e-25,1e-10,5.0,0.7,50,500000,6.248600006103516,61023592.0
cc3d2ee9,dsregpsoLSGO,2023-03-17 11:28:16,0:10:43,completed,Mmax=0.7 Smax=0.5 Smin=0.05 c1=2.0 c2=1.0 dseta=0.001 fdmax=1.0e-25 fdmin=1.0e-25 function=5.0 lambd=0.7 n=50,0.7,0.5,0.05,2.0,1.0,0.001,1e-25,1e-25,5.0,0.7,50,500000,3.0329999923706055,29950076.0
45e27dd1,dsregpsoLSGO,2023-03-17 11:17:34,0:10:40,completed,Mmax=0.7 Smax=0.5 Smin=0.05 c1=2.0 c2=1.0 dseta=0.001 fdmax=1.0e-25 fdmin=1.0e-50 function=5.0 lambd=0.7 n=50,0.7,0.5,0.05,2.0,1.0,0.001,1e-25,1e-50,5.0,0.7,50,500000,2.6895999908447266,27185588.0
4ffdadf5,dsregpsoLSGO,2023-03-17 11:07:15,0:10:18,completed,Mmax=0.7 Smax=0.5 Smin=0.05 c1=2.0 c2=1.0 dseta=0.001 fdmax=1.0e-25 fdmin=1.0e-100 function=5.0 lambd=0.7 n=50,0.7,0.5,0.05,2.0,1.0,0.001,1e-25,1e-100,5.0,0.7,50,500000,2.6895999908447266,27185588.0
24ae42db,dsregpsoLSGO,2023-03-17 10:56:47,0:10:27,completed,Mmax=0.7 Smax=0.5 Smin=0.05 c1=2.0 c2=1.0 dseta=0.001 fdmax=1.0e-25 fdmin=1.0e-200 function=5.0 lambd=0.7 n=50,0.7,0.5,0.05,2.0,1.0,0.001,1e-25,1e-200,5.0,0.7,50,500000,2.6895999908447266,27185588.0
