run,operation,started,time,status,label,Mmax,Smax,Smin,c1,c2,dseta,fdmax,fdmin,function,lambd,n,step,global_best,mean_global_best
56ea09a6,dsregpsoLSGO,2023-01-04 15:29:38,0:11:31,completed,Mmax=0.7 Smax=0.5 Smin=0.05 c1=2.0 c2=1.0 dseta=0.001 fdmax=1.0e-25 fdmin=1 function=2.0 lambd=0.7 n=50,0.7,0.5,0.05,2.0,1.0,0.001,1e-25,1,2.0,0.7,50,500000,1.0650999546051025,105745.5625
a5bc6f0d,dsregpsoLSGO,2023-01-04 15:18:32,0:11:05,completed,Mmax=0.7 Smax=0.5 Smin=0.05 c1=2.0 c2=1.0 dseta=0.001 fdmax=1.0e-25 fdmin=0.1 function=2.0 lambd=0.7 n=50,0.7,0.5,0.05,2.0,1.0,0.001,1e-25,0.1,2.0,0.7,50,500000,1.0650999546051025,105745.5625
2d094125,dsregpsoLSGO,2023-01-04 15:07:26,0:11:05,completed,Mmax=0.7 Smax=0.5 Smin=0.05 c1=2.0 c2=1.0 dseta=0.001 fdmax=1.0e-25 fdmin=1.0e-05 function=2.0 lambd=0.7 n=50,0.7,0.5,0.05,2.0,1.0,0.001,1e-25,1e-05,2.0,0.7,50,500000,1.0650999546051025,105745.5625
0fffd78e,dsregpsoLSGO,2023-01-04 14:56:14,0:11:11,completed,Mmax=0.7 Smax=0.5 Smin=0.05 c1=2.0 c2=1.0 dseta=0.001 fdmax=1.0e-25 fdmin=1.0e-10 function=2.0 lambd=0.7 n=50,0.7,0.5,0.05,2.0,1.0,0.001,1e-25,1e-10,2.0,0.7,50,500000,1.0650999546051025,105745.5625
edda9371,dsregpsoLSGO,2023-01-04 14:47:03,0:09:10,completed,Mmax=0.7 Smax=0.5 Smin=0.05 c1=2.0 c2=1.0 dseta=0.001 fdmax=1.0e-25 fdmin=1.0e-25 function=2.0 lambd=0.7 n=50,0.7,0.5,0.05,2.0,1.0,0.001,1e-25,1e-25,2.0,0.7,50,500000,2.266700029373169,22458.76171875
6a29e88f,dsregpsoLSGO,2023-01-04 14:38:38,0:08:24,completed,Mmax=0.7 Smax=0.5 Smin=0.05 c1=2.0 c2=1.0 dseta=0.001 fdmax=1.0e-25 fdmin=1.0e-50 function=2.0 lambd=0.7 n=50,0.7,0.5,0.05,2.0,1.0,0.001,1e-25,1e-50,2.0,0.7,50,500000,2.0982000827789307,22117.095703125
cee10065,dsregpsoLSGO,2023-01-04 14:30:06,0:08:31,completed,Mmax=0.7 Smax=0.5 Smin=0.05 c1=2.0 c2=1.0 dseta=0.001 fdmax=1.0e-25 fdmin=1.0e-100 function=2.0 lambd=0.7 n=50,0.7,0.5,0.05,2.0,1.0,0.001,1e-25,1e-100,2.0,0.7,50,500000,2.0982000827789307,22117.095703125
779a4438,dsregpsoLSGO,2023-01-04 14:20:40,0:09:26,completed,Mmax=0.7 Smax=0.5 Smin=0.05 c1=2.0 c2=1.0 dseta=0.001 fdmax=1.0e-25 fdmin=1.0e-200 function=2.0 lambd=0.7 n=50,0.7,0.5,0.05,2.0,1.0,0.001,1e-25,1e-200,2.0,0.7,50,500000,2.0982000827789307,22117.095703125
