run,operation,started,time,status,label,Mmax,Smax,Smin,c1,c2,dseta,fdmax,fdmin,function,lambd,n,step,global_best,mean_global_best
2718b2fd,dsregpsoLSGO,2023-03-14 14:07:08,0:10:05,completed,Mmax=0.7 Smax=0.5 Smin=0.05 c1=2.0 c2=1.0 dseta=0.001 fdmax=1.0e-25 fdmin=1 function=4.0 lambd=0.7 n=50,0.7,0.5,0.05,2.0,1.0,0.001,1e-25,1,4.0,0.7,50,500000,1.6700999736785889,14986835394560.0
24e5febb,dsregpsoLSGO,2023-03-14 13:56:59,0:10:09,completed,Mmax=0.7 Smax=0.5 Smin=0.05 c1=2.0 c2=1.0 dseta=0.001 fdmax=1.0e-25 fdmin=0.1 function=4.0 lambd=0.7 n=50,0.7,0.5,0.05,2.0,1.0,0.001,1e-25,0.1,4.0,0.7,50,500000,1.6700999736785889,14986835394560.0
444200dc,dsregpsoLSGO,2023-03-14 13:46:48,0:10:10,completed,Mmax=0.7 Smax=0.5 Smin=0.05 c1=2.0 c2=1.0 dseta=0.001 fdmax=1.0e-25 fdmin=1.0e-05 function=4.0 lambd=0.7 n=50,0.7,0.5,0.05,2.0,1.0,0.001,1e-25,1e-05,4.0,0.7,50,500000,1.6700999736785889,14986835394560.0
37b5c416,dsregpsoLSGO,2023-03-14 13:36:46,0:10:01,completed,Mmax=0.7 Smax=0.5 Smin=0.05 c1=2.0 c2=1.0 dseta=0.001 fdmax=1.0e-25 fdmin=1.0e-10 function=4.0 lambd=0.7 n=50,0.7,0.5,0.05,2.0,1.0,0.001,1e-25,1e-10,4.0,0.7,50,500000,1.6700999736785889,14986835394560.0
015ce240,dsregpsoLSGO,2023-03-14 13:27:31,0:09:14,completed,Mmax=0.7 Smax=0.5 Smin=0.05 c1=2.0 c2=1.0 dseta=0.001 fdmax=1.0e-25 fdmin=1.0e-25 function=4.0 lambd=0.7 n=50,0.7,0.5,0.05,2.0,1.0,0.001,1e-25,1e-25,4.0,0.7,50,500000,1.948099970817566,156516253696.0
a5002e8b,dsregpsoLSGO,2023-03-14 13:18:30,0:09:00,completed,Mmax=0.7 Smax=0.5 Smin=0.05 c1=2.0 c2=1.0 dseta=0.001 fdmax=1.0e-25 fdmin=1.0e-50 function=4.0 lambd=0.7 n=50,0.7,0.5,0.05,2.0,1.0,0.001,1e-25,1e-50,4.0,0.7,50,500000,3.3152999877929688,102493437952.0
1b27dce3,dsregpsoLSGO,2023-03-14 13:09:33,0:08:56,completed,Mmax=0.7 Smax=0.5 Smin=0.05 c1=2.0 c2=1.0 dseta=0.001 fdmax=1.0e-25 fdmin=1.0e-100 function=4.0 lambd=0.7 n=50,0.7,0.5,0.05,2.0,1.0,0.001,1e-25,1e-100,4.0,0.7,50,500000,3.3152999877929688,102493437952.0
bbc71505,dsregpsoLSGO,2023-03-14 13:00:33,0:08:59,completed,Mmax=0.7 Smax=0.5 Smin=0.05 c1=2.0 c2=1.0 dseta=0.001 fdmax=1.0e-25 fdmin=1.0e-200 function=4.0 lambd=0.7 n=50,0.7,0.5,0.05,2.0,1.0,0.001,1e-25,1e-200,4.0,0.7,50,500000,3.3152999877929688,102493437952.0
