run,operation,started,time,status,label,Mmax,Smax,Smin,c1,c2,dseta,fdmax,fdmin,function,lambd,n,step,global_best,mean_global_best
d1c03063,dsregpsoLSGO,2023-04-10 16:34:50,0:04:51,completed,Mmax=0.7 Smax=0.5 Smin=0.05 c1=2.0 c2=1.0 dseta=0.001 fdmax=1.0e-25 fdmin=1 function=7.0 lambd=0.7 n=50,0.7,0.5,0.05,2.0,1.0,0.001,1e-25,1,7.0,0.7,50,500000,2.9163999557495117,2787965277306880.0
8ea4dc6d,dsregpsoLSGO,2023-04-10 16:29:59,0:04:50,completed,Mmax=0.7 Smax=0.5 Smin=0.05 c1=2.0 c2=1.0 dseta=0.001 fdmax=1.0e-25 fdmin=0.1 function=7.0 lambd=0.7 n=50,0.7,0.5,0.05,2.0,1.0,0.001,1e-25,0.1,7.0,0.7,50,500000,2.9163999557495117,2787965277306880.0
17469c04,dsregpsoLSGO,2023-04-10 16:25:07,0:04:51,completed,Mmax=0.7 Smax=0.5 Smin=0.05 c1=2.0 c2=1.0 dseta=0.001 fdmax=1.0e-25 fdmin=1.0e-05 function=7.0 lambd=0.7 n=50,0.7,0.5,0.05,2.0,1.0,0.001,1e-25,1e-05,7.0,0.7,50,500000,2.9163999557495117,2787965277306880.0
49e18871,dsregpsoLSGO,2023-04-10 16:20:09,0:04:57,completed,Mmax=0.7 Smax=0.5 Smin=0.05 c1=2.0 c2=1.0 dseta=0.001 fdmax=1.0e-25 fdmin=1.0e-10 function=7.0 lambd=0.7 n=50,0.7,0.5,0.05,2.0,1.0,0.001,1e-25,1e-10,7.0,0.7,50,500000,2.9163999557495117,2787965277306880.0
f432fa38,dsregpsoLSGO,2023-04-10 16:16:19,0:03:50,completed,Mmax=0.7 Smax=0.5 Smin=0.05 c1=2.0 c2=1.0 dseta=0.001 fdmax=1.0e-25 fdmin=1.0e-25 function=7.0 lambd=0.7 n=50,0.7,0.5,0.05,2.0,1.0,0.001,1e-25,1e-25,7.0,0.7,50,500000,5.56820011138916,1122324096.0
1bc0bd92,dsregpsoLSGO,2023-04-10 16:12:26,0:03:51,completed,Mmax=0.7 Smax=0.5 Smin=0.05 c1=2.0 c2=1.0 dseta=0.001 fdmax=1.0e-25 fdmin=1.0e-50 function=7.0 lambd=0.7 n=50,0.7,0.5,0.05,2.0,1.0,0.001,1e-25,1e-50,7.0,0.7,50,500000,1.1495000123977661,500736320.0
372cd5d4,dsregpsoLSGO,2023-04-10 16:08:30,0:03:55,completed,Mmax=0.7 Smax=0.5 Smin=0.05 c1=2.0 c2=1.0 dseta=0.001 fdmax=1.0e-25 fdmin=1.0e-100 function=7.0 lambd=0.7 n=50,0.7,0.5,0.05,2.0,1.0,0.001,1e-25,1e-100,7.0,0.7,50,500000,1.1495000123977661,500736320.0
152969df,dsregpsoLSGO,2023-04-10 16:04:40,0:03:49,completed,Mmax=0.7 Smax=0.5 Smin=0.05 c1=2.0 c2=1.0 dseta=0.001 fdmax=1.0e-25 fdmin=1.0e-200 function=7.0 lambd=0.7 n=50,0.7,0.5,0.05,2.0,1.0,0.001,1e-25,1e-200,7.0,0.7,50,500000,1.1495000123977661,500736320.0
