run,operation,started,time,status,label,Mmax,Smax,Smin,c1,c2,c3,dseta,fdmax,fdmin,function,lambd,lim_restart,n,step,global_best,mean_global_best
82150808,dsregpsoLSGO2,2023-02-21 16:47:14,0:10:18,completed,Mmax=0.7 Smax=0.5 Smin=0.05 c1=2.0 c2=1.0 c3=1.0 dseta=0.001 fdmax=1.0e-25 fdmin=1 function=1.0 lambd=0.7 lim_restart=120 n=50,0.7,0.5,0.05,2.0,1.0,1.0,0.001,1e-25,1,1.0,0.7,120,50,500000,2.08240008354187,205033095168.0
68a99655,dsregpsoLSGO2,2023-02-21 16:36:58,0:10:15,completed,Mmax=0.7 Smax=0.5 Smin=0.05 c1=2.0 c2=1.0 c3=1.0 dseta=0.001 fdmax=1.0e-25 fdmin=0.1 function=1.0 lambd=0.7 lim_restart=120 n=50,0.7,0.5,0.05,2.0,1.0,1.0,0.001,1e-25,0.1,1.0,0.7,120,50,500000,2.08240008354187,205033095168.0
d22ef294,dsregpsoLSGO2,2023-02-21 16:26:35,0:10:21,completed,Mmax=0.7 Smax=0.5 Smin=0.05 c1=2.0 c2=1.0 c3=1.0 dseta=0.001 fdmax=1.0e-25 fdmin=1.0e-05 function=1.0 lambd=0.7 lim_restart=120 n=50,0.7,0.5,0.05,2.0,1.0,1.0,0.001,1e-25,1e-05,1.0,0.7,120,50,500000,2.08240008354187,205033095168.0
bed8a6c0,dsregpsoLSGO2,2023-02-21 16:16:30,0:10:05,completed,Mmax=0.7 Smax=0.5 Smin=0.05 c1=2.0 c2=1.0 c3=1.0 dseta=0.001 fdmax=1.0e-25 fdmin=1.0e-10 function=1.0 lambd=0.7 lim_restart=120 n=50,0.7,0.5,0.05,2.0,1.0,1.0,0.001,1e-25,1e-10,1.0,0.7,120,50,500000,2.08240008354187,205033095168.0
c7e23074,dsregpsoLSGO2,2023-02-21 16:08:05,0:08:23,completed,Mmax=0.7 Smax=0.5 Smin=0.05 c1=2.0 c2=1.0 c3=1.0 dseta=0.001 fdmax=1.0e-25 fdmin=1.0e-25 function=1.0 lambd=0.7 lim_restart=120 n=50,0.7,0.5,0.05,2.0,1.0,1.0,0.001,1e-25,1e-25,1.0,0.7,120,50,500000,6.490699768066406,63669076.0
757fcc18,dsregpsoLSGO2,2023-02-21 15:59:38,0:08:26,completed,Mmax=0.7 Smax=0.5 Smin=0.05 c1=2.0 c2=1.0 c3=1.0 dseta=0.001 fdmax=1.0e-25 fdmin=1.0e-50 function=1.0 lambd=0.7 lim_restart=120 n=50,0.7,0.5,0.05,2.0,1.0,1.0,0.001,1e-25,1e-50,1.0,0.7,120,50,500000,5.792600154876709,63356756.0
73573ec4,dsregpsoLSGO2,2023-02-21 15:51:10,0:08:27,completed,Mmax=0.7 Smax=0.5 Smin=0.05 c1=2.0 c2=1.0 c3=1.0 dseta=0.001 fdmax=1.0e-25 fdmin=1.0e-100 function=1.0 lambd=0.7 lim_restart=120 n=50,0.7,0.5,0.05,2.0,1.0,1.0,0.001,1e-25,1e-100,1.0,0.7,120,50,500000,5.792600154876709,63356756.0
ff47cd6e,dsregpsoLSGO2,2023-02-21 15:42:42,0:08:27,completed,Mmax=0.7 Smax=0.5 Smin=0.05 c1=2.0 c2=1.0 c3=1.0 dseta=0.001 fdmax=1.0e-25 fdmin=1.0e-200 function=1.0 lambd=0.7 lim_restart=120 n=50,0.7,0.5,0.05,2.0,1.0,1.0,0.001,1e-25,1e-200,1.0,0.7,120,50,500000,5.792600154876709,63356756.0
