run,operation,started,time,status,label,Mmax,Smax,Smin,c1,c2,dseta,fdmax,fdmin,function,lambd,n,step,global_best,mean_global_best
c5e21141,dsregpsoLSGO,2022-11-17 18:46:40,1:05:18,completed,Mmax=0.0 Smax=0.1 Smin=0.01 c1=2.0 c2=2.0 dseta=1.0e-10 fdmax=1.0e-10 fdmin=1 function=1.0 lambd=0.1 n=1,0.0,0.1,0.01,2.0,2.0,1e-10,1e-10,1,1.0,0.1,1,3000000,2.715100049972534,273545461760.0
2a511d4a,dsregpsoLSGO,2022-11-17 17:40:55,1:05:44,completed,Mmax=0.0 Smax=0.1 Smin=0.01 c1=2.0 c2=2.0 dseta=1.0e-10 fdmax=1.0e-10 fdmin=0.1 function=1.0 lambd=0.1 n=1,0.0,0.1,0.01,2.0,2.0,1e-10,1e-10,0.1,1.0,0.1,1,3000000,2.715100049972534,273545461760.0
9237b519,dsregpsoLSGO,2022-11-17 16:35:06,1:05:48,completed,Mmax=0.0 Smax=0.1 Smin=0.01 c1=2.0 c2=2.0 dseta=1.0e-10 fdmax=1.0e-10 fdmin=0.01 function=1.0 lambd=0.1 n=1,0.0,0.1,0.01,2.0,2.0,1e-10,1e-10,0.01,1.0,0.1,1,3000000,2.715100049972534,273545461760.0
3027f8db,dsregpsoLSGO,2022-11-17 15:28:52,1:06:13,completed,Mmax=0.0 Smax=0.1 Smin=0.01 c1=2.0 c2=2.0 dseta=1.0e-10 fdmax=1.0e-10 fdmin=1.0e-05 function=1.0 lambd=0.1 n=1,0.0,0.1,0.01,2.0,2.0,1e-10,1e-10,1e-05,1.0,0.1,1,3000000,2.715100049972534,270117142528.0
3a2488d6,dsregpsoLSGO,2022-11-17 14:22:30,1:06:21,completed,Mmax=0.0 Smax=0.1 Smin=0.01 c1=2.0 c2=2.0 dseta=1.0e-10 fdmax=1.0e-10 fdmin=1.0e-10 function=1.0 lambd=0.1 n=1,0.0,0.1,0.01,2.0,2.0,1e-10,1e-10,1e-10,1.0,0.1,1,3000000,3.500499963760376,3872926.5
8ac7ad62,dsregpsoLSGO,2022-11-17 13:13:54,1:08:35,completed,Mmax=0.0 Smax=0.1 Smin=0.01 c1=2.0 c2=2.0 dseta=1.0e-10 fdmax=1.0e-10 fdmin=1.0e-25 function=1.0 lambd=0.1 n=1,0.0,0.1,0.01,2.0,2.0,1e-10,1e-10,1e-25,1.0,0.1,1,3000000,4.00600004196167,4126260.25
954b817a,dsregpsoLSGO,2022-11-17 12:07:32,1:06:21,completed,Mmax=0.0 Smax=0.1 Smin=0.01 c1=2.0 c2=2.0 dseta=1.0e-10 fdmax=1.0e-10 fdmin=1.0e-50 function=1.0 lambd=0.1 n=1,0.0,0.1,0.01,2.0,2.0,1e-10,1e-10,1e-50,1.0,0.1,1,3000000,3.899600028991699,3979133.25
7a3201a5,dsregpsoLSGO,2022-11-17 10:56:48,1:10:43,completed,Mmax=0.0 Smax=0.1 Smin=0.01 c1=2.0 c2=2.0 dseta=1.0e-10 fdmax=1.0e-10 fdmin=1.0e-100 function=1.0 lambd=0.1 n=1,0.0,0.1,0.01,2.0,2.0,1e-10,1e-10,1e-100,1.0,0.1,1,3000000,3.899600028991699,3979133.25
5c9edfd0,dsregpsoLSGO,2022-11-17 09:47:58,1:08:49,completed,Mmax=0.0 Smax=0.1 Smin=0.01 c1=2.0 c2=2.0 dseta=1.0e-10 fdmax=1.0e-10 fdmin=1.0e-200 function=1.0 lambd=0.1 n=1,0.0,0.1,0.01,2.0,2.0,1e-10,1e-10,1e-200,1.0,0.1,1,3000000,3.899600028991699,3979133.25
