run,operation,started,time,status,label,Mmax,Smax,Smin,c1,c2,c3,dseta,fdmax,fdmin,function,lambd,lim_restart,n,step,global_best,mean_global_best
b21ab512,dsregpsoLSGO2,2023-02-24 18:47:29,0:08:23,completed,Mmax=0.0 Smax=0.5 Smin=0.05 c1=2.0 c2=1.5 c3=1.0 dseta=0.01 fdmax=1.0e-100 fdmin=1.0e-100 function=1.0 lambd=1.3 lim_restart=120 n=50,0.0,0.5,0.05,2.0,1.5,1.0,0.01,1e-100,1e-100,1.0,1.3,120,50,500000,2.629300117492676,2437693.0
df9c49ed,dsregpsoLSGO2,2023-02-24 18:39:11,0:08:17,completed,Mmax=0.0 Smax=0.5 Smin=0.05 c1=2.0 c2=1.5 c3=1.0 dseta=0.01 fdmax=1.0e-100 fdmin=1.0e-100 function=1.0 lambd=1.2 lim_restart=120 n=50,0.0,0.5,0.05,2.0,1.5,1.0,0.01,1e-100,1e-100,1.0,1.2,120,50,500000,2.3252999782562256,2480238.75
dbeca3f9,dsregpsoLSGO2,2023-02-24 18:30:49,0:08:21,completed,Mmax=0.0 Smax=0.5 Smin=0.05 c1=2.0 c2=1.5 c3=1.0 dseta=0.01 fdmax=1.0e-100 fdmin=1.0e-100 function=1.0 lambd=1.1 lim_restart=120 n=50,0.0,0.5,0.05,2.0,1.5,1.0,0.01,1e-100,1e-100,1.0,1.1,120,50,500000,1.3006999492645264,1781513.375
e920d54f,dsregpsoLSGO2,2023-02-24 18:22:19,0:08:30,completed,Mmax=0.0 Smax=0.5 Smin=0.05 c1=2.0 c2=1.5 c3=1.0 dseta=0.01 fdmax=1.0e-100 fdmin=1.0e-100 function=1.0 lambd=1.0 lim_restart=120 n=50,0.0,0.5,0.05,2.0,1.5,1.0,0.01,1e-100,1e-100,1.0,1.0,120,50,500000,2.1473000049591064,2149498.75
23aab53b,dsregpsoLSGO2,2023-02-24 18:13:57,0:08:21,completed,Mmax=0.0 Smax=0.5 Smin=0.05 c1=2.0 c2=1.5 c3=1.0 dseta=0.01 fdmax=1.0e-100 fdmin=1.0e-100 function=1.0 lambd=0.9 lim_restart=120 n=50,0.0,0.5,0.05,2.0,1.5,1.0,0.01,1e-100,1e-100,1.0,0.9,120,50,500000,1.7031999826431274,2378439.25
16c36929,dsregpsoLSGO2,2023-02-24 18:05:22,0:08:34,completed,Mmax=0.0 Smax=0.5 Smin=0.05 c1=2.0 c2=1.5 c3=1.0 dseta=0.01 fdmax=1.0e-100 fdmin=1.0e-100 function=1.0 lambd=0.8 lim_restart=120 n=50,0.0,0.5,0.05,2.0,1.5,1.0,0.01,1e-100,1e-100,1.0,0.8,120,50,500000,3.1266000270843506,2365595.0
7d6c80e3,dsregpsoLSGO2,2023-02-24 17:56:46,0:08:34,completed,Mmax=0.0 Smax=0.5 Smin=0.05 c1=2.0 c2=1.5 c3=1.0 dseta=0.01 fdmax=1.0e-100 fdmin=1.0e-100 function=1.0 lambd=0.7 lim_restart=120 n=50,0.0,0.5,0.05,2.0,1.5,1.0,0.01,1e-100,1e-100,1.0,0.7,120,50,500000,1.4768999814987183,1857869.625
77c68b54,dsregpsoLSGO2,2023-02-24 17:48:28,0:08:17,completed,Mmax=0.0 Smax=0.5 Smin=0.05 c1=2.0 c2=1.5 c3=1.0 dseta=0.01 fdmax=1.0e-100 fdmin=1.0e-100 function=1.0 lambd=0.6 lim_restart=120 n=50,0.0,0.5,0.05,2.0,1.5,1.0,0.01,1e-100,1e-100,1.0,0.6,120,50,500000,1.715499997138977,1865029.375
cb2b56a7,dsregpsoLSGO2,2023-02-24 17:40:14,0:08:14,completed,Mmax=0.0 Smax=0.5 Smin=0.05 c1=2.0 c2=1.5 c3=1.0 dseta=0.01 fdmax=1.0e-100 fdmin=1.0e-100 function=1.0 lambd=0.5 lim_restart=120 n=50,0.0,0.5,0.05,2.0,1.5,1.0,0.01,1e-100,1e-100,1.0,0.5,120,50,500000,2.425800085067749,2103024.0
6b02ad1a,dsregpsoLSGO2,2023-02-24 17:31:54,0:08:19,completed,Mmax=0.0 Smax=0.5 Smin=0.05 c1=2.0 c2=1.5 c3=1.0 dseta=0.01 fdmax=1.0e-100 fdmin=1.0e-100 function=1.0 lambd=0.4 lim_restart=120 n=50,0.0,0.5,0.05,2.0,1.5,1.0,0.01,1e-100,1e-100,1.0,0.4,120,50,500000,3.103300094604492,2640579.0
fa51309c,dsregpsoLSGO2,2023-02-24 17:23:23,0:08:29,completed,Mmax=0.0 Smax=0.5 Smin=0.05 c1=2.0 c2=1.5 c3=1.0 dseta=0.01 fdmax=1.0e-100 fdmin=1.0e-100 function=1.0 lambd=0.3 lim_restart=120 n=50,0.0,0.5,0.05,2.0,1.5,1.0,0.01,1e-100,1e-100,1.0,0.3,120,50,500000,3.8726999759674072,3782355.75
43218fb2,dsregpsoLSGO2,2023-02-24 17:15:07,0:08:15,completed,Mmax=0.0 Smax=0.5 Smin=0.05 c1=2.0 c2=1.5 c3=1.0 dseta=0.01 fdmax=1.0e-100 fdmin=1.0e-100 function=1.0 lambd=0.2 lim_restart=120 n=50,0.0,0.5,0.05,2.0,1.5,1.0,0.01,1e-100,1e-100,1.0,0.2,120,50,500000,8.233699798583984,7219474.0
3f562c41,dsregpsoLSGO2,2023-02-24 17:06:44,0:08:23,completed,Mmax=0.0 Smax=0.5 Smin=0.05 c1=2.0 c2=1.5 c3=1.0 dseta=0.01 fdmax=1.0e-100 fdmin=1.0e-100 function=1.0 lambd=0.1 lim_restart=120 n=50,0.0,0.5,0.05,2.0,1.5,1.0,0.01,1e-100,1e-100,1.0,0.1,120,50,500000,7.692999839782715,73325496.0
