run,operation,started,time,status,label,Mmax,Smax,Smin,c1,c2,dseta,fdmax,fdmin,function,lambd,n,step,global_best,mean_global_best
09ac8c7b,dsregpsoLSGO,2023-04-12 16:02:38,0:04:19,completed,Mmax=0.4 Smax=0.5 Smin=0.05 c1=2.0 c2=1.5 dseta=0.01 fdmax=1.0e-10 fdmin=1.0e-50 function=7.0 lambd=1.3 n=50,0.4,0.5,0.05,2.0,1.5,0.01,1e-10,1e-50,7.0,1.3,50,500000,3.485300064086914,44726748.0
2f2312fd,dsregpsoLSGO,2023-04-12 15:58:19,0:04:19,completed,Mmax=0.4 Smax=0.5 Smin=0.05 c1=2.0 c2=1.5 dseta=0.01 fdmax=1.0e-10 fdmin=1.0e-50 function=7.0 lambd=1.2 n=50,0.4,0.5,0.05,2.0,1.5,0.01,1e-10,1e-50,7.0,1.2,50,500000,6.828999996185303,51633324.0
ec3a9b93,dsregpsoLSGO,2023-04-12 15:53:49,0:04:29,completed,Mmax=0.4 Smax=0.5 Smin=0.05 c1=2.0 c2=1.5 dseta=0.01 fdmax=1.0e-10 fdmin=1.0e-50 function=7.0 lambd=1.1 n=50,0.4,0.5,0.05,2.0,1.5,0.01,1e-10,1e-50,7.0,1.1,50,500000,4.351500034332275,51007872.0
af9ee41f,dsregpsoLSGO,2023-04-12 15:49:28,0:04:20,completed,Mmax=0.4 Smax=0.5 Smin=0.05 c1=2.0 c2=1.5 dseta=0.01 fdmax=1.0e-10 fdmin=1.0e-50 function=7.0 lambd=1.0 n=50,0.4,0.5,0.05,2.0,1.5,0.01,1e-10,1e-50,7.0,1.0,50,500000,3.561199903488159,47642816.0
c73c99bb,dsregpsoLSGO,2023-04-12 15:45:07,0:04:20,completed,Mmax=0.4 Smax=0.5 Smin=0.05 c1=2.0 c2=1.5 dseta=0.01 fdmax=1.0e-10 fdmin=1.0e-50 function=7.0 lambd=0.9 n=50,0.4,0.5,0.05,2.0,1.5,0.01,1e-10,1e-50,7.0,0.9,50,500000,3.7541000843048096,44632928.0
dc312688,dsregpsoLSGO,2023-04-12 15:40:40,0:04:26,completed,Mmax=0.4 Smax=0.5 Smin=0.05 c1=2.0 c2=1.5 dseta=0.01 fdmax=1.0e-10 fdmin=1.0e-50 function=7.0 lambd=0.8 n=50,0.4,0.5,0.05,2.0,1.5,0.01,1e-10,1e-50,7.0,0.8,50,500000,2.862600088119507,49041092.0
ca0d4ab7,dsregpsoLSGO,2023-04-12 15:36:21,0:04:18,completed,Mmax=0.4 Smax=0.5 Smin=0.05 c1=2.0 c2=1.5 dseta=0.01 fdmax=1.0e-10 fdmin=1.0e-50 function=7.0 lambd=0.7 n=50,0.4,0.5,0.05,2.0,1.5,0.01,1e-10,1e-50,7.0,0.7,50,500000,3.4553000926971436,36539520.0
39d97b1c,dsregpsoLSGO,2023-04-12 15:32:00,0:04:21,completed,Mmax=0.4 Smax=0.5 Smin=0.05 c1=2.0 c2=1.5 dseta=0.01 fdmax=1.0e-10 fdmin=1.0e-50 function=7.0 lambd=0.6 n=50,0.4,0.5,0.05,2.0,1.5,0.01,1e-10,1e-50,7.0,0.6,50,500000,3.7943999767303467,45860656.0
3dc75bfa,dsregpsoLSGO,2023-04-12 15:27:37,0:04:21,completed,Mmax=0.4 Smax=0.5 Smin=0.05 c1=2.0 c2=1.5 dseta=0.01 fdmax=1.0e-10 fdmin=1.0e-50 function=7.0 lambd=0.5 n=50,0.4,0.5,0.05,2.0,1.5,0.01,1e-10,1e-50,7.0,0.5,50,500000,4.34689998626709,36928020.0
00b41d1f,dsregpsoLSGO,2023-04-12 15:23:10,0:04:26,completed,Mmax=0.4 Smax=0.5 Smin=0.05 c1=2.0 c2=1.5 dseta=0.01 fdmax=1.0e-10 fdmin=1.0e-50 function=7.0 lambd=0.4 n=50,0.4,0.5,0.05,2.0,1.5,0.01,1e-10,1e-50,7.0,0.4,50,500000,4.119999885559082,34964724.0
b22037fc,dsregpsoLSGO,2023-04-12 15:18:47,0:04:22,completed,Mmax=0.4 Smax=0.5 Smin=0.05 c1=2.0 c2=1.5 dseta=0.01 fdmax=1.0e-10 fdmin=1.0e-50 function=7.0 lambd=0.3 n=50,0.4,0.5,0.05,2.0,1.5,0.01,1e-10,1e-50,7.0,0.3,50,500000,2.3742001056671143,28284994.0
d0a0fd4c,dsregpsoLSGO,2023-04-12 15:14:24,0:04:22,completed,Mmax=0.4 Smax=0.5 Smin=0.05 c1=2.0 c2=1.5 dseta=0.01 fdmax=1.0e-10 fdmin=1.0e-50 function=7.0 lambd=0.2 n=50,0.4,0.5,0.05,2.0,1.5,0.01,1e-10,1e-50,7.0,0.2,50,500000,4.121799945831299,33440310.0
ae6001c2,dsregpsoLSGO,2023-04-12 15:10:04,0:04:19,completed,Mmax=0.4 Smax=0.5 Smin=0.05 c1=2.0 c2=1.5 dseta=0.01 fdmax=1.0e-10 fdmin=1.0e-50 function=7.0 lambd=0.1 n=50,0.4,0.5,0.05,2.0,1.5,0.01,1e-10,1e-50,7.0,0.1,50,500000,3.763400077819824,42680824.0
