run,operation,started,time,status,label,Mmax,Smax,Smin,c1,c2,dseta,fdmax,fdmin,function,lambd,n,step,global_best,mean_global_best
30b41a1a,dsregpsoLSGO,2023-03-22 10:32:42,0:10:44,completed,Mmax=1.3 Smax=0.5 Smin=0.05 c1=2.0 c2=2.0 dseta=0.05 fdmax=1 fdmin=1.0e-50 function=5.0 lambd=1.3 n=50,1.3,0.5,0.05,2.0,2.0,0.05,1,1e-50,5.0,1.3,50,500000,7.3354997634887695,9699687.0
6e13975c,dsregpsoLSGO,2023-03-22 10:21:54,0:10:47,completed,Mmax=1.3 Smax=0.5 Smin=0.05 c1=2.0 c2=2.0 dseta=0.05 fdmax=1 fdmin=1.0e-50 function=5.0 lambd=1.2 n=50,1.3,0.5,0.05,2.0,2.0,0.05,1,1e-50,5.0,1.2,50,500000,7.199900150299072,10358321.0
6e0c1aa6,dsregpsoLSGO,2023-03-22 10:11:12,0:10:41,completed,Mmax=1.3 Smax=0.5 Smin=0.05 c1=2.0 c2=2.0 dseta=0.05 fdmax=1 fdmin=1.0e-50 function=5.0 lambd=1.1 n=50,1.3,0.5,0.05,2.0,2.0,0.05,1,1e-50,5.0,1.1,50,500000,6.203499794006348,10929560.0
ccec1136,dsregpsoLSGO,2023-03-22 10:00:27,0:10:44,completed,Mmax=1.3 Smax=0.5 Smin=0.05 c1=2.0 c2=2.0 dseta=0.05 fdmax=1 fdmin=1.0e-50 function=5.0 lambd=1.0 n=50,1.3,0.5,0.05,2.0,2.0,0.05,1,1e-50,5.0,1.0,50,500000,1.044800043106079,9727373.0
55855b96,dsregpsoLSGO,2023-03-22 09:49:38,0:10:48,completed,Mmax=1.3 Smax=0.5 Smin=0.05 c1=2.0 c2=2.0 dseta=0.05 fdmax=1 fdmin=1.0e-50 function=5.0 lambd=0.9 n=50,1.3,0.5,0.05,2.0,2.0,0.05,1,1e-50,5.0,0.9,50,500000,1.2674000263214111,12929446.0
e4316750,dsregpsoLSGO,2023-03-22 09:39:00,0:10:37,completed,Mmax=1.3 Smax=0.5 Smin=0.05 c1=2.0 c2=2.0 dseta=0.05 fdmax=1 fdmin=1.0e-50 function=5.0 lambd=0.8 n=50,1.3,0.5,0.05,2.0,2.0,0.05,1,1e-50,5.0,0.8,50,500000,1.8515000343322754,12774833.0
b23aba6a,dsregpsoLSGO,2023-03-22 09:28:21,0:10:38,completed,Mmax=1.3 Smax=0.5 Smin=0.05 c1=2.0 c2=2.0 dseta=0.05 fdmax=1 fdmin=1.0e-50 function=5.0 lambd=0.7 n=50,1.3,0.5,0.05,2.0,2.0,0.05,1,1e-50,5.0,0.7,50,500000,1.7350000143051147,12895415.0
34376d17,dsregpsoLSGO,2023-03-22 09:17:35,0:10:46,completed,Mmax=1.3 Smax=0.5 Smin=0.05 c1=2.0 c2=2.0 dseta=0.05 fdmax=1 fdmin=1.0e-50 function=5.0 lambd=0.6 n=50,1.3,0.5,0.05,2.0,2.0,0.05,1,1e-50,5.0,0.6,50,500000,1.6304999589920044,14717145.0
6982c54c,dsregpsoLSGO,2023-03-22 09:06:53,0:10:41,completed,Mmax=1.3 Smax=0.5 Smin=0.05 c1=2.0 c2=2.0 dseta=0.05 fdmax=1 fdmin=1.0e-50 function=5.0 lambd=0.5 n=50,1.3,0.5,0.05,2.0,2.0,0.05,1,1e-50,5.0,0.5,50,500000,1.1097999811172485,17622098.0
39490bf3,dsregpsoLSGO,2023-03-22 08:56:08,0:10:44,completed,Mmax=1.3 Smax=0.5 Smin=0.05 c1=2.0 c2=2.0 dseta=0.05 fdmax=1 fdmin=1.0e-50 function=5.0 lambd=0.4 n=50,1.3,0.5,0.05,2.0,2.0,0.05,1,1e-50,5.0,0.4,50,500000,2.629199981689453,16985922.0
76771095,dsregpsoLSGO,2023-03-22 08:45:21,0:10:46,completed,Mmax=1.3 Smax=0.5 Smin=0.05 c1=2.0 c2=2.0 dseta=0.05 fdmax=1 fdmin=1.0e-50 function=5.0 lambd=0.3 n=50,1.3,0.5,0.05,2.0,2.0,0.05,1,1e-50,5.0,0.3,50,500000,2.4988999366760254,19120134.0
33fd1a4a,dsregpsoLSGO,2023-03-22 08:34:41,0:10:39,completed,Mmax=1.3 Smax=0.5 Smin=0.05 c1=2.0 c2=2.0 dseta=0.05 fdmax=1 fdmin=1.0e-50 function=5.0 lambd=0.2 n=50,1.3,0.5,0.05,2.0,2.0,0.05,1,1e-50,5.0,0.2,50,500000,1.7654999494552612,22837846.0
c6cc3e09,dsregpsoLSGO,2023-03-22 08:24:00,0:10:40,completed,Mmax=1.3 Smax=0.5 Smin=0.05 c1=2.0 c2=2.0 dseta=0.05 fdmax=1 fdmin=1.0e-50 function=5.0 lambd=0.1 n=50,1.3,0.5,0.05,2.0,2.0,0.05,1,1e-50,5.0,0.1,50,500000,2.4651999473571777,23116754.0
