run,operation,started,time,status,label,Mmax,Smax,Smin,c1,c2,c3,dseta,fdmax,fdmin,function,lambd,lim_restart,n,step,global_best,mean_global_best
4d05bc2b,dsregpsoLSGO2,2023-03-09 19:10:14,1:05:30,completed,Mmax=0.0 Smax=0.5 Smin=0.02 c1=2.0 c2=1.5 c3=1.0 dseta=0.01 fdmax=0.1 fdmin=1.0e-200 function=2.0 lambd=1.2 lim_restart=120 n=10,0.0,0.5,0.02,2.0,1.5,1.0,0.01,0.1,1e-200,2.0,1.2,120,10,3000000,4.508500099182129,4806.99951171875
409759b4,dsregpsoLSGO2,2023-03-09 18:02:45,1:07:28,completed,Mmax=0.0 Smax=0.5 Smin=0.02 c1=2.0 c2=1.5 c3=1.0 dseta=0.01 fdmax=0.1 fdmin=1.0e-200 function=2.0 lambd=1.2 lim_restart=100 n=10,0.0,0.5,0.02,2.0,1.5,1.0,0.01,0.1,1e-200,2.0,1.2,100,10,3000000,4.463200092315674,4997.13720703125
d8d29910,dsregpsoLSGO2,2023-03-09 16:54:19,1:08:24,completed,Mmax=0.0 Smax=0.5 Smin=0.02 c1=2.0 c2=1.5 c3=1.0 dseta=0.01 fdmax=0.1 fdmin=1.0e-200 function=2.0 lambd=1.2 lim_restart=80 n=10,0.0,0.5,0.02,2.0,1.5,1.0,0.01,0.1,1e-200,2.0,1.2,80,10,3000000,6.024700164794922,5783.76708984375
69be6144,dsregpsoLSGO2,2023-03-09 15:43:00,1:07:00,completed,Mmax=0.0 Smax=0.5 Smin=0.02 c1=2.0 c2=1.5 c3=1.0 dseta=0.01 fdmax=0.1 fdmin=1.0e-200 function=2.0 lambd=1.2 lim_restart=60 n=10,0.0,0.5,0.02,2.0,1.5,1.0,0.01,0.1,1e-200,2.0,1.2,60,10,3000000,6.98829984664917,6593.84326171875
335edf07,dsregpsoLSGO2,2023-03-09 14:00:53,1:16:18,completed,Mmax=0.0 Smax=0.5 Smin=0.02 c1=2.0 c2=1.5 c3=1.0 dseta=0.01 fdmax=0.1 fdmin=1.0e-200 function=2.0 lambd=1.2 lim_restart=40 n=10,0.0,0.5,0.02,2.0,1.5,1.0,0.01,0.1,1e-200,2.0,1.2,40,10,3000000,8.058600425720215,7980.76171875
b7311e53,dsregpsoLSGO2,2023-03-09 12:31:45,1:29:07,completed,Mmax=0.0 Smax=0.5 Smin=0.02 c1=2.0 c2=1.5 c3=1.0 dseta=0.01 fdmax=0.1 fdmin=1.0e-200 function=2.0 lambd=1.2 lim_restart=20 n=10,0.0,0.5,0.02,2.0,1.5,1.0,0.01,0.1,1e-200,2.0,1.2,20,10,3000000,1.1536999940872192,11643.8037109375
