run,operation,started,time,status,label,Mmax,Smax,Smin,c1,c2,c3,dseta,fdmax,fdmin,function,lambd,lim_restart,n,step,global_best,mean_global_best
f03cfb3d,dsregpsoLSGO2,2023-03-02 15:57:13,0:48:40,completed,Mmax=0.0 Smax=0.5 Smin=0.05 c1=2.0 c2=1.5 c3=1.0 dseta=0.01 fdmax=1.0e-100 fdmin=1.0e-100 function=1.0 lambd=1.1 lim_restart=120 n=40,0.0,0.5,0.05,2.0,1.5,1.0,0.01,1e-100,1e-100,1.0,1.1,120,40,3000000,5.735799789428711,0.0005351360887289047
61d172a8,dsregpsoLSGO2,2023-03-02 15:08:21,0:48:50,completed,Mmax=0.0 Smax=0.5 Smin=0.05 c1=2.0 c2=1.5 c3=1.0 dseta=0.01 fdmax=1.0e-100 fdmin=1.0e-100 function=1.0 lambd=1.1 lim_restart=100 n=40,0.0,0.5,0.05,2.0,1.5,1.0,0.01,1e-100,1e-100,1.0,1.1,100,40,3000000,5.735799789428711,0.0005351360887289047
dbc286b5,dsregpsoLSGO2,2023-03-02 14:18:47,0:49:33,completed,Mmax=0.0 Smax=0.5 Smin=0.05 c1=2.0 c2=1.5 c3=1.0 dseta=0.01 fdmax=1.0e-100 fdmin=1.0e-100 function=1.0 lambd=1.1 lim_restart=80 n=40,0.0,0.5,0.05,2.0,1.5,1.0,0.01,1e-100,1e-100,1.0,1.1,80,40,3000000,5.735799789428711,0.0005351360887289047
ae4a8db1,dsregpsoLSGO2,2023-03-02 13:29:25,0:49:21,completed,Mmax=0.0 Smax=0.5 Smin=0.05 c1=2.0 c2=1.5 c3=1.0 dseta=0.01 fdmax=1.0e-100 fdmin=1.0e-100 function=1.0 lambd=1.1 lim_restart=60 n=40,0.0,0.5,0.05,2.0,1.5,1.0,0.01,1e-100,1e-100,1.0,1.1,60,40,3000000,5.735799789428711,0.0005351360887289047
6084ec9b,dsregpsoLSGO2,2023-03-02 12:36:06,0:53:17,completed,Mmax=0.0 Smax=0.5 Smin=0.05 c1=2.0 c2=1.5 c3=1.0 dseta=0.01 fdmax=1.0e-100 fdmin=1.0e-100 function=1.0 lambd=1.1 lim_restart=40 n=40,0.0,0.5,0.05,2.0,1.5,1.0,0.01,1e-100,1e-100,1.0,1.1,40,40,3000000,1.5844999551773071,991960.1875
792e2fbc,dsregpsoLSGO2,2023-03-02 11:31:36,1:04:29,completed,Mmax=0.0 Smax=0.5 Smin=0.05 c1=2.0 c2=1.5 c3=1.0 dseta=0.01 fdmax=1.0e-100 fdmin=1.0e-100 function=1.0 lambd=1.1 lim_restart=20 n=40,0.0,0.5,0.05,2.0,1.5,1.0,0.01,1e-100,1e-100,1.0,1.1,20,40,3000000,4.655600070953369,41772636.0
