run,operation,started,time,status,label,Mmax,Smax,Smin,c1,c2,dseta,fdmax,fdmin,function,lambd,n,step,global_best,mean_global_best
ade31c7f,dsregpsoLSGO,2023-03-18 14:47:36,0:10:20,completed,Mmax=1.3 Smax=0.5 Smin=0.05 c1=2.0 c2=1.0 dseta=0.05 fdmax=1 fdmin=1.0e-50 function=5.0 lambd=0.7 n=50,1.3,0.5,0.05,2.0,1.0,0.05,1,1e-50,5.0,0.7,50,500000,3.165600061416626,25174112.0
27df24cf,dsregpsoLSGO,2023-03-18 14:37:30,0:10:05,completed,Mmax=1.2 Smax=0.5 Smin=0.05 c1=2.0 c2=1.0 dseta=0.05 fdmax=1 fdmin=1.0e-50 function=5.0 lambd=0.7 n=50,1.2,0.5,0.05,2.0,1.0,0.05,1,1e-50,5.0,0.7,50,500000,3.0980000495910645,26115540.0
003b68ae,dsregpsoLSGO,2023-03-18 14:27:22,0:10:07,completed,Mmax=1.1 Smax=0.5 Smin=0.05 c1=2.0 c2=1.0 dseta=0.05 fdmax=1 fdmin=1.0e-50 function=5.0 lambd=0.7 n=50,1.1,0.5,0.05,2.0,1.0,0.05,1,1e-50,5.0,0.7,50,500000,3.097399950027466,31703344.0
801f54e5,dsregpsoLSGO,2023-03-18 14:17:01,0:10:20,completed,Mmax=1.0 Smax=0.5 Smin=0.05 c1=2.0 c2=1.0 dseta=0.05 fdmax=1 fdmin=1.0e-50 function=5.0 lambd=0.7 n=50,1.0,0.5,0.05,2.0,1.0,0.05,1,1e-50,5.0,0.7,50,500000,2.9702999591827393,29626292.0
31810c94,dsregpsoLSGO,2023-03-18 14:06:57,0:10:03,completed,Mmax=0.9 Smax=0.5 Smin=0.05 c1=2.0 c2=1.0 dseta=0.05 fdmax=1 fdmin=1.0e-50 function=5.0 lambd=0.7 n=50,0.9,0.5,0.05,2.0,1.0,0.05,1,1e-50,5.0,0.7,50,500000,2.9781999588012695,28582958.0
de3a61ad,dsregpsoLSGO,2023-03-18 13:58:01,0:08:56,completed,Mmax=0.8 Smax=0.5 Smin=0.05 c1=2.0 c2=1.0 dseta=0.05 fdmax=1 fdmin=1.0e-50 function=5.0 lambd=0.7 n=50,0.8,0.5,0.05,2.0,1.0,0.05,1,1e-50,5.0,0.7,50,500000,2.9228999614715576,29750038.0
e51bcba8,dsregpsoLSGO,2023-03-18 13:49:44,0:08:16,completed,Mmax=0.7 Smax=0.5 Smin=0.05 c1=2.0 c2=1.0 dseta=0.05 fdmax=1 fdmin=1.0e-50 function=5.0 lambd=0.7 n=50,0.7,0.5,0.05,2.0,1.0,0.05,1,1e-50,5.0,0.7,50,500000,2.6937999725341797,25917836.0
225ebef8,dsregpsoLSGO,2023-03-18 13:41:28,0:08:15,completed,Mmax=0.6 Smax=0.5 Smin=0.05 c1=2.0 c2=1.0 dseta=0.05 fdmax=1 fdmin=1.0e-50 function=5.0 lambd=0.7 n=50,0.6,0.5,0.05,2.0,1.0,0.05,1,1e-50,5.0,0.7,50,500000,2.490299940109253,26916326.0
d0951c48,dsregpsoLSGO,2023-03-18 13:33:06,0:08:20,completed,Mmax=0.5 Smax=0.5 Smin=0.05 c1=2.0 c2=1.0 dseta=0.05 fdmax=1 fdmin=1.0e-50 function=5.0 lambd=0.7 n=50,0.5,0.5,0.05,2.0,1.0,0.05,1,1e-50,5.0,0.7,50,500000,2.579900026321411,27869222.0
15f33a2d,dsregpsoLSGO,2023-03-18 13:24:54,0:08:12,completed,Mmax=0.4 Smax=0.5 Smin=0.05 c1=2.0 c2=1.0 dseta=0.05 fdmax=1 fdmin=1.0e-50 function=5.0 lambd=0.7 n=50,0.4,0.5,0.05,2.0,1.0,0.05,1,1e-50,5.0,0.7,50,500000,3.2980000972747803,29488544.0
bc1a9e44,dsregpsoLSGO,2023-03-18 13:16:31,0:08:21,completed,Mmax=0.3 Smax=0.5 Smin=0.05 c1=2.0 c2=1.0 dseta=0.05 fdmax=1 fdmin=1.0e-50 function=5.0 lambd=0.7 n=50,0.3,0.5,0.05,2.0,1.0,0.05,1,1e-50,5.0,0.7,50,500000,3.283400058746338,27911472.0
49dd9769,dsregpsoLSGO,2023-03-18 13:08:19,0:08:11,completed,Mmax=0.2 Smax=0.5 Smin=0.05 c1=2.0 c2=1.0 dseta=0.05 fdmax=1 fdmin=1.0e-50 function=5.0 lambd=0.7 n=50,0.2,0.5,0.05,2.0,1.0,0.05,1,1e-50,5.0,0.7,50,500000,2.62280011177063,27914770.0
0b8480e3,dsregpsoLSGO,2023-03-18 12:59:59,0:08:19,completed,Mmax=0.1 Smax=0.5 Smin=0.05 c1=2.0 c2=1.0 dseta=0.05 fdmax=1 fdmin=1.0e-50 function=5.0 lambd=0.7 n=50,0.1,0.5,0.05,2.0,1.0,0.05,1,1e-50,5.0,0.7,50,500000,3.5281999111175537,30266370.0
417c0dc2,dsregpsoLSGO,2023-03-18 12:51:38,0:08:20,completed,Mmax=0.0 Smax=0.5 Smin=0.05 c1=2.0 c2=1.0 dseta=0.05 fdmax=1 fdmin=1.0e-50 function=5.0 lambd=0.7 n=50,0.0,0.5,0.05,2.0,1.0,0.05,1,1e-50,5.0,0.7,50,500000,3.109800100326538,28424450.0
