run,operation,started,time,status,label,Mmax,Smax,Smin,c1,c2,dseta,fdmax,fdmin,function,lambd,n,step,global_best,mean_global_best
5d41ab4d,dsregpsoLSGO,2022-11-18 16:19:24,0:40:03,completed,Mmax=0.0 Smax=0.1 Smin=0.01 c1=2.0 c2=2.0 dseta=1.0e-10 fdmax=1.0e-10 fdmin=1.0e-10 function=1.0 lambd=0.1 n=100,0.0,0.1,0.01,2.0,2.0,1e-10,1e-10,1e-10,1.0,0.1,100,3000000,8.957500457763672,9430037504.0
6811e14b,dsregpsoLSGO,2022-11-18 15:38:51,0:40:32,completed,Mmax=0.0 Smax=0.1 Smin=0.01 c1=2.0 c2=2.0 dseta=1.0e-10 fdmax=1.0e-10 fdmin=1.0e-10 function=1.0 lambd=0.1 n=90,0.0,0.1,0.01,2.0,2.0,1e-10,1e-10,1e-10,1.0,0.1,90,2970000,8.657899856567383,8012566528.0
36a950ec,dsregpsoLSGO,2022-11-18 15:00:02,0:38:49,completed,Mmax=0.0 Smax=0.1 Smin=0.01 c1=2.0 c2=2.0 dseta=1.0e-10 fdmax=1.0e-10 fdmin=1.0e-10 function=1.0 lambd=0.1 n=80,0.0,0.1,0.01,2.0,2.0,1e-10,1e-10,1e-10,1.0,0.1,80,3000000,6.0304999351501465,6264471552.0
86f53043,dsregpsoLSGO,2022-11-18 14:21:26,0:38:35,completed,Mmax=0.0 Smax=0.1 Smin=0.01 c1=2.0 c2=2.0 dseta=1.0e-10 fdmax=1.0e-10 fdmin=1.0e-10 function=1.0 lambd=0.1 n=70,0.0,0.1,0.01,2.0,2.0,1e-10,1e-10,1e-10,1.0,0.1,70,2940000,4.909200191497803,4606378496.0
bf0027fa,dsregpsoLSGO,2022-11-18 13:42:47,0:38:38,completed,Mmax=0.0 Smax=0.1 Smin=0.01 c1=2.0 c2=2.0 dseta=1.0e-10 fdmax=1.0e-10 fdmin=1.0e-10 function=1.0 lambd=0.1 n=60,0.0,0.1,0.01,2.0,2.0,1e-10,1e-10,1e-10,1.0,0.1,60,3000000,2.887399911880493,2896980224.0
c800cdba,dsregpsoLSGO,2022-11-18 13:04:03,0:38:43,completed,Mmax=0.0 Smax=0.1 Smin=0.01 c1=2.0 c2=2.0 dseta=1.0e-10 fdmax=1.0e-10 fdmin=1.0e-10 function=1.0 lambd=0.1 n=50,0.0,0.1,0.01,2.0,2.0,1e-10,1e-10,1e-10,1.0,0.1,50,3000000,1.0195000171661377,1084408960.0
7a9e8516,dsregpsoLSGO,2022-11-18 12:23:39,0:40:23,completed,Mmax=0.0 Smax=0.1 Smin=0.01 c1=2.0 c2=2.0 dseta=1.0e-10 fdmax=1.0e-10 fdmin=1.0e-10 function=1.0 lambd=0.1 n=40,0.0,0.1,0.01,2.0,2.0,1e-10,1e-10,1e-10,1.0,0.1,40,3000000,4.083600044250488,414023296.0
5d06b29f,dsregpsoLSGO,2022-11-18 11:45:15,0:38:23,completed,Mmax=0.0 Smax=0.1 Smin=0.01 c1=2.0 c2=2.0 dseta=1.0e-10 fdmax=1.0e-10 fdmin=1.0e-10 function=1.0 lambd=0.1 n=30,0.0,0.1,0.01,2.0,2.0,1e-10,1e-10,1e-10,1.0,0.1,30,3000000,3.142699956893921,301990848.0
a30a8235,dsregpsoLSGO,2022-11-18 11:06:22,0:38:51,completed,Mmax=0.0 Smax=0.1 Smin=0.01 c1=2.0 c2=2.0 dseta=1.0e-10 fdmax=1.0e-10 fdmin=1.0e-10 function=1.0 lambd=0.1 n=20,0.0,0.1,0.01,2.0,2.0,1e-10,1e-10,1e-10,1.0,0.1,20,3000000,2.2767999172210693,236275424.0
6b4aee5e,dsregpsoLSGO,2022-11-18 10:25:42,0:40:39,completed,Mmax=0.0 Smax=0.1 Smin=0.01 c1=2.0 c2=2.0 dseta=1.0e-10 fdmax=1.0e-10 fdmin=1.0e-10 function=1.0 lambd=0.1 n=10,0.0,0.1,0.01,2.0,2.0,1e-10,1e-10,1e-10,1.0,0.1,10,3000000,1.4742000102996826,142646384.0
08cab9c1,dsregpsoLSGO,2022-11-18 09:41:50,0:43:51,completed,Mmax=0.0 Smax=0.1 Smin=0.01 c1=2.0 c2=2.0 dseta=1.0e-10 fdmax=1.0e-10 fdmin=1.0e-10 function=1.0 lambd=0.1 n=5,0.0,0.1,0.01,2.0,2.0,1e-10,1e-10,1e-10,1.0,0.1,5,3000000,7.381400108337402,68581896.0
106c7438,dsregpsoLSGO,2022-11-18 08:34:22,1:07:27,completed,Mmax=0.0 Smax=0.1 Smin=0.01 c1=2.0 c2=2.0 dseta=1.0e-10 fdmax=1.0e-10 fdmin=1.0e-10 function=1.0 lambd=0.1 n=1,0.0,0.1,0.01,2.0,2.0,1e-10,1e-10,1e-10,1.0,0.1,1,3000000,3.500499963760376,3872926.5
