run,operation,started,time,status,label,Mmax,Smax,Smin,c1,c2,c3,dseta,fdmax,fdmin,function,lambd,lim_restart,n,step,global_best,mean_global_best
10668eca,dsregpsoLSGO2,2023-03-02 10:49:28,0:08:30,completed,Mmax=0.0 Smax=0.5 Smin=0.05 c1=2.0 c2=1.5 c3=1.0 dseta=0.01 fdmax=1.0e-100 fdmin=1.0e-100 function=1.0 lambd=1.1 lim_restart=120 n=100,0.0,0.5,0.05,2.0,1.5,1.0,0.01,1e-100,1e-100,1.0,1.1,120,100,500000,1.9723999500274658,17539656.0
a5ddc0f1,dsregpsoLSGO2,2023-03-02 10:41:07,0:08:20,completed,Mmax=0.0 Smax=0.5 Smin=0.05 c1=2.0 c2=1.5 c3=1.0 dseta=0.01 fdmax=1.0e-100 fdmin=1.0e-100 function=1.0 lambd=1.1 lim_restart=120 n=90,0.0,0.5,0.05,2.0,1.5,1.0,0.01,1e-100,1e-100,1.0,1.1,120,90,450000,1.4106999635696411,12554876.0
d0c463d2,dsregpsoLSGO2,2023-03-02 10:32:39,0:08:27,completed,Mmax=0.0 Smax=0.5 Smin=0.05 c1=2.0 c2=1.5 c3=1.0 dseta=0.01 fdmax=1.0e-100 fdmin=1.0e-100 function=1.0 lambd=1.1 lim_restart=120 n=80,0.0,0.5,0.05,2.0,1.5,1.0,0.01,1e-100,1e-100,1.0,1.1,120,80,500000,6.930300235748291,8434846.0
16426cd0,dsregpsoLSGO2,2023-03-02 10:24:22,0:08:16,completed,Mmax=0.0 Smax=0.5 Smin=0.05 c1=2.0 c2=1.5 c3=1.0 dseta=0.01 fdmax=1.0e-100 fdmin=1.0e-100 function=1.0 lambd=1.1 lim_restart=120 n=70,0.0,0.5,0.05,2.0,1.5,1.0,0.01,1e-100,1e-100,1.0,1.1,120,70,490000,4.298099994659424,4262810.0
3eff4059,dsregpsoLSGO2,2023-03-02 10:15:58,0:08:23,completed,Mmax=0.0 Smax=0.5 Smin=0.05 c1=2.0 c2=1.5 c3=1.0 dseta=0.01 fdmax=1.0e-100 fdmin=1.0e-100 function=1.0 lambd=1.1 lim_restart=120 n=60,0.0,0.5,0.05,2.0,1.5,1.0,0.01,1e-100,1e-100,1.0,1.1,120,60,480000,3.523099899291992,3364387.5
3c2d9244,dsregpsoLSGO2,2023-03-02 10:07:22,0:08:34,completed,Mmax=0.0 Smax=0.5 Smin=0.05 c1=2.0 c2=1.5 c3=1.0 dseta=0.01 fdmax=1.0e-100 fdmin=1.0e-100 function=1.0 lambd=1.1 lim_restart=120 n=50,0.0,0.5,0.05,2.0,1.5,1.0,0.01,1e-100,1e-100,1.0,1.1,120,50,500000,1.3006999492645264,1781513.375
8e278303,dsregpsoLSGO2,2023-03-02 09:58:50,0:08:31,completed,Mmax=0.0 Smax=0.5 Smin=0.05 c1=2.0 c2=1.5 c3=1.0 dseta=0.01 fdmax=1.0e-100 fdmin=1.0e-100 function=1.0 lambd=1.1 lim_restart=120 n=40,0.0,0.5,0.05,2.0,1.5,1.0,0.01,1e-100,1e-100,1.0,1.1,120,40,500000,1.9668999910354614,1699483.25
62e94f0e,dsregpsoLSGO2,2023-03-02 09:50:22,0:08:27,completed,Mmax=0.0 Smax=0.5 Smin=0.05 c1=2.0 c2=1.5 c3=1.0 dseta=0.01 fdmax=1.0e-100 fdmin=1.0e-100 function=1.0 lambd=1.1 lim_restart=120 n=30,0.0,0.5,0.05,2.0,1.5,1.0,0.01,1e-100,1e-100,1.0,1.1,120,30,480000,3.1001999378204346,2666969.75
8becb00d,dsregpsoLSGO2,2023-03-02 09:41:50,0:08:31,completed,Mmax=0.0 Smax=0.5 Smin=0.05 c1=2.0 c2=1.5 c3=1.0 dseta=0.01 fdmax=1.0e-100 fdmin=1.0e-100 function=1.0 lambd=1.1 lim_restart=120 n=20,0.0,0.5,0.05,2.0,1.5,1.0,0.01,1e-100,1e-100,1.0,1.1,120,20,500000,3.598900079727173,3213429.75
40949915,dsregpsoLSGO2,2023-03-02 09:32:45,0:09:04,completed,Mmax=0.0 Smax=0.5 Smin=0.05 c1=2.0 c2=1.5 c3=1.0 dseta=0.01 fdmax=1.0e-100 fdmin=1.0e-100 function=1.0 lambd=1.1 lim_restart=120 n=10,0.0,0.5,0.05,2.0,1.5,1.0,0.01,1e-100,1e-100,1.0,1.1,120,10,500000,2.856100082397461,3459854.75
9db899fd,dsregpsoLSGO2,2023-03-02 09:22:59,0:09:45,completed,Mmax=0.0 Smax=0.5 Smin=0.05 c1=2.0 c2=1.5 c3=1.0 dseta=0.01 fdmax=1.0e-100 fdmin=1.0e-100 function=1.0 lambd=1.1 lim_restart=120 n=5,0.0,0.5,0.05,2.0,1.5,1.0,0.01,1e-100,1e-100,1.0,1.1,120,5,500000,6.019499778747559,23816186.0
25c3ba64,dsregpsoLSGO2,2023-03-02 09:04:05,0:18:53,completed,Mmax=0.0 Smax=0.5 Smin=0.05 c1=2.0 c2=1.5 c3=1.0 dseta=0.01 fdmax=1.0e-100 fdmin=1.0e-100 function=1.0 lambd=1.1 lim_restart=120 n=1,0.0,0.5,0.05,2.0,1.5,1.0,0.01,1e-100,1e-100,1.0,1.1,120,1,500000,1.2355999946594238,1695038464.0
