run,operation,started,time,status,label,Mmax,Smax,Smin,c1,c2,dseta,fdmax,fdmin,function,lambd,n,step,global_best,mean_global_best
d9cf5c4b,dsregpsoLSGO,5/11/2023 11:27,0:10:33,completed,Mmax=1.2 Smax=0.5 Smin=0.05 c1=2.0 c2=1.0 dseta=0.1 fdmax=1.0e-25 fdmin=1.0e-25 function=9.0 lambd=0.7 n=50,1.2,0.5,0.05,2,1,0.1,1.00E-25,1.00E-25,9,0.7,50,500000,1.922799945,1538800128
5d2c6c9a,dsregpsoLSGO,5/11/2023 10:45,0:10:34,completed,Mmax=0.8 Smax=0.5 Smin=0.05 c1=2.0 c2=1.0 dseta=0.1 fdmax=1.0e-25 fdmin=1.0e-25 function=9.0 lambd=0.7 n=50,0.8,0.5,0.05,2,1,0.1,1.00E-25,1.00E-25,9,0.7,50,500000,1.778399944,1546252032
da70dc4d,dsregpsoLSGO,5/11/2023 10:35,0:10:30,completed,Mmax=0.7 Smax=0.5 Smin=0.05 c1=2.0 c2=1.0 dseta=0.1 fdmax=1.0e-25 fdmin=1.0e-25 function=9.0 lambd=0.7 n=50,0.7,0.5,0.05,2,1,0.1,1.00E-25,1.00E-25,9,0.7,50,500000,1.281299949,1593481600
f7c57ade,dsregpsoLSGO,5/11/2023 11:38,0:10:28,completed,Mmax=1.3 Smax=0.5 Smin=0.05 c1=2.0 c2=1.0 dseta=0.1 fdmax=1.0e-25 fdmin=1.0e-25 function=9.0 lambd=0.7 n=50,1.3,0.5,0.05,2,1,0.1,1.00E-25,1.00E-25,9,0.7,50,500000,2.013299942,1707411712
f5be2e29,dsregpsoLSGO,5/11/2023 10:24,0:10:35,completed,Mmax=0.6 Smax=0.5 Smin=0.05 c1=2.0 c2=1.0 dseta=0.1 fdmax=1.0e-25 fdmin=1.0e-25 function=9.0 lambd=0.7 n=50,0.6,0.5,0.05,2,1,0.1,1.00E-25,1.00E-25,9,0.7,50,500000,1.622200012,1719172224
8a0734cb,dsregpsoLSGO,5/11/2023 9:20,0:10:56,completed,Mmax=0.0 Smax=0.5 Smin=0.05 c1=2.0 c2=1.0 dseta=0.1 fdmax=1.0e-25 fdmin=1.0e-25 function=9.0 lambd=0.7 n=50,0,0.5,0.05,2,1,0.1,1.00E-25,1.00E-25,9,0.7,50,500000,1.777400017,1756966016
2fc217ca,dsregpsoLSGO,5/11/2023 10:03,0:10:31,completed,Mmax=0.4 Smax=0.5 Smin=0.05 c1=2.0 c2=1.0 dseta=0.1 fdmax=1.0e-25 fdmin=1.0e-25 function=9.0 lambd=0.7 n=50,0.4,0.5,0.05,2,1,0.1,1.00E-25,1.00E-25,9,0.7,50,500000,1.666300058,1827834240
ace38109,dsregpsoLSGO,5/11/2023 11:17,0:10:26,completed,Mmax=1.1 Smax=0.5 Smin=0.05 c1=2.0 c2=1.0 dseta=0.1 fdmax=1.0e-25 fdmin=1.0e-25 function=9.0 lambd=0.7 n=50,1.1,0.5,0.05,2,1,0.1,1.00E-25,1.00E-25,9,0.7,50,500000,1.877699971,1873106048
693c638e,dsregpsoLSGO,5/11/2023 10:56,0:10:26,completed,Mmax=0.9 Smax=0.5 Smin=0.05 c1=2.0 c2=1.0 dseta=0.1 fdmax=1.0e-25 fdmin=1.0e-25 function=9.0 lambd=0.7 n=50,0.9,0.5,0.05,2,1,0.1,1.00E-25,1.00E-25,9,0.7,50,500000,2.002099991,1897908096
3684a925,dsregpsoLSGO,5/11/2023 11:06,0:10:26,completed,Mmax=1.0 Smax=0.5 Smin=0.05 c1=2.0 c2=1.0 dseta=0.1 fdmax=1.0e-25 fdmin=1.0e-25 function=9.0 lambd=0.7 n=50,1,0.5,0.05,2,1,0.1,1.00E-25,1.00E-25,9,0.7,50,500000,1.965199947,1947414144
af7e0f0a,dsregpsoLSGO,5/11/2023 9:52,0:10:32,completed,Mmax=0.3 Smax=0.5 Smin=0.05 c1=2.0 c2=1.0 dseta=0.1 fdmax=1.0e-25 fdmin=1.0e-25 function=9.0 lambd=0.7 n=50,0.3,0.5,0.05,2,1,0.1,1.00E-25,1.00E-25,9,0.7,50,500000,2.203399897,1955236608
15b714aa,dsregpsoLSGO,5/11/2023 10:13,0:10:29,completed,Mmax=0.5 Smax=0.5 Smin=0.05 c1=2.0 c2=1.0 dseta=0.1 fdmax=1.0e-25 fdmin=1.0e-25 function=9.0 lambd=0.7 n=50,0.5,0.5,0.05,2,1,0.1,1.00E-25,1.00E-25,9,0.7,50,500000,2.076600075,1978625152
7bc3e2e8,dsregpsoLSGO,5/11/2023 9:42,0:10:30,completed,Mmax=0.2 Smax=0.5 Smin=0.05 c1=2.0 c2=1.0 dseta=0.1 fdmax=1.0e-25 fdmin=1.0e-25 function=9.0 lambd=0.7 n=50,0.2,0.5,0.05,2,1,0.1,1.00E-25,1.00E-25,9,0.7,50,500000,1.97360003,2030213632
4be8bcd9,dsregpsoLSGO,5/11/2023 9:31,0:11:15,completed,Mmax=0.1 Smax=0.5 Smin=0.05 c1=2.0 c2=1.0 dseta=0.1 fdmax=1.0e-25 fdmin=1.0e-25 function=9.0 lambd=0.7 n=50,0.1,0.5,0.05,2,1,0.1,1.00E-25,1.00E-25,9,0.7,50,500000,1.685700059,2152290304
