run,operation,started,time,status,label,Mmax,Smax,Smin,c1,c2,dseta,fdmax,fdmin,function,lambd,n,step,global_best,mean_global_best
dd1b47b7,dsregpsoLSGO,06/06/2023 15:53,00:01:55,completed,Mmax=0.3 Smax=0.1 Smin=0.05 c1=2.0 c2=0.1 dseta=0.01 fdmax=0.1 fdmin=1.0e-25 function=12.0 lambd=1.3 n=50,0.3,0.1,0.05,2,0.1,0.01,0.1,1.00E-25,12,1.3,50,500000,6.045300007,6213.673828
7e5f5dc8,dsregpsoLSGO,06/06/2023 16:00,00:01:58,completed,Mmax=0.3 Smax=0.5 Smin=0.05 c1=2.0 c2=0.1 dseta=0.01 fdmax=0.1 fdmin=1.0e-25 function=12.0 lambd=1.3 n=50,0.3,0.5,0.05,2,0.1,0.01,0.1,1.00E-25,12,1.3,50,500000,6.648700237,6409.84375
2c4e9e53,dsregpsoLSGO,06/06/2023 15:55,00:01:54,completed,Mmax=0.3 Smax=0.2 Smin=0.05 c1=2.0 c2=0.1 dseta=0.01 fdmax=0.1 fdmin=1.0e-25 function=12.0 lambd=1.3 n=50,0.3,0.2,0.05,2,0.1,0.01,0.1,1.00E-25,12,1.3,50,500000,6.965799809,6589.39502
46b476b2,dsregpsoLSGO,06/06/2023 16:06,00:01:53,completed,Mmax=0.3 Smax=0.8 Smin=0.05 c1=2.0 c2=0.1 dseta=0.01 fdmax=0.1 fdmin=1.0e-25 function=12.0 lambd=1.3 n=50,0.3,0.8,0.05,2,0.1,0.01,0.1,1.00E-25,12,1.3,50,500000,7.266799927,7091.01709
374e2a28,dsregpsoLSGO,06/06/2023 16:04,00:01:54,completed,Mmax=0.3 Smax=0.7 Smin=0.05 c1=2.0 c2=0.1 dseta=0.01 fdmax=0.1 fdmin=1.0e-25 function=12.0 lambd=1.3 n=50,0.3,0.7,0.05,2,0.1,0.01,0.1,1.00E-25,12,1.3,50,500000,7.091100216,7214.361328
b419a976,dsregpsoLSGO,06/06/2023 15:58,00:01:54,completed,Mmax=0.3 Smax=0.4 Smin=0.05 c1=2.0 c2=0.1 dseta=0.01 fdmax=0.1 fdmin=1.0e-25 function=12.0 lambd=1.3 n=50,0.3,0.4,0.05,2,0.1,0.01,0.1,1.00E-25,12,1.3,50,500000,8.418700218,7317.657715
bd10a1c8,dsregpsoLSGO,06/06/2023 16:02,00:01:58,completed,Mmax=0.3 Smax=0.6 Smin=0.05 c1=2.0 c2=0.1 dseta=0.01 fdmax=0.1 fdmin=1.0e-25 function=12.0 lambd=1.3 n=50,0.3,0.6,0.05,2,0.1,0.01,0.1,1.00E-25,12,1.3,50,500000,6.388899803,7532.644043
e87b613f,dsregpsoLSGO,06/06/2023 15:56,00:01:54,completed,Mmax=0.3 Smax=0.3 Smin=0.05 c1=2.0 c2=0.1 dseta=0.01 fdmax=0.1 fdmin=1.0e-25 function=12.0 lambd=1.3 n=50,0.3,0.3,0.05,2,0.1,0.01,0.1,1.00E-25,12,1.3,50,500000,8.391699791,8067.772949
80184992,dsregpsoLSGO,06/06/2023 16:08,00:01:54,completed,Mmax=0.3 Smax=0.9 Smin=0.05 c1=2.0 c2=0.1 dseta=0.01 fdmax=0.1 fdmin=1.0e-25 function=12.0 lambd=1.3 n=50,0.3,0.9,0.05,2,0.1,0.01,0.1,1.00E-25,12,1.3,50,500000,1.057000041,8569.12793
659d4a3d,dsregpsoLSGO,06/06/2023 16:10,00:01:53,completed,Mmax=0.3 Smax=1.0 Smin=0.05 c1=2.0 c2=0.1 dseta=0.01 fdmax=0.1 fdmin=1.0e-25 function=12.0 lambd=1.3 n=50,0.3,1,0.05,2,0.1,0.01,0.1,1.00E-25,12,1.3,50,500000,1.511500001,10653.78613
