run,operation,started,time,status,label,Mmax,Smax,Smin,c1,c2,dseta,fdmax,fdmin,function,lambd,n,step,global_best,mean_global_best
45e27dd1,dsregpsoLSGO,3/17/2023 11:17,0:10:40,completed,Mmax=0.7 Smax=0.5 Smin=0.05 c1=2.0 c2=1.0 dseta=0.001 fdmax=1.0e-25 fdmin=1.0e-50 function=5.0 lambd=0.7 n=50,0.7,0.5,0.05,2,1,0.001,1.00E-25,1.00E-50,5,0.7,50,500000,2.689599991,27185588
4ffdadf5,dsregpsoLSGO,3/17/2023 11:07,0:10:18,completed,Mmax=0.7 Smax=0.5 Smin=0.05 c1=2.0 c2=1.0 dseta=0.001 fdmax=1.0e-25 fdmin=1.0e-100 function=5.0 lambd=0.7 n=50,0.7,0.5,0.05,2,1,0.001,1.00E-25,1.00E-100,5,0.7,50,500000,2.689599991,27185588
24ae42db,dsregpsoLSGO,3/17/2023 10:56,0:10:27,completed,Mmax=0.7 Smax=0.5 Smin=0.05 c1=2.0 c2=1.0 dseta=0.001 fdmax=1.0e-25 fdmin=1.0e-200 function=5.0 lambd=0.7 n=50,0.7,0.5,0.05,2,1,0.001,1.00E-25,1.00E-200,5,0.7,50,500000,2.689599991,27185588
cc3d2ee9,dsregpsoLSGO,3/17/2023 11:28,0:10:43,completed,Mmax=0.7 Smax=0.5 Smin=0.05 c1=2.0 c2=1.0 dseta=0.001 fdmax=1.0e-25 fdmin=1.0e-25 function=5.0 lambd=0.7 n=50,0.7,0.5,0.05,2,1,0.001,1.00E-25,1.00E-25,5,0.7,50,500000,3.032999992,29950076
6c839d4f,dsregpsoLSGO,3/17/2023 12:15,0:11:23,completed,Mmax=0.7 Smax=0.5 Smin=0.05 c1=2.0 c2=1.0 dseta=0.001 fdmax=1.0e-25 fdmin=1 function=5.0 lambd=0.7 n=50,0.7,0.5,0.05,2,1,0.001,1.00E-25,1,5,0.7,50,500000,6.248600006,61023592
4576ad0c,dsregpsoLSGO,3/17/2023 12:03,0:11:56,completed,Mmax=0.7 Smax=0.5 Smin=0.05 c1=2.0 c2=1.0 dseta=0.001 fdmax=1.0e-25 fdmin=0.1 function=5.0 lambd=0.7 n=50,0.7,0.5,0.05,2,1,0.001,1.00E-25,0.1,5,0.7,50,500000,6.248600006,61023592
bcf4fe07,dsregpsoLSGO,3/17/2023 11:51,0:12:03,completed,Mmax=0.7 Smax=0.5 Smin=0.05 c1=2.0 c2=1.0 dseta=0.001 fdmax=1.0e-25 fdmin=1.0e-05 function=5.0 lambd=0.7 n=50,0.7,0.5,0.05,2,1,0.001,1.00E-25,1.00E-05,5,0.7,50,500000,6.248600006,61023592
f8457799,dsregpsoLSGO,3/17/2023 11:39,0:12:06,completed,Mmax=0.7 Smax=0.5 Smin=0.05 c1=2.0 c2=1.0 dseta=0.001 fdmax=1.0e-25 fdmin=1.0e-10 function=5.0 lambd=0.7 n=50,0.7,0.5,0.05,2,1,0.001,1.00E-25,1.00E-10,5,0.7,50,500000,6.248600006,61023592
