run,operation,started,time,status,label,Mmax,Smax,Smin,c1,c2,dseta,fdmax,fdmin,function,lambd,n,step,global_best,mean_global_best
1132137e,dsregpsoLSGO,4/17/2023 13:52,00:04:40,completed,Mmax=0.4 Smax=0.9 Smin=0.05 c1=2.0 c2=1.5 dseta=0.01 fdmax=1.0e-10 fdmin=1.0e-50 function=7.0 lambd=0.3 n=30,0.4,0.9,0.05,2,1.5,0.01,1.00E-10,1.00E-50,7,0.3,30,480000,1.761800051,20566154
8650feaa,dsregpsoLSGO,4/17/2023 13:47,00:04:54,completed,Mmax=0.4 Smax=0.9 Smin=0.05 c1=2.0 c2=1.5 dseta=0.01 fdmax=1.0e-10 fdmin=1.0e-50 function=7.0 lambd=0.3 n=20,0.4,0.9,0.05,2,1.5,0.01,1.00E-10,1.00E-50,7,0.3,20,500000,2.235800028,23245242
d974781f,dsregpsoLSGO,4/17/2023 13:42,00:05:06,completed,Mmax=0.4 Smax=0.9 Smin=0.05 c1=2.0 c2=1.5 dseta=0.01 fdmax=1.0e-10 fdmin=1.0e-50 function=7.0 lambd=0.3 n=10,0.4,0.9,0.05,2,1.5,0.01,1.00E-10,1.00E-50,7,0.3,10,500000,2.72239995,24392028
f3880f71,dsregpsoLSGO,4/17/2023 13:57,00:04:38,completed,Mmax=0.4 Smax=0.9 Smin=0.05 c1=2.0 c2=1.5 dseta=0.01 fdmax=1.0e-10 fdmin=1.0e-50 function=7.0 lambd=0.3 n=40,0.4,0.9,0.05,2,1.5,0.01,1.00E-10,1.00E-50,7,0.3,40,500000,2.559299946,26135460
c92f9199,dsregpsoLSGO,4/17/2023 14:02,00:04:39,completed,Mmax=0.4 Smax=0.9 Smin=0.05 c1=2.0 c2=1.5 dseta=0.01 fdmax=1.0e-10 fdmin=1.0e-50 function=7.0 lambd=0.3 n=50,0.4,0.9,0.05,2,1.5,0.01,1.00E-10,1.00E-50,7,0.3,50,500000,3.865700006,26964254
956bea20,dsregpsoLSGO,4/17/2023 13:36,00:05:41,completed,Mmax=0.4 Smax=0.9 Smin=0.05 c1=2.0 c2=1.5 dseta=0.01 fdmax=1.0e-10 fdmin=1.0e-50 function=7.0 lambd=0.3 n=5,0.4,0.9,0.05,2,1.5,0.01,1.00E-10,1.00E-50,7,0.3,5,500000,3.426100016,33286850
fce20b08,dsregpsoLSGO,4/17/2023 14:06,00:04:42,completed,Mmax=0.4 Smax=0.9 Smin=0.05 c1=2.0 c2=1.5 dseta=0.01 fdmax=1.0e-10 fdmin=1.0e-50 function=7.0 lambd=0.3 n=60,0.4,0.9,0.05,2,1.5,0.01,1.00E-10,1.00E-50,7,0.3,60,480000,2.944999933,40358848
3a514d61,dsregpsoLSGO,4/17/2023 14:11,00:04:19,completed,Mmax=0.4 Smax=0.9 Smin=0.05 c1=2.0 c2=1.5 dseta=0.01 fdmax=1.0e-10 fdmin=1.0e-50 function=7.0 lambd=0.3 n=70,0.4,0.9,0.05,2,1.5,0.01,1.00E-10,1.00E-50,7,0.3,70,490000,3.229300022,42553592
14ef7989,dsregpsoLSGO,4/17/2023 13:26,00:10:29,completed,Mmax=0.4 Smax=0.9 Smin=0.05 c1=2.0 c2=1.5 dseta=0.01 fdmax=1.0e-10 fdmin=1.0e-50 function=7.0 lambd=0.3 n=1,0.4,0.9,0.05,2,1.5,0.01,1.00E-10,1.00E-50,7,0.3,1,500000,2.28309989,42726656
090fff49,dsregpsoLSGO,4/17/2023 14:15,00:04:28,completed,Mmax=0.4 Smax=0.9 Smin=0.05 c1=2.0 c2=1.5 dseta=0.01 fdmax=1.0e-10 fdmin=1.0e-50 function=7.0 lambd=0.3 n=80,0.4,0.9,0.05,2,1.5,0.01,1.00E-10,1.00E-50,7,0.3,80,500000,5.977700233,63526284
f2aa381b,dsregpsoLSGO,4/17/2023 14:20,00:04:29,completed,Mmax=0.4 Smax=0.9 Smin=0.05 c1=2.0 c2=1.5 dseta=0.01 fdmax=1.0e-10 fdmin=1.0e-50 function=7.0 lambd=0.3 n=90,0.4,0.9,0.05,2,1.5,0.01,1.00E-10,1.00E-50,7,0.3,90,450000,1.502699971,96449928
71831adb,dsregpsoLSGO,4/17/2023 14:24,00:04:30,completed,Mmax=0.4 Smax=0.9 Smin=0.05 c1=2.0 c2=1.5 dseta=0.01 fdmax=1.0e-10 fdmin=1.0e-50 function=7.0 lambd=0.3 n=100,0.4,0.9,0.05,2,1.5,0.01,1.00E-10,1.00E-50,7,0.3,100,500000,7.374400139,103993888
