run,operation,started,time,status,label,Mmax,Smax,Smin,c1,c2,dseta,fdmax,fdmin,function,lambd,n,step,global_best,mean_global_best
f82a3374,dsregpsoLSGO,5/25/2023 17:02,0:13:37,completed,Mmax=0.3 Smax=0.5 Smin=0.05 c1=2.0 c2=0.8 dseta=0.001 fdmax=0.1 fdmin=1.0e-25 function=10.0 lambd=0.7 n=50,0.3,0.5,0.05,2,0.8,0.001,0.1,1.00E-25,10,0.7,50,500000,9.247900009,92202984
27da7054,dsregpsoLSGO,5/25/2023 17:16,0:13:33,completed,Mmax=0.3 Smax=0.5 Smin=0.06 c1=2.0 c2=0.8 dseta=0.001 fdmax=0.1 fdmin=1.0e-25 function=10.0 lambd=0.7 n=50,0.3,0.5,0.06,2,0.8,0.001,0.1,1.00E-25,10,0.7,50,500000,9.251899719,92690920
ba62f76b,dsregpsoLSGO,5/25/2023 16:14,0:15:50,completed,Mmax=0.3 Smax=0.5 Smin=0.02 c1=2.0 c2=0.8 dseta=0.001 fdmax=0.1 fdmin=1.0e-25 function=10.0 lambd=0.7 n=50,0.3,0.5,0.02,2,0.8,0.001,0.1,1.00E-25,10,0.7,50,500000,9.235600471,92867128
86e0aea3,dsregpsoLSGO,5/25/2023 17:43,0:14:22,completed,Mmax=0.3 Smax=0.5 Smin=0.08 c1=2.0 c2=0.8 dseta=0.001 fdmax=0.1 fdmin=1.0e-25 function=10.0 lambd=0.7 n=50,0.3,0.5,0.08,2,0.8,0.001,0.1,1.00E-25,10,0.7,50,500000,9.281499863,92874160
8ef99bf2,dsregpsoLSGO,5/25/2023 18:12,0:14:33,completed,Mmax=0.3 Smax=0.5 Smin=0.1 c1=2.0 c2=0.8 dseta=0.001 fdmax=0.1 fdmin=1.0e-25 function=10.0 lambd=0.7 n=50,0.3,0.5,0.1,2,0.8,0.001,0.1,1.00E-25,10,0.7,50,500000,9.300200462,92878952
e5d678c1,dsregpsoLSGO,5/25/2023 16:47,0:15:14,completed,Mmax=0.3 Smax=0.5 Smin=0.04 c1=2.0 c2=0.8 dseta=0.001 fdmax=0.1 fdmin=1.0e-25 function=10.0 lambd=0.7 n=50,0.3,0.5,0.04,2,0.8,0.001,0.1,1.00E-25,10,0.7,50,500000,9.300000191,92906848
3aa3f814,dsregpsoLSGO,5/25/2023 17:29,0:13:43,completed,Mmax=0.3 Smax=0.5 Smin=0.07 c1=2.0 c2=0.8 dseta=0.001 fdmax=0.1 fdmin=1.0e-25 function=10.0 lambd=0.7 n=50,0.3,0.5,0.07,2,0.8,0.001,0.1,1.00E-25,10,0.7,50,500000,9.416099548,93033128
2b48cbc6,dsregpsoLSGO,5/25/2023 16:30,0:16:49,completed,Mmax=0.3 Smax=0.5 Smin=0.03 c1=2.0 c2=0.8 dseta=0.001 fdmax=0.1 fdmin=1.0e-25 function=10.0 lambd=0.7 n=50,0.3,0.5,0.03,2,0.8,0.001,0.1,1.00E-25,10,0.7,50,500000,9.356699944,93163856
c7bd30d6,dsregpsoLSGO,5/25/2023 15:58,0:16:14,completed,Mmax=0.3 Smax=0.5 Smin=0.01 c1=2.0 c2=0.8 dseta=0.001 fdmax=0.1 fdmin=1.0e-25 function=10.0 lambd=0.7 n=50,0.3,0.5,0.01,2,0.8,0.001,0.1,1.00E-25,10,0.7,50,500000,9.297499657,93345896
d2db41c0,dsregpsoLSGO,5/25/2023 17:58,0:14:33,completed,Mmax=0.3 Smax=0.5 Smin=0.09 c1=2.0 c2=0.8 dseta=0.001 fdmax=0.1 fdmin=1.0e-25 function=10.0 lambd=0.7 n=50,0.3,0.5,0.09,2,0.8,0.001,0.1,1.00E-25,10,0.7,50,500000,9.268500328,93411760
