run,operation,started,time,status,label,Mmax,Smax,Smin,c1,c2,dseta,fdmax,fdmin,function,lambd,n,step,global_best,mean_global_best
0248bd8d,dsregpsoLSGO,03/01/2023 09:28,00:06:19,completed,Mmax=0.0 Smax=0.5 Smin=0.05 c1=2.0 c2=1.5 dseta=0.05 fdmax=1.0e-200 fdmin=1.0e-200 function=1.0 lambd=0.7 n=50,0,0.5,0.05,2,1.5,0.05,1.00E-200,1.00E-200,1,0.7,50,500000,2.01760006,2390949
6ccd5ffd,dsregpsoLSGO,03/01/2023 09:22,00:06:17,completed,Mmax=0.0 Smax=0.5 Smin=0.05 c1=2.0 c2=1.5 dseta=0.05 fdmax=1.0e-200 fdmin=1.0e-200 function=1.0 lambd=0.6 n=50,0,0.5,0.05,2,1.5,0.05,1.00E-200,1.00E-200,1,0.6,50,500000,2.869600058,2869267.25
3c04e735,dsregpsoLSGO,03/01/2023 09:09,00:06:24,completed,Mmax=0.0 Smax=0.5 Smin=0.05 c1=2.0 c2=1.5 dseta=0.05 fdmax=1.0e-200 fdmin=1.0e-200 function=1.0 lambd=0.4 n=50,0,0.5,0.05,2,1.5,0.05,1.00E-200,1.00E-200,1,0.4,50,500000,2.83130002,2943306.5
d4fa5d5a,dsregpsoLSGO,03/01/2023 10:00,00:06:30,completed,Mmax=0.0 Smax=0.5 Smin=0.05 c1=2.0 c2=1.5 dseta=0.05 fdmax=1.0e-200 fdmin=1.0e-200 function=1.0 lambd=1.2 n=50,0,0.5,0.05,2,1.5,0.05,1.00E-200,1.00E-200,1,1.2,50,500000,3.885900021,3014680.25
ba3ad668,dsregpsoLSGO,03/01/2023 10:06,00:06:15,completed,Mmax=0.0 Smax=0.5 Smin=0.05 c1=2.0 c2=1.5 dseta=0.05 fdmax=1.0e-200 fdmin=1.0e-200 function=1.0 lambd=1.3 n=50,0,0.5,0.05,2,1.5,0.05,1.00E-200,1.00E-200,1,1.3,50,500000,2.394999981,3147470.5
f7f5953b,dsregpsoLSGO,03/01/2023 09:15,00:06:29,completed,Mmax=0.0 Smax=0.5 Smin=0.05 c1=2.0 c2=1.5 dseta=0.05 fdmax=1.0e-200 fdmin=1.0e-200 function=1.0 lambd=0.5 n=50,0,0.5,0.05,2,1.5,0.05,1.00E-200,1.00E-200,1,0.5,50,500000,1.8398,3194157.5
d168875e,dsregpsoLSGO,03/01/2023 09:34,00:06:22,completed,Mmax=0.0 Smax=0.5 Smin=0.05 c1=2.0 c2=1.5 dseta=0.05 fdmax=1.0e-200 fdmin=1.0e-200 function=1.0 lambd=0.8 n=50,0,0.5,0.05,2,1.5,0.05,1.00E-200,1.00E-200,1,0.8,50,500000,2.635999918,3226203.75
cfa243a5,dsregpsoLSGO,03/01/2023 09:47,00:06:36,completed,Mmax=0.0 Smax=0.5 Smin=0.05 c1=2.0 c2=1.5 dseta=0.05 fdmax=1.0e-200 fdmin=1.0e-200 function=1.0 lambd=1.0 n=50,0,0.5,0.05,2,1.5,0.05,1.00E-200,1.00E-200,1,1,50,500000,3.149100065,3249081.25
3f09a543,dsregpsoLSGO,03/01/2023 09:41,00:06:16,completed,Mmax=0.0 Smax=0.5 Smin=0.05 c1=2.0 c2=1.5 dseta=0.05 fdmax=1.0e-200 fdmin=1.0e-200 function=1.0 lambd=0.9 n=50,0,0.5,0.05,2,1.5,0.05,1.00E-200,1.00E-200,1,0.9,50,500000,2.831899881,3324377.5
f3a4524e,dsregpsoLSGO,03/01/2023 09:02,00:06:23,completed,Mmax=0.0 Smax=0.5 Smin=0.05 c1=2.0 c2=1.5 dseta=0.05 fdmax=1.0e-200 fdmin=1.0e-200 function=1.0 lambd=0.3 n=50,0,0.5,0.05,2,1.5,0.05,1.00E-200,1.00E-200,1,0.3,50,500000,2.646100044,3484163.75
8ba277ec,dsregpsoLSGO,03/01/2023 09:53,00:06:16,completed,Mmax=0.0 Smax=0.5 Smin=0.05 c1=2.0 c2=1.5 dseta=0.05 fdmax=1.0e-200 fdmin=1.0e-200 function=1.0 lambd=1.1 n=50,0,0.5,0.05,2,1.5,0.05,1.00E-200,1.00E-200,1,1.1,50,500000,3.830199957,3865887.75
70c338cc,dsregpsoLSGO,03/01/2023 08:56,00:06:44,completed,Mmax=0.0 Smax=0.5 Smin=0.05 c1=2.0 c2=1.5 dseta=0.05 fdmax=1.0e-200 fdmin=1.0e-200 function=1.0 lambd=0.2 n=50,0,0.5,0.05,2,1.5,0.05,1.00E-200,1.00E-200,1,0.2,50,500000,6.131800175,6799021
fd50df31,dsregpsoLSGO,03/01/2023 08:49,00:06:41,completed,Mmax=0.0 Smax=0.5 Smin=0.05 c1=2.0 c2=1.5 dseta=0.05 fdmax=1.0e-200 fdmin=1.0e-200 function=1.0 lambd=0.1 n=50,0,0.5,0.05,2,1.5,0.05,1.00E-200,1.00E-200,1,0.1,50,500000,6.170000076,74226192
