T,operation,started,time,status,label,Mmax,Smax,Smin,c1,c2,dseta,fdmax,fdmin,function,lambd,n,step,global_best,mean_global_best
b9e07305,dsregpsoLSGO,5/26/2023 9:10,00:12:18,completed,Mmax=0.3 Smax=0.5 Smin=0.05 c1=2.0 c2=0.8 dseta=0.001 fdmax=0.1 fdmin=1.0e-25 function=10.0 lambd=0.7 n=50,0.3,0.5,0.05,2,0.8,0.001,0.1,1.00E-25,10,0.7,50,500000,9.247900009,92202984
74ebe3fc,dsregpsoLSGO,5/26/2023 8:57,00:12:26,completed,Mmax=0.3 Smax=0.5 Smin=0.05 c1=2.0 c2=0.8 dseta=0.001 fdmax=0.1 fdmin=1.0e-25 function=10.0 lambd=0.7 n=40,0.3,0.5,0.05,2,0.8,0.001,0.1,1.00E-25,10,0.7,40,500000,9.19149971,92611680
8603c3bb,dsregpsoLSGO,5/26/2023 9:22,00:11:57,completed,Mmax=0.3 Smax=0.5 Smin=0.05 c1=2.0 c2=0.8 dseta=0.001 fdmax=0.1 fdmin=1.0e-25 function=10.0 lambd=0.7 n=60,0.3,0.5,0.05,2,0.8,0.001,0.1,1.00E-25,10,0.7,60,480000,9.210900307,92668408
eee05388,dsregpsoLSGO,5/26/2023 9:46,00:12:18,completed,Mmax=0.3 Smax=0.5 Smin=0.05 c1=2.0 c2=0.8 dseta=0.001 fdmax=0.1 fdmin=1.0e-25 function=10.0 lambd=0.7 n=80,0.3,0.5,0.05,2,0.8,0.001,0.1,1.00E-25,10,0.7,80,500000,9.264100075,92687616
bf58b55c,dsregpsoLSGO,5/26/2023 8:21,00:12:14,completed,Mmax=0.3 Smax=0.5 Smin=0.05 c1=2.0 c2=0.8 dseta=0.001 fdmax=0.1 fdmin=1.0e-25 function=10.0 lambd=0.7 n=10,0.3,0.5,0.05,2,0.8,0.001,0.1,1.00E-25,10,0.7,10,500000,9.193300247,92780592
7873fb37,dsregpsoLSGO,5/26/2023 9:58,00:11:42,completed,Mmax=0.3 Smax=0.5 Smin=0.05 c1=2.0 c2=0.8 dseta=0.001 fdmax=0.1 fdmin=1.0e-25 function=10.0 lambd=0.7 n=90,0.3,0.5,0.05,2,0.8,0.001,0.1,1.00E-25,10,0.7,90,450000,9.329199791,92797056
8c2cbc61,dsregpsoLSGO,5/26/2023 8:33,00:12:23,completed,Mmax=0.3 Smax=0.5 Smin=0.05 c1=2.0 c2=0.8 dseta=0.001 fdmax=0.1 fdmin=1.0e-25 function=10.0 lambd=0.7 n=20,0.3,0.5,0.05,2,0.8,0.001,0.1,1.00E-25,10,0.7,20,500000,9.285699844,92824496
4493c2d0,dsregpsoLSGO,5/26/2023 7:50,00:17:47,completed,Mmax=0.3 Smax=0.5 Smin=0.05 c1=2.0 c2=0.8 dseta=0.001 fdmax=0.1 fdmin=1.0e-25 function=10.0 lambd=0.7 n=1,0.3,0.5,0.05,2,0.8,0.001,0.1,1.00E-25,10,0.7,1,500000,9.208399773,92843648
3fda3ff3,dsregpsoLSGO,5/26/2023 10:10,00:11:46,completed,Mmax=0.3 Smax=0.5 Smin=0.05 c1=2.0 c2=0.8 dseta=0.001 fdmax=0.1 fdmin=1.0e-25 function=10.0 lambd=0.7 n=100,0.3,0.5,0.05,2,0.8,0.001,0.1,1.00E-25,10,0.7,100,500000,9.37899971,92901552
d3f820ea,dsregpsoLSGO,5/26/2023 9:34,00:11:41,completed,Mmax=0.3 Smax=0.5 Smin=0.05 c1=2.0 c2=0.8 dseta=0.001 fdmax=0.1 fdmin=1.0e-25 function=10.0 lambd=0.7 n=70,0.3,0.5,0.05,2,0.8,0.001,0.1,1.00E-25,10,0.7,70,490000,9.294199944,92917984
351c9448,dsregpsoLSGO,5/26/2023 8:45,00:11:54,completed,Mmax=0.3 Smax=0.5 Smin=0.05 c1=2.0 c2=0.8 dseta=0.001 fdmax=0.1 fdmin=1.0e-25 function=10.0 lambd=0.7 n=30,0.3,0.5,0.05,2,0.8,0.001,0.1,1.00E-25,10,0.7,30,480000,9.248200417,92947080
fde999ea,dsregpsoLSGO,5/26/2023 8:08,00:12:50,completed,Mmax=0.3 Smax=0.5 Smin=0.05 c1=2.0 c2=0.8 dseta=0.001 fdmax=0.1 fdmin=1.0e-25 function=10.0 lambd=0.7 n=5,0.3,0.5,0.05,2,0.8,0.001,0.1,1.00E-25,10,0.7,5,500000,9.387299538,93420728
