run,operation,started,time,status,label,Mmax,Smax,Smin,c1,c2,dseta,fdmax,fdmin,function,lambd,n,step,global_best,mean_global_best
61d270f3,dsregpsoLSGO,3/23/2023 13:33,0:10:29,completed,Mmax=1.3 Smax=0.3 Smin=0.05 c1=2.0 c2=2.0 dseta=0.05 fdmax=1 fdmin=1.0e-50 function=5.0 lambd=1.3 n=50,1.3,0.3,0.05,2,2,0.05,1,1.00E-50,5,1.3,50,500000,6.22329998,7992010.5
c1f5382c,dsregpsoLSGO,3/23/2023 13:54,0:10:27,completed,Mmax=1.3 Smax=0.3 Smin=0.07 c1=2.0 c2=2.0 dseta=0.05 fdmax=1 fdmin=1.0e-50 function=5.0 lambd=1.3 n=50,1.3,0.3,0.07,2,2,0.05,1,1.00E-50,5,1.3,50,500000,1.068600059,9387923
369da92c,dsregpsoLSGO,3/23/2023 14:05,0:10:22,completed,Mmax=1.3 Smax=0.3 Smin=0.08 c1=2.0 c2=2.0 dseta=0.05 fdmax=1 fdmin=1.0e-50 function=5.0 lambd=1.3 n=50,1.3,0.3,0.08,2,2,0.05,1,1.00E-50,5,1.3,50,500000,1.002599955,9546806
95629fe7,dsregpsoLSGO,3/23/2023 13:23,0:10:24,completed,Mmax=1.3 Smax=0.3 Smin=0.04 c1=2.0 c2=2.0 dseta=0.05 fdmax=1 fdmin=1.0e-50 function=5.0 lambd=1.3 n=50,1.3,0.3,0.04,2,2,0.05,1,1.00E-50,5,1.3,50,500000,9.43200016,9635773
f1b3f967,dsregpsoLSGO,3/23/2023 13:44,0:10:25,completed,Mmax=1.3 Smax=0.3 Smin=0.06 c1=2.0 c2=2.0 dseta=0.05 fdmax=1 fdmin=1.0e-50 function=5.0 lambd=1.3 n=50,1.3,0.3,0.06,2,2,0.05,1,1.00E-50,5,1.3,50,500000,7.987999916,9968270
11fccffc,dsregpsoLSGO,3/23/2023 14:25,0:10:31,completed,Mmax=1.3 Smax=0.3 Smin=0.1 c1=2.0 c2=2.0 dseta=0.05 fdmax=1 fdmin=1.0e-50 function=5.0 lambd=1.3 n=50,1.3,0.3,0.1,2,2,0.05,1,1.00E-50,5,1.3,50,500000,1.104599953,10071271
d0ac5e97,dsregpsoLSGO,3/23/2023 14:15,0:10:23,completed,Mmax=1.3 Smax=0.3 Smin=0.09 c1=2.0 c2=2.0 dseta=0.05 fdmax=1 fdmin=1.0e-50 function=5.0 lambd=1.3 n=50,1.3,0.3,0.09,2,2,0.05,1,1.00E-50,5,1.3,50,500000,8.709899902,10593600
aa9b82f9,dsregpsoLSGO,3/23/2023 13:12,0:10:54,completed,Mmax=1.3 Smax=0.3 Smin=0.03 c1=2.0 c2=2.0 dseta=0.05 fdmax=1 fdmin=1.0e-50 function=5.0 lambd=1.3 n=50,1.3,0.3,0.03,2,2,0.05,1,1.00E-50,5,1.3,50,500000,4.260099888,12551799
93aca20e,dsregpsoLSGO,3/23/2023 13:01,0:10:52,completed,Mmax=1.3 Smax=0.3 Smin=0.02 c1=2.0 c2=2.0 dseta=0.05 fdmax=1 fdmin=1.0e-50 function=5.0 lambd=1.3 n=50,1.3,0.3,0.02,2,2,0.05,1,1.00E-50,5,1.3,50,500000,2.120300055,16420269
9f7eeae0,dsregpsoLSGO,3/23/2023 12:50,0:10:55,completed,Mmax=1.3 Smax=0.3 Smin=0.01 c1=2.0 c2=2.0 dseta=0.05 fdmax=1 fdmin=1.0e-50 function=5.0 lambd=1.3 n=50,1.3,0.3,0.01,2,2,0.05,1,1.00E-50,5,1.3,50,500000,2.455600023,23316034
