run,operation,started,time,status,label,Mmax,Smax,Smin,c1,c2,dseta,fdmax,fdmin,function,lambd,n,step,global_best,mean_global_best
a4a09cd6,dsregpsoLSGO,04/05/2023 15:44,00:09:50,completed,Mmax=0.7 Smax=0.8 Smin=0.08 c1=2.0 c2=0.8 dseta=0.001 fdmax=1.0e-25 fdmin=1.0e-50 function=6.0 lambd=0.7 n=50,0.7,0.8,0.08,2,0.8,0.001,1.00E-25,1.00E-50,6,0.7,50,500000,1.043300033,1019725.688
92cdba5e,dsregpsoLSGO,04/05/2023 15:35,00:09:19,completed,Mmax=0.7 Smax=0.8 Smin=0.08 c1=2.0 c2=0.8 dseta=0.001 fdmax=1.0e-25 fdmin=1.0e-50 function=6.0 lambd=0.7 n=40,0.7,0.8,0.08,2,0.8,0.001,1.00E-25,1.00E-50,6,0.7,40,500000,1.010699987,1022571.5
91a445b6,dsregpsoLSGO,04/05/2023 16:04,00:09:14,completed,Mmax=0.7 Smax=0.8 Smin=0.08 c1=2.0 c2=0.8 dseta=0.001 fdmax=1.0e-25 fdmin=1.0e-50 function=6.0 lambd=0.7 n=70,0.7,0.8,0.08,2,0.8,0.001,1.00E-25,1.00E-50,6,0.7,70,490000,1.043099999,1028563.375
3a6c1918,dsregpsoLSGO,04/05/2023 15:54,00:09:37,completed,Mmax=0.7 Smax=0.8 Smin=0.08 c1=2.0 c2=0.8 dseta=0.001 fdmax=1.0e-25 fdmin=1.0e-50 function=6.0 lambd=0.7 n=60,0.7,0.8,0.08,2,0.8,0.001,1.00E-25,1.00E-50,6,0.7,60,480000,1.016199946,1031167.188
4abb1763,dsregpsoLSGO,04/05/2023 15:17,00:09:02,completed,Mmax=0.7 Smax=0.8 Smin=0.08 c1=2.0 c2=0.8 dseta=0.001 fdmax=1.0e-25 fdmin=1.0e-50 function=6.0 lambd=0.7 n=20,0.7,0.8,0.08,2,0.8,0.001,1.00E-25,1.00E-50,6,0.7,20,500000,1.027699947,1034132.813
a360c994,dsregpsoLSGO,04/05/2023 16:32,00:09:55,completed,Mmax=0.7 Smax=0.8 Smin=0.08 c1=2.0 c2=0.8 dseta=0.001 fdmax=1.0e-25 fdmin=1.0e-50 function=6.0 lambd=0.7 n=100,0.7,0.8,0.08,2,0.8,0.001,1.00E-25,1.00E-50,6,0.7,100,500000,1.038900018,1034412.25
3569d79e,dsregpsoLSGO,04/05/2023 16:13,00:09:28,completed,Mmax=0.7 Smax=0.8 Smin=0.08 c1=2.0 c2=0.8 dseta=0.001 fdmax=1.0e-25 fdmin=1.0e-50 function=6.0 lambd=0.7 n=80,0.7,0.8,0.08,2,0.8,0.001,1.00E-25,1.00E-50,6,0.7,80,500000,1.027699947,1035791.75
34c00536,dsregpsoLSGO,04/05/2023 16:22,00:09:22,completed,Mmax=0.7 Smax=0.8 Smin=0.08 c1=2.0 c2=0.8 dseta=0.001 fdmax=1.0e-25 fdmin=1.0e-50 function=6.0 lambd=0.7 n=90,0.7,0.8,0.08,2,0.8,0.001,1.00E-25,1.00E-50,6,0.7,90,450000,1.031800032,1037752.813
62a2c58f,dsregpsoLSGO,04/05/2023 14:58,00:09:56,completed,Mmax=0.7 Smax=0.8 Smin=0.08 c1=2.0 c2=0.8 dseta=0.001 fdmax=1.0e-25 fdmin=1.0e-50 function=6.0 lambd=0.7 n=5,0.7,0.8,0.08,2,0.8,0.001,1.00E-25,1.00E-50,6,0.7,5,500000,1.03550005,1039004
e61a1807,dsregpsoLSGO,04/05/2023 15:07,00:09:14,completed,Mmax=0.7 Smax=0.8 Smin=0.08 c1=2.0 c2=0.8 dseta=0.001 fdmax=1.0e-25 fdmin=1.0e-50 function=6.0 lambd=0.7 n=10,0.7,0.8,0.08,2,0.8,0.001,1.00E-25,1.00E-50,6,0.7,10,500000,1.036499977,1040545.313
4a37b7b9,dsregpsoLSGO,04/05/2023 15:26,00:08:59,completed,Mmax=0.7 Smax=0.8 Smin=0.08 c1=2.0 c2=0.8 dseta=0.001 fdmax=1.0e-25 fdmin=1.0e-50 function=6.0 lambd=0.7 n=30,0.7,0.8,0.08,2,0.8,0.001,1.00E-25,1.00E-50,6,0.7,30,480000,1.039600015,1042996.313
48ec13ce,dsregpsoLSGO,04/05/2023 14:43,00:14:52,completed,Mmax=0.7 Smax=0.8 Smin=0.08 c1=2.0 c2=0.8 dseta=0.001 fdmax=1.0e-25 fdmin=1.0e-50 function=6.0 lambd=0.7 n=1,0.7,0.8,0.08,2,0.8,0.001,1.00E-25,1.00E-50,6,0.7,1,500000,1.046000004,1044778.563
