run,operation,started,time,status,label,Mmax,Smax,Smin,c1,c2,dseta,fdmax,fdmin,function,lambd,n,step,global_best,mean_global_best
56d53c8a,dsregpsoLSGO,4/29/2023 15:50,0:10:19,completed,Mmax=0.7 Smax=0.5 Smin=0.05 c1=2.0 c2=1.0 dseta=0.05 fdmax=1.0e-10 fdmin=1.0e-25 function=8.0 lambd=0.7 n=50,0.7,0.5,0.05,2,1,0.05,1.00E-10,1.00E-25,8,0.7,50,500000,1.386299968,2.32656E+14
6a19a31d,dsregpsoLSGO,4/29/2023 15:29,0:10:35,completed,Mmax=0.7 Smax=0.5 Smin=0.05 c1=2.0 c2=1.0 dseta=0.001 fdmax=1.0e-10 fdmin=1.0e-25 function=8.0 lambd=0.7 n=50,0.7,0.5,0.05,2,1,0.001,1.00E-10,1.00E-25,8,0.7,50,500000,1.807700038,2.65555E+14
1f8fda19,dsregpsoLSGO,4/29/2023 15:06,0:11:28,completed,Mmax=0.7 Smax=0.5 Smin=0.05 c1=2.0 c2=1.0 dseta=1.0e-05 fdmax=1.0e-10 fdmin=1.0e-25 function=8.0 lambd=0.7 n=50,0.7,0.5,0.05,2,1,1.00E-05,1.00E-10,1.00E-25,8,0.7,50,500000,5.58010006,4.12419E+14
64795cb6,dsregpsoLSGO,4/29/2023 15:18,0:11:12,completed,Mmax=0.7 Smax=0.5 Smin=0.05 c1=2.0 c2=1.0 dseta=0.0001 fdmax=1.0e-10 fdmin=1.0e-25 function=8.0 lambd=0.7 n=50,0.7,0.5,0.05,2,1,0.0001,1.00E-10,1.00E-25,8,0.7,50,500000,5.918900013,4.39133E+14
8b7a1600,dsregpsoLSGO,4/29/2023 16:00,0:10:11,completed,Mmax=0.7 Smax=0.5 Smin=0.05 c1=2.0 c2=1.0 dseta=0.1 fdmax=1.0e-10 fdmin=1.0e-25 function=8.0 lambd=0.7 n=50,0.7,0.5,0.05,2,1,0.1,1.00E-10,1.00E-25,8,0.7,50,500000,2.407500029,6.98854E+14
5da0fe37,dsregpsoLSGO,4/29/2023 16:10,0:10:16,completed,Mmax=0.7 Smax=0.5 Smin=0.05 c1=2.0 c2=1.0 dseta=0.5 fdmax=1.0e-10 fdmin=1.0e-25 function=8.0 lambd=0.7 n=50,0.7,0.5,0.05,2,1,0.5,1.00E-10,1.00E-25,8,0.7,50,500000,1.766899943,1.04035E+15
d8cee404,dsregpsoLSGO,4/29/2023 15:40,0:10:16,completed,Mmax=0.7 Smax=0.5 Smin=0.05 c1=2.0 c2=1.0 dseta=0.01 fdmax=1.0e-10 fdmin=1.0e-25 function=8.0 lambd=0.7 n=50,0.7,0.5,0.05,2,1,0.01,1.00E-10,1.00E-25,8,0.7,50,500000,1.287199974,1.89308E+15
