run,operation,started,time,status,label,Mmax,Smax,Smin,c1,c2,dseta,fdmax,fdmin,function,lambd,n,step,global_best,mean_global_best
0839e09b,dsregpsoLSGO,05/06/2023 08:36,00:01:58,completed,Mmax=0.7 Smax=0.5 Smin=0.05 c1=2.0 c2=1.0 dseta=0.01 fdmax=0.1 fdmin=1.0e-25 function=12.0 lambd=0.7 n=50,0.7,0.5,0.05,2,1,0.01,0.1,1.00E-25,12,0.7,50,500000,1.825600028,19227.20117
b47bde6c,dsregpsoLSGO,05/06/2023 08:40,00:01:58,completed,Mmax=0.7 Smax=0.5 Smin=0.05 c1=2.0 c2=1.0 dseta=0.1 fdmax=0.1 fdmin=1.0e-25 function=12.0 lambd=0.7 n=50,0.7,0.5,0.05,2,1,0.1,0.1,1.00E-25,12,0.7,50,500000,2.282399893,19319.56445
905a8399,dsregpsoLSGO,05/06/2023 08:38,00:02:11,completed,Mmax=0.7 Smax=0.5 Smin=0.05 c1=2.0 c2=1.0 dseta=0.05 fdmax=0.1 fdmin=1.0e-25 function=12.0 lambd=0.7 n=50,0.7,0.5,0.05,2,1,0.05,0.1,1.00E-25,12,0.7,50,500000,2.690500021,23028.08594
7d186519,dsregpsoLSGO,05/06/2023 08:42,00:01:56,completed,Mmax=0.7 Smax=0.5 Smin=0.05 c1=2.0 c2=1.0 dseta=0.5 fdmax=0.1 fdmin=1.0e-25 function=12.0 lambd=0.7 n=50,0.7,0.5,0.05,2,1,0.5,0.1,1.00E-25,12,0.7,50,500000,2.13319993,26002.08203
82a54ed8,dsregpsoLSGO,05/06/2023 08:34,00:02:19,completed,Mmax=0.7 Smax=0.5 Smin=0.05 c1=2.0 c2=1.0 dseta=0.001 fdmax=0.1 fdmin=1.0e-25 function=12.0 lambd=0.7 n=50,0.7,0.5,0.05,2,1,0.001,0.1,1.00E-25,12,0.7,50,500000,1.499500036,161876.1719
621767d7,dsregpsoLSGO,05/06/2023 08:32,00:02:00,completed,Mmax=0.7 Smax=0.5 Smin=0.05 c1=2.0 c2=1.0 dseta=0.0001 fdmax=0.1 fdmin=1.0e-25 function=12.0 lambd=0.7 n=50,0.7,0.5,0.05,2,1,0.0001,0.1,1.00E-25,12,0.7,50,500000,2.079900026,20957986816
3d20400c,dsregpsoLSGO,05/06/2023 08:30,00:02:01,completed,Mmax=0.7 Smax=0.5 Smin=0.05 c1=2.0 c2=1.0 dseta=1.0e-05 fdmax=0.1 fdmin=1.0e-25 function=12.0 lambd=0.7 n=50,0.7,0.5,0.05,2,1,1.00E-05,0.1,1.00E-25,12,0.7,50,500000,6.366399765,66755465216
