run,operation,started,time,status,label,Mmax,Smax,Smin,c1,c2,dseta,fdmax,fdmin,function,lambd,n,step,global_best,mean_global_best
1b903949,dsregpsoLSGO,4/18/2023 15:44,0:11:00,completed,Mmax=0.7 Smax=0.5 Smin=0.05 c1=2.0 c2=1.0 dseta=0.001 fdmax=1.0e-10 fdmin=1.0e-25 function=8.0 lambd=0.7 n=50,0.7,0.5,0.05,2,1,0.001,1.00E-10,1.00E-25,8,0.7,50,500000,1.807700038,2.65555E+14
138e1f5f,dsregpsoLSGO,4/18/2023 15:34,0:10:36,completed,Mmax=0.7 Smax=0.5 Smin=0.05 c1=2.0 c2=1.0 dseta=0.001 fdmax=1.0e-25 fdmin=1.0e-25 function=8.0 lambd=0.7 n=50,0.7,0.5,0.05,2,1,0.001,1.00E-25,1.00E-25,8,0.7,50,500000,5.149600029,2.93187E+14
86553bab,dsregpsoLSGO,4/18/2023 15:55,0:10:22,completed,Mmax=0.7 Smax=0.5 Smin=0.05 c1=2.0 c2=1.0 dseta=0.001 fdmax=1.0e-05 fdmin=1.0e-25 function=8.0 lambd=0.7 n=50,0.7,0.5,0.05,2,1,0.001,1.00E-05,1.00E-25,8,0.7,50,500000,1.636399984,4.11627E+14
843288b1,dsregpsoLSGO,4/18/2023 16:06,0:10:26,completed,Mmax=0.7 Smax=0.5 Smin=0.05 c1=2.0 c2=1.0 dseta=0.001 fdmax=0.1 fdmin=1.0e-25 function=8.0 lambd=0.7 n=50,0.7,0.5,0.05,2,1,0.001,0.1,1.00E-25,8,0.7,50,500000,2.046700001,4.66429E+14
0371ff0d,dsregpsoLSGO,4/18/2023 16:16,0:10:28,completed,Mmax=0.7 Smax=0.5 Smin=0.05 c1=2.0 c2=1.0 dseta=0.001 fdmax=1 fdmin=1.0e-25 function=8.0 lambd=0.7 n=50,0.7,0.5,0.05,2,1,0.001,1,1.00E-25,8,0.7,50,500000,7.124599934,7.54516E+14
9014ca1e,dsregpsoLSGO,4/18/2023 15:22,0:11:17,completed,Mmax=0.7 Smax=0.5 Smin=0.05 c1=2.0 c2=1.0 dseta=0.001 fdmax=1.0e-50 fdmin=1.0e-25 function=8.0 lambd=0.7 n=50,0.7,0.5,0.05,2,1,0.001,1.00E-50,1.00E-25,8,0.7,50,500000,1.680600047,
295bc7ce,dsregpsoLSGO,4/18/2023 15:11,0:11:06,completed,Mmax=0.7 Smax=0.5 Smin=0.05 c1=2.0 c2=1.0 dseta=0.001 fdmax=1.0e-100 fdmin=1.0e-25 function=8.0 lambd=0.7 n=50,0.7,0.5,0.05,2,1,0.001,1.00E-100,1.00E-25,8,0.7,50,500000,1.680600047,
fdcccf48,dsregpsoLSGO,4/18/2023 15:00,0:11:22,completed,Mmax=0.7 Smax=0.5 Smin=0.05 c1=2.0 c2=1.0 dseta=0.001 fdmax=1.0e-200 fdmin=1.0e-25 function=8.0 lambd=0.7 n=50,0.7,0.5,0.05,2,1,0.001,1.00E-200,1.00E-25,8,0.7,50,500000,1.680600047,
