run,operation,started,time,status,label,Mmax,Smax,Smin,c1,c2,dseta,fdmax,fdmin,function,lambd,n,step,global_best,mean_global_best
78212aa4,dsregpsoLSGO,5/18/2023 11:03,0:11:59,completed,Mmax=0.7 Smax=0.5 Smin=0.05 c1=2.0 c2=1.0 dseta=0.001 fdmax=0.1 fdmin=1.0e-25 function=10.0 lambd=0.7 n=50,0.7,0.5,0.05,2,1,0.001,0.1,1.00E-25,10,0.7,50,500000,9.23239994,92474776
9467388,dsregpsoLSGO,5/18/2023 11:15,0:11:57,completed,Mmax=0.7 Smax=0.5 Smin=0.05 c1=2.0 c2=1.0 dseta=0.001 fdmax=1 fdmin=1.0e-25 function=10.0 lambd=0.7 n=50,0.7,0.5,0.05,2,1,0.001,1,1.00E-25,10,0.7,50,500000,9.235899925,92711336
f3f79724,dsregpsoLSGO,5/18/2023 10:51,0:11:53,completed,Mmax=0.7 Smax=0.5 Smin=0.05 c1=2.0 c2=1.0 dseta=0.001 fdmax=1.0e-05 fdmin=1.0e-25 function=10.0 lambd=0.7 n=50,0.7,0.5,0.05,2,1,0.001,1.00E-05,1.00E-25,10,0.7,50,500000,9.280400276,92723800
8bbb0f6a,dsregpsoLSGO,5/18/2023 10:27,0:10:59,completed,Mmax=0.7 Smax=0.5 Smin=0.05 c1=2.0 c2=1.0 dseta=0.001 fdmax=1.0e-25 fdmin=1.0e-25 function=10.0 lambd=0.7 n=50,0.7,0.5,0.05,2,1,0.001,1.00E-25,1.00E-25,10,0.7,50,500000,9.188899994,92762920
a063ac6e,dsregpsoLSGO,5/18/2023 10:38,0:12:31,completed,Mmax=0.7 Smax=0.5 Smin=0.05 c1=2.0 c2=1.0 dseta=0.001 fdmax=1.0e-10 fdmin=1.0e-25 function=10.0 lambd=0.7 n=50,0.7,0.5,0.05,2,1,0.001,1.00E-10,1.00E-25,10,0.7,50,500000,9.280400276,92782064
5c8e2cef,dsregpsoLSGO,5/18/2023 10:15,0:11:53,completed,Mmax=0.7 Smax=0.5 Smin=0.05 c1=2.0 c2=1.0 dseta=0.001 fdmax=1.0e-50 fdmin=1.0e-25 function=10.0 lambd=0.7 n=50,0.7,0.5,0.05,2,1,0.001,1.00E-50,1.00E-25,10,0.7,50,500000,9.630299568,96156144
7485954f,dsregpsoLSGO,5/18/2023 10:04,0:11:46,completed,Mmax=0.7 Smax=0.5 Smin=0.05 c1=2.0 c2=1.0 dseta=0.001 fdmax=1.0e-100 fdmin=1.0e-25 function=10.0 lambd=0.7 n=50,0.7,0.5,0.05,2,1,0.001,1.00E-100,1.00E-25,10,0.7,50,500000,9.630299568,96156144
610668ae,dsregpsoLSGO,5/18/2023 9:51,0:12:25,completed,Mmax=0.7 Smax=0.5 Smin=0.05 c1=2.0 c2=1.0 dseta=0.001 fdmax=1.0e-200 fdmin=1.0e-25 function=10.0 lambd=0.7 n=50,0.7,0.5,0.05,2,1,0.001,1.00E-200,1.00E-25,10,0.7,50,500000,9.630299568,96156144
