run,operation,started,time,status,label,Mmax,Smax,Smin,c1,c2,dseta,fdmax,fdmin,function,lambd,n,step,global_best,mean_global_best
1b0315cf,dsregpsoLSGO,23/06/2023 10:18,00:08:52,completed,Mmax=0.7 Smax=0.5 Smin=0.05 c1=2.0 c2=1.0 dseta=0.5 fdmax=1 fdmin=1.0e-25 function=14.0 lambd=0.7 n=50,0.7,0.5,0.05,2,1,0.5,1,1.00E-25,14,0.7,50,500000,1.249600053,16176235520
16358237,dsregpsoLSGO,23/06/2023 09:52,00:08:46,completed,Mmax=0.7 Smax=0.5 Smin=0.05 c1=2.0 c2=1.0 dseta=0.01 fdmax=1 fdmin=1.0e-25 function=14.0 lambd=0.7 n=50,0.7,0.5,0.05,2,1,0.01,1,1.00E-25,14,0.7,50,500000,1.449399948,19521523712
39e45562,dsregpsoLSGO,23/06/2023 10:01,00:08:51,completed,Mmax=0.7 Smax=0.5 Smin=0.05 c1=2.0 c2=1.0 dseta=0.05 fdmax=1 fdmin=1.0e-25 function=14.0 lambd=0.7 n=50,0.7,0.5,0.05,2,1,0.05,1,1.00E-25,14,0.7,50,500000,9.299599648,23628515328
d2ffadcf,dsregpsoLSGO,23/06/2023 10:10,00:08:45,completed,Mmax=0.7 Smax=0.5 Smin=0.05 c1=2.0 c2=1.0 dseta=0.1 fdmax=1 fdmin=1.0e-25 function=14.0 lambd=0.7 n=50,0.7,0.5,0.05,2,1,0.1,1,1.00E-25,14,0.7,50,500000,3.332600117,23940519936
af0789e2,dsregpsoLSGO,23/06/2023 09:43,00:08:51,completed,Mmax=0.7 Smax=0.5 Smin=0.05 c1=2.0 c2=1.0 dseta=0.001 fdmax=1 fdmin=1.0e-25 function=14.0 lambd=0.7 n=50,0.7,0.5,0.05,2,1,0.001,1,1.00E-25,14,0.7,50,500000,2.128499985,96993935360
dea92ca5,dsregpsoLSGO,23/06/2023 09:34,00:09:07,completed,Mmax=0.7 Smax=0.5 Smin=0.05 c1=2.0 c2=1.0 dseta=0.0001 fdmax=1 fdmin=1.0e-25 function=14.0 lambd=0.7 n=50,0.7,0.5,0.05,2,1,0.0001,1,1.00E-25,14,0.7,50,500000,1.65199995,7.02972E+11
681d5df6,dsregpsoLSGO,23/06/2023 09:25,00:08:56,completed,Mmax=0.7 Smax=0.5 Smin=0.05 c1=2.0 c2=1.0 dseta=1.0e-05 fdmax=1 fdmin=1.0e-25 function=14.0 lambd=0.7 n=50,0.7,0.5,0.05,2,1,1.00E-05,1,1.00E-25,14,0.7,50,500000,2.264199972,1.38997E+12
