run,operation,started,time,status,label,Mmax,Smax,Smin,c1,c2,dseta,fdmax,fdmin,function,lambd,n,step,global_best,mean_global_best
a5002e8b,dsregpsoLSGO,3/14/2023 13:18,0:09:00,completed,Mmax=0.7 Smax=0.5 Smin=0.05 c1=2.0 c2=1.0 dseta=0.001 fdmax=1.0e-25 fdmin=1.0e-50 function=4.0 lambd=0.7 n=50,0.7,0.5,0.05,2,1,0.001,1.00E-25,1.00E-50,4,0.7,50,500000,3.315299988,1.02493E+11
1b27dce3,dsregpsoLSGO,3/14/2023 13:09,0:08:56,completed,Mmax=0.7 Smax=0.5 Smin=0.05 c1=2.0 c2=1.0 dseta=0.001 fdmax=1.0e-25 fdmin=1.0e-100 function=4.0 lambd=0.7 n=50,0.7,0.5,0.05,2,1,0.001,1.00E-25,1.00E-100,4,0.7,50,500000,3.315299988,1.02493E+11
bbc71505,dsregpsoLSGO,3/14/2023 13:00,0:08:59,completed,Mmax=0.7 Smax=0.5 Smin=0.05 c1=2.0 c2=1.0 dseta=0.001 fdmax=1.0e-25 fdmin=1.0e-200 function=4.0 lambd=0.7 n=50,0.7,0.5,0.05,2,1,0.001,1.00E-25,1.00E-200,4,0.7,50,500000,3.315299988,1.02493E+11
015ce240,dsregpsoLSGO,3/14/2023 13:27,0:09:14,completed,Mmax=0.7 Smax=0.5 Smin=0.05 c1=2.0 c2=1.0 dseta=0.001 fdmax=1.0e-25 fdmin=1.0e-25 function=4.0 lambd=0.7 n=50,0.7,0.5,0.05,2,1,0.001,1.00E-25,1.00E-25,4,0.7,50,500000,1.948099971,1.56516E+11
2718b2fd,dsregpsoLSGO,3/14/2023 14:07,0:10:05,completed,Mmax=0.7 Smax=0.5 Smin=0.05 c1=2.0 c2=1.0 dseta=0.001 fdmax=1.0e-25 fdmin=1 function=4.0 lambd=0.7 n=50,0.7,0.5,0.05,2,1,0.001,1.00E-25,1,4,0.7,50,500000,1.670099974,1.49868E+13
24e5febb,dsregpsoLSGO,3/14/2023 13:56,0:10:09,completed,Mmax=0.7 Smax=0.5 Smin=0.05 c1=2.0 c2=1.0 dseta=0.001 fdmax=1.0e-25 fdmin=0.1 function=4.0 lambd=0.7 n=50,0.7,0.5,0.05,2,1,0.001,1.00E-25,0.1,4,0.7,50,500000,1.670099974,1.49868E+13
444200dc,dsregpsoLSGO,3/14/2023 13:46,0:10:10,completed,Mmax=0.7 Smax=0.5 Smin=0.05 c1=2.0 c2=1.0 dseta=0.001 fdmax=1.0e-25 fdmin=1.0e-05 function=4.0 lambd=0.7 n=50,0.7,0.5,0.05,2,1,0.001,1.00E-25,1.00E-05,4,0.7,50,500000,1.670099974,1.49868E+13
37b5c416,dsregpsoLSGO,3/14/2023 13:36,0:10:01,completed,Mmax=0.7 Smax=0.5 Smin=0.05 c1=2.0 c2=1.0 dseta=0.001 fdmax=1.0e-25 fdmin=1.0e-10 function=4.0 lambd=0.7 n=50,0.7,0.5,0.05,2,1,0.001,1.00E-25,1.00E-10,4,0.7,50,500000,1.670099974,1.49868E+13
