run,operation,started,time,status,label,Mmax,Smax,Smin,c1,c2,dseta,fdmax,fdmin,function,lambd,n,step,global_best,mean_global_best
2f6a7e7d,dsregpsoLSGO,06/06/2023 10:27,00:01:55,completed,Mmax=0.3 Smax=0.5 Smin=0.05 c1=2.0 c2=0.1 dseta=0.01 fdmax=0.1 fdmin=1.0e-25 function=12.0 lambd=1.3 n=50,0.3,0.5,0.05,2,0.1,0.01,0.1,1.00E-25,12,1.3,50,500000,6.648700237,6409.84375
b044b0f3,dsregpsoLSGO,06/06/2023 10:25,00:01:55,completed,Mmax=0.3 Smax=0.5 Smin=0.05 c1=2.0 c2=0.1 dseta=0.01 fdmax=0.1 fdmin=1.0e-25 function=12.0 lambd=1.2 n=50,0.3,0.5,0.05,2,0.1,0.01,0.1,1.00E-25,12,1.2,50,500000,7.268899918,6575.34668
f82a3cac,dsregpsoLSGO,06/06/2023 10:16,00:02:02,completed,Mmax=0.3 Smax=0.5 Smin=0.05 c1=2.0 c2=0.1 dseta=0.01 fdmax=0.1 fdmin=1.0e-25 function=12.0 lambd=0.7 n=50,0.3,0.5,0.05,2,0.1,0.01,0.1,1.00E-25,12,0.7,50,500000,6.670899868,6591.331543
d29cf55b,dsregpsoLSGO,06/06/2023 10:22,00:01:55,completed,Mmax=0.3 Smax=0.5 Smin=0.05 c1=2.0 c2=0.1 dseta=0.01 fdmax=0.1 fdmin=1.0e-25 function=12.0 lambd=1.0 n=50,0.3,0.5,0.05,2,0.1,0.01,0.1,1.00E-25,12,1,50,500000,6.545100212,6765.701172
83b0d6b2,dsregpsoLSGO,06/06/2023 10:18,00:01:55,completed,Mmax=0.3 Smax=0.5 Smin=0.05 c1=2.0 c2=0.1 dseta=0.01 fdmax=0.1 fdmin=1.0e-25 function=12.0 lambd=0.8 n=50,0.3,0.5,0.05,2,0.1,0.01,0.1,1.00E-25,12,0.8,50,500000,7.099400043,7042.574219
46684591,dsregpsoLSGO,06/06/2023 10:24,00:01:55,completed,Mmax=0.3 Smax=0.5 Smin=0.05 c1=2.0 c2=0.1 dseta=0.01 fdmax=0.1 fdmin=1.0e-25 function=12.0 lambd=1.1 n=50,0.3,0.5,0.05,2,0.1,0.01,0.1,1.00E-25,12,1.1,50,500000,8.342599869,7071.584961
dc9455e4,dsregpsoLSGO,06/06/2023 10:11,00:02:05,completed,Mmax=0.3 Smax=0.5 Smin=0.05 c1=2.0 c2=0.1 dseta=0.01 fdmax=0.1 fdmin=1.0e-25 function=12.0 lambd=0.5 n=50,0.3,0.5,0.05,2,0.1,0.01,0.1,1.00E-25,12,0.5,50,500000,7.379600048,7313.003418
ad2573a5,dsregpsoLSGO,06/06/2023 10:20,00:01:55,completed,Mmax=0.3 Smax=0.5 Smin=0.05 c1=2.0 c2=0.1 dseta=0.01 fdmax=0.1 fdmin=1.0e-25 function=12.0 lambd=0.9 n=50,0.3,0.5,0.05,2,0.1,0.01,0.1,1.00E-25,12,0.9,50,500000,6.507400036,7441.902832
c200ae5b,dsregpsoLSGO,06/06/2023 10:13,00:02:20,completed,Mmax=0.3 Smax=0.5 Smin=0.05 c1=2.0 c2=0.1 dseta=0.01 fdmax=0.1 fdmin=1.0e-25 function=12.0 lambd=0.6 n=50,0.3,0.5,0.05,2,0.1,0.01,0.1,1.00E-25,12,0.6,50,500000,1.105200052,7658.911621
894526f5,dsregpsoLSGO,06/06/2023 10:09,00:01:57,completed,Mmax=0.3 Smax=0.5 Smin=0.05 c1=2.0 c2=0.1 dseta=0.01 fdmax=0.1 fdmin=1.0e-25 function=12.0 lambd=0.4 n=50,0.3,0.5,0.05,2,0.1,0.01,0.1,1.00E-25,12,0.4,50,500000,1.177999973,8703.879883
04e036dd,dsregpsoLSGO,06/06/2023 10:07,00:02:18,completed,Mmax=0.3 Smax=0.5 Smin=0.05 c1=2.0 c2=0.1 dseta=0.01 fdmax=0.1 fdmin=1.0e-25 function=12.0 lambd=0.3 n=50,0.3,0.5,0.05,2,0.1,0.01,0.1,1.00E-25,12,0.3,50,500000,1.149299979,11223.85742
fac94593,dsregpsoLSGO,06/06/2023 10:05,00:01:56,completed,Mmax=0.3 Smax=0.5 Smin=0.05 c1=2.0 c2=0.1 dseta=0.01 fdmax=0.1 fdmin=1.0e-25 function=12.0 lambd=0.2 n=50,0.3,0.5,0.05,2,0.1,0.01,0.1,1.00E-25,12,0.2,50,500000,4.136700153,44789.01172
6f3febdb,dsregpsoLSGO,06/06/2023 10:03,00:01:56,completed,Mmax=0.3 Smax=0.5 Smin=0.05 c1=2.0 c2=0.1 dseta=0.01 fdmax=0.1 fdmin=1.0e-25 function=12.0 lambd=0.1 n=50,0.3,0.5,0.05,2,0.1,0.01,0.1,1.00E-25,12,0.1,50,500000,6.429100037,655391680
