run,operation,started,time,status,label,Mmax,Smax,Smin,c1,c2,dseta,fdmax,fdmin,function,lambd,n,step,global_best,mean_global_best
c6edbb10,dsregpsoLSGO,5/10/2023 13:49,0:10:15,completed,Mmax=0.7 Smax=0.5 Smin=0.05 c1=2.0 c2=1.0 dseta=0.001 fdmax=1.0e-25 fdmin=1.0e-25 function=9.0 lambd=0.7 n=50,0.7,0.5,0.05,2,1,0.001,1.00E-25,1.00E-25,9,0.7,50,500000,2.182199955,1952145024
0dc3c2aa,dsregpsoLSGO,5/10/2023 14:30,0:10:17,completed,Mmax=0.7 Smax=0.5 Smin=0.05 c1=2.0 c2=1.0 dseta=0.001 fdmax=1 fdmin=1.0e-25 function=9.0 lambd=0.7 n=50,0.7,0.5,0.05,2,1,0.001,1,1.00E-25,9,0.7,50,500000,1.542999983,2047041280
daeb2776,dsregpsoLSGO,5/10/2023 13:59,0:10:16,completed,Mmax=0.7 Smax=0.5 Smin=0.05 c1=2.0 c2=1.0 dseta=0.001 fdmax=1.0e-10 fdmin=1.0e-25 function=9.0 lambd=0.7 n=50,0.7,0.5,0.05,2,1,0.001,1.00E-10,1.00E-25,9,0.7,50,500000,2.446099997,2119999616
1dd73201,dsregpsoLSGO,5/10/2023 14:19,0:10:17,completed,Mmax=0.7 Smax=0.5 Smin=0.05 c1=2.0 c2=1.0 dseta=0.001 fdmax=0.1 fdmin=1.0e-25 function=9.0 lambd=0.7 n=50,0.7,0.5,0.05,2,1,0.001,0.1,1.00E-25,9,0.7,50,500000,1.525400043,2131878656
f2296fd3,dsregpsoLSGO,5/10/2023 14:09,0:10:09,completed,Mmax=0.7 Smax=0.5 Smin=0.05 c1=2.0 c2=1.0 dseta=0.001 fdmax=1.0e-05 fdmin=1.0e-25 function=9.0 lambd=0.7 n=50,0.7,0.5,0.05,2,1,0.001,1.00E-05,1.00E-25,9,0.7,50,500000,2.449100018,2310002176
1d5427c1,dsregpsoLSGO,5/10/2023 13:37,0:11:12,completed,Mmax=0.7 Smax=0.5 Smin=0.05 c1=2.0 c2=1.0 dseta=0.001 fdmax=1.0e-50 fdmin=1.0e-25 function=9.0 lambd=0.7 n=50,0.7,0.5,0.05,2,1,0.001,1.00E-50,1.00E-25,9,0.7,50,500000,4.125899792,4585529344
c68986dd,dsregpsoLSGO,5/10/2023 13:26,0:11:41,completed,Mmax=0.7 Smax=0.5 Smin=0.05 c1=2.0 c2=1.0 dseta=0.001 fdmax=1.0e-100 fdmin=1.0e-25 function=9.0 lambd=0.7 n=50,0.7,0.5,0.05,2,1,0.001,1.00E-100,1.00E-25,9,0.7,50,500000,4.125899792,4585529344
e7a5a48e,dsregpsoLSGO,5/10/2023 13:15,0:11:13,completed,Mmax=0.7 Smax=0.5 Smin=0.05 c1=2.0 c2=1.0 dseta=0.001 fdmax=1.0e-200 fdmin=1.0e-25 function=9.0 lambd=0.7 n=50,0.7,0.5,0.05,2,1,0.001,1.00E-200,1.00E-25,9,0.7,50,500000,4.125899792,4585529344
