run,operation,started,time,status,label,Mmax,Smax,Smin,c1,c2,dseta,fdmax,fdmin,function,lambd,n,step,global_best,mean_global_best
ff90af9e,dsregpsoLSGO,25/01/2023 11:58,00:07:19,completed,Mmax=0.1 Smax=0.5 Smin=0.05 c1=2.0 c2=1.5 dseta=0.5 fdmax=1.0e-05 fdmin=1.0e-100 function=3.0 lambd=0.2 n=50,0.1,0.5,0.05,2,1.5,0.5,1.00E-05,1.00E-100,3,0.2,50,500000,2.00270009,20.02645302
ab0fc7bf,dsregpsoLSGO,25/01/2023 12:20,00:07:22,completed,Mmax=0.1 Smax=0.5 Smin=0.05 c1=2.0 c2=1.5 dseta=0.5 fdmax=1.0e-05 fdmin=1.0e-100 function=3.0 lambd=0.5 n=50,0.1,0.5,0.05,2,1.5,0.5,1.00E-05,1.00E-100,3,0.5,50,500000,2.00180006,20.02813721
dead5257,dsregpsoLSGO,25/01/2023 12:12,00:07:16,completed,Mmax=0.1 Smax=0.5 Smin=0.05 c1=2.0 c2=1.5 dseta=0.5 fdmax=1.0e-05 fdmin=1.0e-100 function=3.0 lambd=0.4 n=50,0.1,0.5,0.05,2,1.5,0.5,1.00E-05,1.00E-100,3,0.4,50,500000,2.003900051,20.03292465
284bb86b,dsregpsoLSGO,25/01/2023 12:05,00:07:22,completed,Mmax=0.1 Smax=0.5 Smin=0.05 c1=2.0 c2=1.5 dseta=0.5 fdmax=1.0e-05 fdmin=1.0e-100 function=3.0 lambd=0.3 n=50,0.1,0.5,0.05,2,1.5,0.5,1.00E-05,1.00E-100,3,0.3,50,500000,2.002899885,20.03323746
9d702c9e,dsregpsoLSGO,25/01/2023 12:42,00:07:21,completed,Mmax=0.1 Smax=0.5 Smin=0.05 c1=2.0 c2=1.5 dseta=0.5 fdmax=1.0e-05 fdmin=1.0e-100 function=3.0 lambd=0.8 n=50,0.1,0.5,0.05,2,1.5,0.5,1.00E-05,1.00E-100,3,0.8,50,500000,2.004100084,20.03537178
7fd5301a,dsregpsoLSGO,25/01/2023 13:04,00:07:22,completed,Mmax=0.1 Smax=0.5 Smin=0.05 c1=2.0 c2=1.5 dseta=0.5 fdmax=1.0e-05 fdmin=1.0e-100 function=3.0 lambd=1.1 n=50,0.1,0.5,0.05,2,1.5,0.5,1.00E-05,1.00E-100,3,1.1,50,500000,2.004300117,20.0377388
b7654c7d,dsregpsoLSGO,25/01/2023 12:34,00:07:23,completed,Mmax=0.1 Smax=0.5 Smin=0.05 c1=2.0 c2=1.5 dseta=0.5 fdmax=1.0e-05 fdmin=1.0e-100 function=3.0 lambd=0.7 n=50,0.1,0.5,0.05,2,1.5,0.5,1.00E-05,1.00E-100,3,0.7,50,500000,2.003799915,20.03800392
71423759,dsregpsoLSGO,25/01/2023 12:56,00:07:15,completed,Mmax=0.1 Smax=0.5 Smin=0.05 c1=2.0 c2=1.5 dseta=0.5 fdmax=1.0e-05 fdmin=1.0e-100 function=3.0 lambd=1.0 n=50,0.1,0.5,0.05,2,1.5,0.5,1.00E-05,1.00E-100,3,1,50,500000,2.005100012,20.04197311
1f5ab594,dsregpsoLSGO,25/01/2023 12:49,00:07:23,completed,Mmax=0.1 Smax=0.5 Smin=0.05 c1=2.0 c2=1.5 dseta=0.5 fdmax=1.0e-05 fdmin=1.0e-100 function=3.0 lambd=0.9 n=50,0.1,0.5,0.05,2,1.5,0.5,1.00E-05,1.00E-100,3,0.9,50,500000,2.001600027,20.04461479
a6a87307,dsregpsoLSGO,25/01/2023 11:50,00:07:25,completed,Mmax=0.1 Smax=0.5 Smin=0.05 c1=2.0 c2=1.5 dseta=0.5 fdmax=1.0e-05 fdmin=1.0e-100 function=3.0 lambd=0.1 n=50,0.1,0.5,0.05,2,1.5,0.5,1.00E-05,1.00E-100,3,0.1,50,500000,2.003700018,20.04735374
0cd9a614,dsregpsoLSGO,25/01/2023 12:27,00:07:16,completed,Mmax=0.1 Smax=0.5 Smin=0.05 c1=2.0 c2=1.5 dseta=0.5 fdmax=1.0e-05 fdmin=1.0e-100 function=3.0 lambd=0.6 n=50,0.1,0.5,0.05,2,1.5,0.5,1.00E-05,1.00E-100,3,0.6,50,500000,2.003799915,20.04816628
41597ab8,dsregpsoLSGO,25/01/2023 13:11,00:07:14,completed,Mmax=0.1 Smax=0.5 Smin=0.05 c1=2.0 c2=1.5 dseta=0.5 fdmax=1.0e-05 fdmin=1.0e-100 function=3.0 lambd=1.2 n=50,0.1,0.5,0.05,2,1.5,0.5,1.00E-05,1.00E-100,3,1.2,50,500000,2.006000042,20.0539856
b211568b,dsregpsoLSGO,25/01/2023 13:18,00:07:24,completed,Mmax=0.1 Smax=0.5 Smin=0.05 c1=2.0 c2=1.5 dseta=0.5 fdmax=1.0e-05 fdmin=1.0e-100 function=3.0 lambd=1.3 n=50,0.1,0.5,0.05,2,1.5,0.5,1.00E-05,1.00E-100,3,1.3,50,500000,2.005000114,20.05758476
