run,operation,started,time,status,label,Mmax,Smax,Smin,c1,c2,dseta,fdmax,fdmin,function,lambd,n,step,global_best,mean_global_best
a7cf5d0d,dsregpsoLSGO,5/12/2023 11:38,0:11:51,completed,Mmax=1.2 Smax=0.5 Smin=0.05 c1=2.0 c2=2.0 dseta=0.1 fdmax=1.0e-25 fdmin=1.0e-25 function=9.0 lambd=1.3 n=50,1.2,0.5,0.05,2,2,0.1,1.00E-25,1.00E-25,9,1.3,50,500000,6.30919981,552657600
1022142f,dsregpsoLSGO,5/12/2023 11:01,0:12:12,completed,Mmax=1.2 Smax=0.5 Smin=0.05 c1=2.0 c2=2.0 dseta=0.1 fdmax=1.0e-25 fdmin=1.0e-25 function=9.0 lambd=1.0 n=50,1.2,0.5,0.05,2,2,0.1,1.00E-25,1.00E-25,9,1,50,500000,5.964600086,575308416
062cf0e9,dsregpsoLSGO,5/12/2023 10:37,0:11:52,completed,Mmax=1.2 Smax=0.5 Smin=0.05 c1=2.0 c2=2.0 dseta=0.1 fdmax=1.0e-25 fdmin=1.0e-25 function=9.0 lambd=0.8 n=50,1.2,0.5,0.05,2,2,0.1,1.00E-25,1.00E-25,9,0.8,50,500000,3.933900118,609936896
b24040d2,dsregpsoLSGO,5/12/2023 10:26,0:11:08,completed,Mmax=1.2 Smax=0.5 Smin=0.05 c1=2.0 c2=2.0 dseta=0.1 fdmax=1.0e-25 fdmin=1.0e-25 function=9.0 lambd=0.7 n=50,1.2,0.5,0.05,2,2,0.1,1.00E-25,1.00E-25,9,0.7,50,500000,4.406799793,615110464
9c0ed60f,dsregpsoLSGO,5/12/2023 9:51,0:12:43,completed,Mmax=1.2 Smax=0.5 Smin=0.05 c1=2.0 c2=2.0 dseta=0.1 fdmax=1.0e-25 fdmin=1.0e-25 function=9.0 lambd=0.4 n=50,1.2,0.5,0.05,2,2,0.1,1.00E-25,1.00E-25,9,0.4,50,500000,6.010399818,686501440
b6ded22f,dsregpsoLSGO,5/12/2023 10:49,0:12:21,completed,Mmax=1.2 Smax=0.5 Smin=0.05 c1=2.0 c2=2.0 dseta=0.1 fdmax=1.0e-25 fdmin=1.0e-25 function=9.0 lambd=0.9 n=50,1.2,0.5,0.05,2,2,0.1,1.00E-25,1.00E-25,9,0.9,50,500000,4.74420023,705940608
09da2728,dsregpsoLSGO,5/12/2023 11:26,0:12:09,completed,Mmax=1.2 Smax=0.5 Smin=0.05 c1=2.0 c2=2.0 dseta=0.1 fdmax=1.0e-25 fdmin=1.0e-25 function=9.0 lambd=1.2 n=50,1.2,0.5,0.05,2,2,0.1,1.00E-25,1.00E-25,9,1.2,50,500000,1.175799966,712740352
ade05832,dsregpsoLSGO,5/12/2023 10:15,0:10:43,completed,Mmax=1.2 Smax=0.5 Smin=0.05 c1=2.0 c2=2.0 dseta=0.1 fdmax=1.0e-25 fdmin=1.0e-25 function=9.0 lambd=0.6 n=50,1.2,0.5,0.05,2,2,0.1,1.00E-25,1.00E-25,9,0.6,50,500000,1.085199952,757056576
b28d77b4,dsregpsoLSGO,5/12/2023 11:14,0:12:17,completed,Mmax=1.2 Smax=0.5 Smin=0.05 c1=2.0 c2=2.0 dseta=0.1 fdmax=1.0e-25 fdmin=1.0e-25 function=9.0 lambd=1.1 n=50,1.2,0.5,0.05,2,2,0.1,1.00E-25,1.00E-25,9,1.1,50,500000,5.468599796,860224704
89ac99a8,dsregpsoLSGO,5/12/2023 10:04,0:11:20,completed,Mmax=1.2 Smax=0.5 Smin=0.05 c1=2.0 c2=2.0 dseta=0.1 fdmax=1.0e-25 fdmin=1.0e-25 function=9.0 lambd=0.5 n=50,1.2,0.5,0.05,2,2,0.1,1.00E-25,1.00E-25,9,0.5,50,500000,1.396000028,911252736
05f8d7d9,dsregpsoLSGO,5/12/2023 9:39,0:12:07,completed,Mmax=1.2 Smax=0.5 Smin=0.05 c1=2.0 c2=2.0 dseta=0.1 fdmax=1.0e-25 fdmin=1.0e-25 function=9.0 lambd=0.3 n=50,1.2,0.5,0.05,2,2,0.1,1.00E-25,1.00E-25,9,0.3,50,500000,1.557100058,1032330112
016c4d1d,dsregpsoLSGO,5/12/2023 9:27,0:11:47,completed,Mmax=1.2 Smax=0.5 Smin=0.05 c1=2.0 c2=2.0 dseta=0.1 fdmax=1.0e-25 fdmin=1.0e-25 function=9.0 lambd=0.2 n=50,1.2,0.5,0.05,2,2,0.1,1.00E-25,1.00E-25,9,0.2,50,500000,1.183400035,1447353728
1437d040,dsregpsoLSGO,5/12/2023 9:17,0:10:31,completed,Mmax=1.2 Smax=0.5 Smin=0.05 c1=2.0 c2=2.0 dseta=0.1 fdmax=1.0e-25 fdmin=1.0e-25 function=9.0 lambd=0.1 n=50,1.2,0.5,0.05,2,2,0.1,1.00E-25,1.00E-25,9,0.1,50,500000,1.707999945,1776014336
