run,operation,started,time,status,label,Mmax,Smax,Smin,c1,c2,dseta,fdmax,fdmin,function,lambd,n,step,global_best,mean_global_best
9eb034cd,dsregpsoLSGO,01/06/2023 09:13,00:08:51,completed,Mmax=0.2 Smax=0.5 Smin=0.04 c1=2.0 c2=1.3 dseta=0.01 fdmax=1 fdmin=1.0e-50 function=11.0 lambd=0.5 n=30,0.2,0.5,0.04,2,1.3,0.01,1,1.00E-50,11,0.5,30,480000,8.154000282,1075990912
9dad74c7,dsregpsoLSGO,01/06/2023 09:22,00:08:47,completed,Mmax=0.2 Smax=0.5 Smin=0.04 c1=2.0 c2=1.3 dseta=0.01 fdmax=1 fdmin=1.0e-50 function=11.0 lambd=0.5 n=40,0.2,0.5,0.04,2,1.3,0.01,1,1.00E-50,11,0.5,40,500000,1.319900036,1113495296
2cd65ee7,dsregpsoLSGO,01/06/2023 09:04,00:08:49,completed,Mmax=0.2 Smax=0.5 Smin=0.04 c1=2.0 c2=1.3 dseta=0.01 fdmax=1 fdmin=1.0e-50 function=11.0 lambd=0.5 n=20,0.2,0.5,0.04,2,1.3,0.01,1,1.00E-50,11,0.5,20,500000,1.157999992,1145269376
df618652,dsregpsoLSGO,01/06/2023 09:48,00:08:47,completed,Mmax=0.2 Smax=0.5 Smin=0.04 c1=2.0 c2=1.3 dseta=0.01 fdmax=1 fdmin=1.0e-50 function=11.0 lambd=0.5 n=70,0.2,0.5,0.04,2,1.3,0.01,1,1.00E-50,11,0.5,70,490000,1.460500002,1158568320
6f66831a,dsregpsoLSGO,01/06/2023 09:30,00:08:50,completed,Mmax=0.2 Smax=0.5 Smin=0.04 c1=2.0 c2=1.3 dseta=0.01 fdmax=1 fdmin=1.0e-50 function=11.0 lambd=0.5 n=50,0.2,0.5,0.04,2,1.3,0.01,1,1.00E-50,11,0.5,50,500000,1.187000036,1205883904
4bf0c7f6,dsregpsoLSGO,01/06/2023 08:55,00:09:11,completed,Mmax=0.2 Smax=0.5 Smin=0.04 c1=2.0 c2=1.3 dseta=0.01 fdmax=1 fdmin=1.0e-50 function=11.0 lambd=0.5 n=10,0.2,0.5,0.04,2,1.3,0.01,1,1.00E-50,11,0.5,10,500000,1.167299986,1249367296
2521e47d,dsregpsoLSGO,01/06/2023 10:06,00:08:48,completed,Mmax=0.2 Smax=0.5 Smin=0.04 c1=2.0 c2=1.3 dseta=0.01 fdmax=1 fdmin=1.0e-50 function=11.0 lambd=0.5 n=90,0.2,0.5,0.04,2,1.3,0.01,1,1.00E-50,11,0.5,90,450000,1.656499982,1361546880
fe484572,dsregpsoLSGO,01/06/2023 08:45,00:09:48,completed,Mmax=0.2 Smax=0.5 Smin=0.04 c1=2.0 c2=1.3 dseta=0.01 fdmax=1 fdmin=1.0e-50 function=11.0 lambd=0.5 n=5,0.2,0.5,0.04,2,1.3,0.01,1,1.00E-50,11,0.5,5,500000,1.061200023,1377221120
3966e861,dsregpsoLSGO,01/06/2023 09:57,00:08:51,completed,Mmax=0.2 Smax=0.5 Smin=0.04 c1=2.0 c2=1.3 dseta=0.01 fdmax=1 fdmin=1.0e-50 function=11.0 lambd=0.5 n=80,0.2,0.5,0.04,2,1.3,0.01,1,1.00E-50,11,0.5,80,500000,1.471899986,1414818688
a70437a8,dsregpsoLSGO,01/06/2023 09:39,00:08:52,completed,Mmax=0.2 Smax=0.5 Smin=0.04 c1=2.0 c2=1.3 dseta=0.01 fdmax=1 fdmin=1.0e-50 function=11.0 lambd=0.5 n=60,0.2,0.5,0.04,2,1.3,0.01,1,1.00E-50,11,0.5,60,480000,1.076599956,1434435840
481fb1b1,dsregpsoLSGO,01/06/2023 10:15,00:08:59,completed,Mmax=0.2 Smax=0.5 Smin=0.04 c1=2.0 c2=1.3 dseta=0.01 fdmax=1 fdmin=1.0e-50 function=11.0 lambd=0.5 n=100,0.2,0.5,0.04,2,1.3,0.01,1,1.00E-50,11,0.5,100,500000,1.739400029,1459204864
6457ca89,dsregpsoLSGO,01/06/2023 08:30,00:14:32,completed,Mmax=0.2 Smax=0.5 Smin=0.04 c1=2.0 c2=1.3 dseta=0.01 fdmax=1 fdmin=1.0e-50 function=11.0 lambd=0.5 n=1,0.2,0.5,0.04,2,1.3,0.01,1,1.00E-50,11,0.5,1,500000,1.745800018,1924638080
