run,operation,started,time,status,label,Mmax,Smax,Smin,c1,c2,dseta,fdmax,fdmin,function,lambd,n,step,global_best,mean_global_best
f73d33c4,dsregpsoLSGO,5/31/2023 9:14,0:08:57,completed,Mmax=0.2 Smax=0.5 Smin=0.05 c1=2.0 c2=1.3 dseta=0.01 fdmax=1 fdmin=1.0e-50 function=11.0 lambd=0.5 n=50,0.2,0.5,0.05,2,1.3,0.01,1,1.00E-50,11,0.5,50,500000,1.266800046,1291321344
617c890f,dsregpsoLSGO,5/31/2023 9:32,0:09:07,completed,Mmax=0.2 Smax=0.5 Smin=0.05 c1=2.0 c2=1.3 dseta=0.01 fdmax=1 fdmin=1.0e-50 function=11.0 lambd=0.7 n=50,0.2,0.5,0.05,2,1.3,0.01,1,1.00E-50,11,0.7,50,500000,1.077499986,1312026368
5e94c2f1,dsregpsoLSGO,5/31/2023 8:56,0:08:58,completed,Mmax=0.2 Smax=0.5 Smin=0.05 c1=2.0 c2=1.3 dseta=0.01 fdmax=1 fdmin=1.0e-50 function=11.0 lambd=0.3 n=50,0.2,0.5,0.05,2,1.3,0.01,1,1.00E-50,11,0.3,50,500000,1.148100019,1341763840
22923f27,dsregpsoLSGO,5/31/2023 9:59,0:08:53,completed,Mmax=0.2 Smax=0.5 Smin=0.05 c1=2.0 c2=1.3 dseta=0.01 fdmax=1 fdmin=1.0e-50 function=11.0 lambd=1.0 n=50,0.2,0.5,0.05,2,1.3,0.01,1,1.00E-50,11,1,50,500000,1.096199989,1358179200
45715dd3,dsregpsoLSGO,5/31/2023 8:47,0:09:19,completed,Mmax=0.2 Smax=0.5 Smin=0.05 c1=2.0 c2=1.3 dseta=0.01 fdmax=1 fdmin=1.0e-50 function=11.0 lambd=0.2 n=50,0.2,0.5,0.05,2,1.3,0.01,1,1.00E-50,11,0.2,50,500000,1.352399945,1360131200
f8f625e8,dsregpsoLSGO,5/31/2023 9:05,0:08:54,completed,Mmax=0.2 Smax=0.5 Smin=0.05 c1=2.0 c2=1.3 dseta=0.01 fdmax=1 fdmin=1.0e-50 function=11.0 lambd=0.4 n=50,0.2,0.5,0.05,2,1.3,0.01,1,1.00E-50,11,0.4,50,500000,1.738199949,1362902784
506d0c51,dsregpsoLSGO,5/31/2023 10:25,0:08:52,completed,Mmax=0.2 Smax=0.5 Smin=0.05 c1=2.0 c2=1.3 dseta=0.01 fdmax=1 fdmin=1.0e-50 function=11.0 lambd=1.3 n=50,0.2,0.5,0.05,2,1.3,0.01,1,1.00E-50,11,1.3,50,500000,1.487800002,1438997248
a64b40b5,dsregpsoLSGO,5/31/2023 9:41,0:08:52,completed,Mmax=0.2 Smax=0.5 Smin=0.05 c1=2.0 c2=1.3 dseta=0.01 fdmax=1 fdmin=1.0e-50 function=11.0 lambd=0.8 n=50,0.2,0.5,0.05,2,1.3,0.01,1,1.00E-50,11,0.8,50,500000,1.537099957,1445028608
027a6bda,dsregpsoLSGO,5/31/2023 9:23,0:08:56,completed,Mmax=0.2 Smax=0.5 Smin=0.05 c1=2.0 c2=1.3 dseta=0.01 fdmax=1 fdmin=1.0e-50 function=11.0 lambd=0.6 n=50,0.2,0.5,0.05,2,1.3,0.01,1,1.00E-50,11,0.6,50,500000,1.625,1454727424
ea4d90b1,dsregpsoLSGO,5/31/2023 10:16,0:08:48,completed,Mmax=0.2 Smax=0.5 Smin=0.05 c1=2.0 c2=1.3 dseta=0.01 fdmax=1 fdmin=1.0e-50 function=11.0 lambd=1.2 n=50,0.2,0.5,0.05,2,1.3,0.01,1,1.00E-50,11,1.2,50,500000,1.237300038,1487181056
7e1bc8c1,dsregpsoLSGO,5/31/2023 9:50,0:08:50,completed,Mmax=0.2 Smax=0.5 Smin=0.05 c1=2.0 c2=1.3 dseta=0.01 fdmax=1 fdmin=1.0e-50 function=11.0 lambd=0.9 n=50,0.2,0.5,0.05,2,1.3,0.01,1,1.00E-50,11,0.9,50,500000,1.085800052,1509593728
d90e82f5,dsregpsoLSGO,5/31/2023 10:07,0:08:52,completed,Mmax=0.2 Smax=0.5 Smin=0.05 c1=2.0 c2=1.3 dseta=0.01 fdmax=1 fdmin=1.0e-50 function=11.0 lambd=1.1 n=50,0.2,0.5,0.05,2,1.3,0.01,1,1.00E-50,11,1.1,50,500000,1.722599983,1693665280
b036c43d,dsregpsoLSGO,5/31/2023 8:37,0:09:06,completed,Mmax=0.2 Smax=0.5 Smin=0.05 c1=2.0 c2=1.3 dseta=0.01 fdmax=1 fdmin=1.0e-50 function=11.0 lambd=0.1 n=50,0.2,0.5,0.05,2,1.3,0.01,1,1.00E-50,11,0.1,50,500000,2.936800003,2781275648
