run,operation,started,time,status,label,Mmax,Smax,Smin,c1,c2,dseta,fdmax,fdmin,function,lambd,n,step,global_best,mean_global_best
af124292,dsregpsoLSGO,20/06/2023 10:24,00:08:51,completed,Mmax=0.3 Smax=0.5 Smin=0.05 c1=2.0 c2=1.3 dseta=0.01 fdmax=0.1 fdmin=1.0e-50 function=13.0 lambd=0.5 n=30,0.3,0.5,0.05,2,1.3,0.01,0.1,1.00E-50,13,0.5,30,480000,1.145599961,1077871616
f8236895,dsregpsoLSGO,20/06/2023 10:05,00:09:28,completed,Mmax=0.3 Smax=0.5 Smin=0.05 c1=2.0 c2=1.3 dseta=0.01 fdmax=0.1 fdmin=1.0e-50 function=13.0 lambd=0.5 n=10,0.3,0.5,0.05,2,1.3,0.01,0.1,1.00E-50,13,0.5,10,500000,9.720000267,1136916480
85d24d06,dsregpsoLSGO,20/06/2023 10:15,00:09:04,completed,Mmax=0.3 Smax=0.5 Smin=0.05 c1=2.0 c2=1.3 dseta=0.01 fdmax=0.1 fdmin=1.0e-50 function=13.0 lambd=0.5 n=20,0.3,0.5,0.05,2,1.3,0.01,0.1,1.00E-50,13,0.5,20,500000,9.784399986,1176984704
91c2f4a4,dsregpsoLSGO,20/06/2023 10:33,00:08:55,completed,Mmax=0.3 Smax=0.5 Smin=0.05 c1=2.0 c2=1.3 dseta=0.01 fdmax=0.1 fdmin=1.0e-50 function=13.0 lambd=0.5 n=40,0.3,0.5,0.05,2,1.3,0.01,0.1,1.00E-50,13,0.5,40,500000,1.866400003,1352161024
67bace64,dsregpsoLSGO,20/06/2023 10:42,00:08:49,completed,Mmax=0.3 Smax=0.5 Smin=0.05 c1=2.0 c2=1.3 dseta=0.01 fdmax=0.1 fdmin=1.0e-50 function=13.0 lambd=0.5 n=50,0.3,0.5,0.05,2,1.3,0.01,0.1,1.00E-50,13,0.5,50,500000,1.75909996,1442338304
82845637,dsregpsoLSGO,20/06/2023 09:55,00:09:48,completed,Mmax=0.3 Smax=0.5 Smin=0.05 c1=2.0 c2=1.3 dseta=0.01 fdmax=0.1 fdmin=1.0e-50 function=13.0 lambd=0.5 n=5,0.3,0.5,0.05,2,1.3,0.01,0.1,1.00E-50,13,0.5,5,500000,1.799399972,1835225728
4b5025df,dsregpsoLSGO,20/06/2023 09:41,00:14:01,completed,Mmax=0.3 Smax=0.5 Smin=0.05 c1=2.0 c2=1.3 dseta=0.01 fdmax=0.1 fdmin=1.0e-50 function=13.0 lambd=0.5 n=1,0.3,0.5,0.05,2,1.3,0.01,0.1,1.00E-50,13,0.5,1,500000,1.515599966,1927088128
c4ef452d,dsregpsoLSGO,20/06/2023 10:50,00:08:52,completed,Mmax=0.3 Smax=0.5 Smin=0.05 c1=2.0 c2=1.3 dseta=0.01 fdmax=0.1 fdmin=1.0e-50 function=13.0 lambd=0.5 n=60,0.3,0.5,0.05,2,1.3,0.01,0.1,1.00E-50,13,0.5,60,480000,3.776799917,2276449280
21f74ffc,dsregpsoLSGO,20/06/2023 10:59,00:08:54,completed,Mmax=0.3 Smax=0.5 Smin=0.05 c1=2.0 c2=1.3 dseta=0.01 fdmax=0.1 fdmin=1.0e-50 function=13.0 lambd=0.5 n=70,0.3,0.5,0.05,2,1.3,0.01,0.1,1.00E-50,13,0.5,70,490000,2.315999985,2460148480
35d4c9a7,dsregpsoLSGO,20/06/2023 11:08,00:08:51,completed,Mmax=0.3 Smax=0.5 Smin=0.05 c1=2.0 c2=1.3 dseta=0.01 fdmax=0.1 fdmin=1.0e-50 function=13.0 lambd=0.5 n=80,0.3,0.5,0.05,2,1.3,0.01,0.1,1.00E-50,13,0.5,80,500000,3.575500011,2474043648
70a44cc8,dsregpsoLSGO,20/06/2023 11:17,00:08:57,completed,Mmax=0.3 Smax=0.5 Smin=0.05 c1=2.0 c2=1.3 dseta=0.01 fdmax=0.1 fdmin=1.0e-50 function=13.0 lambd=0.5 n=90,0.3,0.5,0.05,2,1.3,0.01,0.1,1.00E-50,13,0.5,90,450000,2.553299904,2626746880
14b5ec2e,dsregpsoLSGO,20/06/2023 11:26,00:08:57,completed,Mmax=0.3 Smax=0.5 Smin=0.05 c1=2.0 c2=1.3 dseta=0.01 fdmax=0.1 fdmin=1.0e-50 function=13.0 lambd=0.5 n=100,0.3,0.5,0.05,2,1.3,0.01,0.1,1.00E-50,13,0.5,100,500000,3.001699924,3599074304
