run,operation,started,time,status,label,Mmax,Smax,Smin,c1,c2,dseta,fdmax,fdmin,function,lambd,n,step,global_best,mean_global_best
175a3cf6,dsregpsoLSGO,22/06/2023 14:17,00:08:57,completed,Mmax=0.7 Smax=0.5 Smin=0.05 c1=2.0 c2=1.0 dseta=0.001 fdmax=1 fdmin=1.0e-25 function=14.0 lambd=0.7 n=50,0.7,0.5,0.05,2,1,0.001,1,1.00E-25,14,0.7,50,500000,2.128499985,96993935360
38b09f76,dsregpsoLSGO,22/06/2023 14:09,00:08:51,completed,Mmax=0.7 Smax=0.5 Smin=0.05 c1=2.0 c2=1.0 dseta=0.001 fdmax=0.1 fdmin=1.0e-25 function=14.0 lambd=0.7 n=50,0.7,0.5,0.05,2,1,0.001,0.1,1.00E-25,14,0.7,50,500000,3.027199984,99326976000
cfe90fcf,dsregpsoLSGO,22/06/2023 14:00,00:08:55,completed,Mmax=0.7 Smax=0.5 Smin=0.05 c1=2.0 c2=1.0 dseta=0.001 fdmax=1.0e-05 fdmin=1.0e-25 function=14.0 lambd=0.7 n=50,0.7,0.5,0.05,2,1,0.001,1.00E-05,1.00E-25,14,0.7,50,500000,6.515100002,2.98502E+11
9b6193a5,dsregpsoLSGO,22/06/2023 13:42,00:08:59,completed,Mmax=0.7 Smax=0.5 Smin=0.05 c1=2.0 c2=1.0 dseta=0.001 fdmax=1.0e-25 fdmin=1.0e-25 function=14.0 lambd=0.7 n=50,0.7,0.5,0.05,2,1,0.001,1.00E-25,1.00E-25,14,0.7,50,500000,9.22840023,3.6228E+11
4f6527eb,dsregpsoLSGO,22/06/2023 13:51,00:08:48,completed,Mmax=0.7 Smax=0.5 Smin=0.05 c1=2.0 c2=1.0 dseta=0.001 fdmax=1.0e-10 fdmin=1.0e-25 function=14.0 lambd=0.7 n=50,0.7,0.5,0.05,2,1,0.001,1.00E-10,1.00E-25,14,0.7,50,500000,9.981100082,4.98931E+11
0d3ba5d4,dsregpsoLSGO,22/06/2023 13:32,00:09:54,completed,Mmax=0.7 Smax=0.5 Smin=0.05 c1=2.0 c2=1.0 dseta=0.001 fdmax=1.0e-50 fdmin=1.0e-25 function=14.0 lambd=0.7 n=50,0.7,0.5,0.05,2,1,0.001,1.00E-50,1.00E-25,14,0.7,50,500000,6.171299934,
b11f9db7,dsregpsoLSGO,22/06/2023 13:22,00:09:52,completed,Mmax=0.7 Smax=0.5 Smin=0.05 c1=2.0 c2=1.0 dseta=0.001 fdmax=1.0e-100 fdmin=1.0e-25 function=14.0 lambd=0.7 n=50,0.7,0.5,0.05,2,1,0.001,1.00E-100,1.00E-25,14,0.7,50,500000,6.171299934,
e0da2a29,dsregpsoLSGO,22/06/2023 13:12,00:09:56,completed,Mmax=0.7 Smax=0.5 Smin=0.05 c1=2.0 c2=1.0 dseta=0.001 fdmax=1.0e-200 fdmin=1.0e-25 function=14.0 lambd=0.7 n=50,0.7,0.5,0.05,2,1,0.001,1.00E-200,1.00E-25,14,0.7,50,500000,6.171299934,
