run,operation,started,time,status,label,Mmax,Smax,Smin,c1,c2,dseta,fdmax,fdmin,function,lambd,n,step,global_best,mean_global_best
8a81bd47,dsregpsoLSGO,05/06/2023 10:15,00:01:54,completed,Mmax=0.3 Smax=0.5 Smin=0.05 c1=2.0 c2=1.0 dseta=0.01 fdmax=0.1 fdmin=1.0e-25 function=12.0 lambd=0.7 n=50,0.3,0.5,0.05,2,1,0.01,0.1,1.00E-25,12,0.7,50,500000,8.806900024,8794.775391
e2c5a9e3,dsregpsoLSGO,05/06/2023 10:13,00:01:55,completed,Mmax=0.2 Smax=0.5 Smin=0.05 c1=2.0 c2=1.0 dseta=0.01 fdmax=0.1 fdmin=1.0e-25 function=12.0 lambd=0.7 n=50,0.2,0.5,0.05,2,1,0.01,0.1,1.00E-25,12,0.7,50,500000,8.552000046,9377.388672
276883c5,dsregpsoLSGO,05/06/2023 10:17,00:01:59,completed,Mmax=0.4 Smax=0.5 Smin=0.05 c1=2.0 c2=1.0 dseta=0.01 fdmax=0.1 fdmin=1.0e-25 function=12.0 lambd=0.7 n=50,0.4,0.5,0.05,2,1,0.01,0.1,1.00E-25,12,0.7,50,500000,1.279600024,9394.245117
66437033,dsregpsoLSGO,05/06/2023 10:11,00:01:54,completed,Mmax=0.1 Smax=0.5 Smin=0.05 c1=2.0 c2=1.0 dseta=0.01 fdmax=0.1 fdmin=1.0e-25 function=12.0 lambd=0.7 n=50,0.1,0.5,0.05,2,1,0.01,0.1,1.00E-25,12,0.7,50,500000,1.099300027,10628.19922
9d1a5d32,dsregpsoLSGO,05/06/2023 10:19,00:02:01,completed,Mmax=0.5 Smax=0.5 Smin=0.05 c1=2.0 c2=1.0 dseta=0.01 fdmax=0.1 fdmin=1.0e-25 function=12.0 lambd=0.7 n=50,0.5,0.5,0.05,2,1,0.01,0.1,1.00E-25,12,0.7,50,500000,1.052800059,11158.32324
be888fa7,dsregpsoLSGO,05/06/2023 10:09,00:01:54,completed,Mmax=0.0 Smax=0.5 Smin=0.05 c1=2.0 c2=1.0 dseta=0.01 fdmax=0.1 fdmin=1.0e-25 function=12.0 lambd=0.7 n=50,0,0.5,0.05,2,1,0.01,0.1,1.00E-25,12,0.7,50,500000,1.120399952,12087.48242
6dc92f8e,dsregpsoLSGO,05/06/2023 10:21,00:01:54,completed,Mmax=0.6 Smax=0.5 Smin=0.05 c1=2.0 c2=1.0 dseta=0.01 fdmax=0.1 fdmin=1.0e-25 function=12.0 lambd=0.7 n=50,0.6,0.5,0.05,2,1,0.01,0.1,1.00E-25,12,0.7,50,500000,1.35650003,14597.4502
d5c0c8d5,dsregpsoLSGO,05/06/2023 10:23,00:01:55,completed,Mmax=0.7 Smax=0.5 Smin=0.05 c1=2.0 c2=1.0 dseta=0.01 fdmax=0.1 fdmin=1.0e-25 function=12.0 lambd=0.7 n=50,0.7,0.5,0.05,2,1,0.01,0.1,1.00E-25,12,0.7,50,500000,1.825600028,19227.20117
1c2aeb79,dsregpsoLSGO,05/06/2023 10:25,00:01:55,completed,Mmax=0.8 Smax=0.5 Smin=0.05 c1=2.0 c2=1.0 dseta=0.01 fdmax=0.1 fdmin=1.0e-25 function=12.0 lambd=0.7 n=50,0.8,0.5,0.05,2,1,0.01,0.1,1.00E-25,12,0.7,50,500000,5.053999901,44214.78125
034ec9c5,dsregpsoLSGO,05/06/2023 10:26,00:01:54,completed,Mmax=0.9 Smax=0.5 Smin=0.05 c1=2.0 c2=1.0 dseta=0.01 fdmax=0.1 fdmin=1.0e-25 function=12.0 lambd=0.7 n=50,0.9,0.5,0.05,2,1,0.01,0.1,1.00E-25,12,0.7,50,500000,7.834499836,128054.5703
431f9f62,dsregpsoLSGO,05/06/2023 10:28,00:01:58,completed,Mmax=1.0 Smax=0.5 Smin=0.05 c1=2.0 c2=1.0 dseta=0.01 fdmax=0.1 fdmin=1.0e-25 function=12.0 lambd=0.7 n=50,1,0.5,0.05,2,1,0.01,0.1,1.00E-25,12,0.7,50,500000,8.436100006,162639.2813
8d955695,dsregpsoLSGO,05/06/2023 10:32,00:01:55,completed,Mmax=1.2 Smax=0.5 Smin=0.05 c1=2.0 c2=1.0 dseta=0.01 fdmax=0.1 fdmin=1.0e-25 function=12.0 lambd=0.7 n=50,1.2,0.5,0.05,2,1,0.01,0.1,1.00E-25,12,0.7,50,500000,3.073299885,312348.375
33aea7de,dsregpsoLSGO,05/06/2023 10:30,00:02:01,completed,Mmax=1.1 Smax=0.5 Smin=0.05 c1=2.0 c2=1.0 dseta=0.01 fdmax=0.1 fdmin=1.0e-25 function=12.0 lambd=0.7 n=50,1.1,0.5,0.05,2,1,0.01,0.1,1.00E-25,12,0.7,50,500000,2.226599932,378304.375
62171516,dsregpsoLSGO,05/06/2023 10:34,00:01:59,completed,Mmax=1.3 Smax=0.5 Smin=0.05 c1=2.0 c2=1.0 dseta=0.01 fdmax=0.1 fdmin=1.0e-25 function=12.0 lambd=0.7 n=50,1.3,0.5,0.05,2,1,0.01,0.1,1.00E-25,12,0.7,50,500000,7.526199818,602224
