run,operation,started,time,status,label,Mmax,Smax,Smin,c1,c2,dseta,fdmax,fdmin,function,lambd,n,step,global_best,mean_global_best
018047de,dsregpsoLSGO,5/31/2023 11:37,0:08:49,completed,Mmax=0.2 Smax=0.5 Smin=0.05 c1=2.0 c2=1.3 dseta=0.01 fdmax=1 fdmin=1.0e-50 function=11.0 lambd=0.5 n=50,0.2,0.5,0.05,2,1.3,0.01,1,1.00E-50,11,0.5,50,500000,1.266800046,1291321344
139d119f,dsregpsoLSGO,5/31/2023 11:01,0:09:00,completed,Mmax=0.2 Smax=0.1 Smin=0.05 c1=2.0 c2=1.3 dseta=0.01 fdmax=1 fdmin=1.0e-50 function=11.0 lambd=0.5 n=50,0.2,0.1,0.05,2,1.3,0.01,1,1.00E-50,11,0.5,50,500000,9.683600426,1295015040
67de1f9c,dsregpsoLSGO,5/31/2023 11:28,0:08:50,completed,Mmax=0.2 Smax=0.4 Smin=0.05 c1=2.0 c2=1.3 dseta=0.01 fdmax=1 fdmin=1.0e-50 function=11.0 lambd=0.5 n=50,0.2,0.4,0.05,2,1.3,0.01,1,1.00E-50,11,0.5,50,500000,1.355399966,1327975168
1-Dec-88,dsregpsoLSGO,5/31/2023 11:54,0:08:49,completed,Mmax=0.2 Smax=0.7 Smin=0.05 c1=2.0 c2=1.3 dseta=0.01 fdmax=1 fdmin=1.0e-50 function=11.0 lambd=0.5 n=50,0.2,0.7,0.05,2,1.3,0.01,1,1.00E-50,11,0.5,50,500000,1.502599955,1334781184
df07c23b,dsregpsoLSGO,5/31/2023 11:10,0:08:51,completed,Mmax=0.2 Smax=0.2 Smin=0.05 c1=2.0 c2=1.3 dseta=0.01 fdmax=1 fdmin=1.0e-50 function=11.0 lambd=0.5 n=50,0.2,0.2,0.05,2,1.3,0.01,1,1.00E-50,11,0.5,50,500000,1.352200031,1339193984
b445a155,dsregpsoLSGO,5/31/2023 12:03,0:08:46,completed,Mmax=0.2 Smax=0.8 Smin=0.05 c1=2.0 c2=1.3 dseta=0.01 fdmax=1 fdmin=1.0e-50 function=11.0 lambd=0.5 n=50,0.2,0.8,0.05,2,1.3,0.01,1,1.00E-50,11,0.5,50,500000,1.095000029,1339766400
e42a8f90,dsregpsoLSGO,5/31/2023 12:12,0:08:48,completed,Mmax=0.2 Smax=0.9 Smin=0.05 c1=2.0 c2=1.3 dseta=0.01 fdmax=1 fdmin=1.0e-50 function=11.0 lambd=0.5 n=50,0.2,0.9,0.05,2,1.3,0.01,1,1.00E-50,11,0.5,50,500000,1.271199942,1355294848
325fcb43,dsregpsoLSGO,5/31/2023 11:46,0:08:46,completed,Mmax=0.2 Smax=0.6 Smin=0.05 c1=2.0 c2=1.3 dseta=0.01 fdmax=1 fdmin=1.0e-50 function=11.0 lambd=0.5 n=50,0.2,0.6,0.05,2,1.3,0.01,1,1.00E-50,11,0.5,50,500000,1.436400056,1360333568
cad44de9,dsregpsoLSGO,5/31/2023 12:21,0:08:44,completed,Mmax=0.2 Smax=1.0 Smin=0.05 c1=2.0 c2=1.3 dseta=0.01 fdmax=1 fdmin=1.0e-50 function=11.0 lambd=0.5 n=50,0.2,1,0.05,2,1.3,0.01,1,1.00E-50,11,0.5,50,500000,1.404199958,1416125184
6adc2c96,dsregpsoLSGO,5/31/2023 11:19,0:08:44,completed,Mmax=0.2 Smax=0.3 Smin=0.05 c1=2.0 c2=1.3 dseta=0.01 fdmax=1 fdmin=1.0e-50 function=11.0 lambd=0.5 n=50,0.2,0.3,0.05,2,1.3,0.01,1,1.00E-50,11,0.5,50,500000,1.15079999,1419157120
