run,operation,started,time,status,label,Mmax,Smax,Smin,c1,c2,dseta,fdmax,fdmin,function,lambd,n,step,global_best,mean_global_best
9d1e08fe,dsregpsoLSGO,24/01/2023 12:32,00:07:33,completed,Mmax=0.7 Smax=0.5 Smin=0.05 c1=2.0 c2=1.5 dseta=0.5 fdmax=1.0e-05 fdmin=1.0e-100 function=3.0 lambd=0.7 n=50,0.7,0.5,0.05,2,1.5,0.5,1.00E-05,1.00E-100,3,0.7,50,500000,2.006500006,20.06527901
d5268d03,dsregpsoLSGO,24/01/2023 12:24,00:07:16,completed,Mmax=0.7 Smax=0.5 Smin=0.05 c1=2.0 c2=1.5 dseta=0.1 fdmax=1.0e-05 fdmin=1.0e-100 function=3.0 lambd=0.7 n=50,0.7,0.5,0.05,2,1.5,0.1,1.00E-05,1.00E-100,3,0.7,50,500000,2.006500006,20.06527901
83be8b41,dsregpsoLSGO,24/01/2023 12:17,00:07:25,completed,Mmax=0.7 Smax=0.5 Smin=0.05 c1=2.0 c2=1.5 dseta=0.05 fdmax=1.0e-05 fdmin=1.0e-100 function=3.0 lambd=0.7 n=50,0.7,0.5,0.05,2,1.5,0.05,1.00E-05,1.00E-100,3,0.7,50,500000,2.006500006,20.06527901
83cce321,dsregpsoLSGO,24/01/2023 12:10,00:07:17,completed,Mmax=0.7 Smax=0.5 Smin=0.05 c1=2.0 c2=1.5 dseta=0.01 fdmax=1.0e-05 fdmin=1.0e-100 function=3.0 lambd=0.7 n=50,0.7,0.5,0.05,2,1.5,0.01,1.00E-05,1.00E-100,3,0.7,50,500000,2.006500006,20.06527901
1a53c54d,dsregpsoLSGO,24/01/2023 12:02,00:07:27,completed,Mmax=0.7 Smax=0.5 Smin=0.05 c1=2.0 c2=1.5 dseta=0.001 fdmax=1.0e-05 fdmin=1.0e-100 function=3.0 lambd=0.7 n=50,0.7,0.5,0.05,2,1.5,0.001,1.00E-05,1.00E-100,3,0.7,50,500000,2.007200003,20.06951141
2952b12a,dsregpsoLSGO,24/01/2023 11:47,00:07:41,completed,Mmax=0.7 Smax=0.5 Smin=0.05 c1=2.0 c2=1.5 dseta=1.0e-05 fdmax=1.0e-05 fdmin=1.0e-100 function=3.0 lambd=0.7 n=50,0.7,0.5,0.05,2,1.5,1.00E-05,1.00E-05,1.00E-100,3,0.7,50,500000,2.017699957,20.09129143
1de28d7b,dsregpsoLSGO,24/01/2023 11:55,00:07:15,completed,Mmax=0.7 Smax=0.5 Smin=0.05 c1=2.0 c2=1.5 dseta=0.0001 fdmax=1.0e-05 fdmin=1.0e-100 function=3.0 lambd=0.7 n=50,0.7,0.5,0.05,2,1.5,0.0001,1.00E-05,1.00E-100,3,0.7,50,500000,2.020400047,20.10181046
