run,operation,started,time,status,label,Mmax,Smax,Smin,c1,c2,dseta,fdmax,fdmin,function,lambd,n,step,global_best,mean_global_best
c5eab4ad,dsregpsoLSGO,07/01/2023 11:51,00:08:28,completed,Mmax=0.7 Smax=0.5 Smin=0.05 c1=2.0 c2=1.5 dseta=0.01 fdmax=0.1 fdmin=1.0e-50 function=2.0 lambd=0.7 n=50,0.7,0.5,0.05,2,1.5,0.01,0.1,1.00E-50,2,0.7,50,500000,1.270099998,12535.16113
04ace892,dsregpsoLSGO,07/01/2023 12:00,00:08:52,completed,Mmax=0.7 Smax=0.5 Smin=0.05 c1=2.0 c2=2.0 dseta=0.01 fdmax=0.1 fdmin=1.0e-50 function=2.0 lambd=0.7 n=50,0.7,0.5,0.05,2,2,0.01,0.1,1.00E-50,2,0.7,50,500000,1.297899961,13141.57422
52a4e6af,dsregpsoLSGO,07/01/2023 11:43,00:08:31,completed,Mmax=0.7 Smax=0.5 Smin=0.05 c1=2.0 c2=1.0 dseta=0.01 fdmax=0.1 fdmin=1.0e-50 function=2.0 lambd=0.7 n=50,0.7,0.5,0.05,2,1,0.01,0.1,1.00E-50,2,0.7,50,500000,1.976400018,19721.82617
0771e5f7,dsregpsoLSGO,07/01/2023 11:34,00:09:21,completed,Mmax=0.7 Smax=0.5 Smin=0.05 c1=2.0 c2=0.5 dseta=0.01 fdmax=0.1 fdmin=1.0e-50 function=2.0 lambd=0.7 n=50,0.7,0.5,0.05,2,0.5,0.01,0.1,1.00E-50,2,0.7,50,500000,2.369400024,23768.08398
a54fb473,dsregpsoLSGO,07/01/2023 11:25,00:08:43,completed,Mmax=0.7 Smax=0.5 Smin=0.05 c1=2.0 c2=0.0 dseta=0.01 fdmax=0.1 fdmin=1.0e-50 function=2.0 lambd=0.7 n=50,0.7,0.5,0.05,2,0,0.01,0.1,1.00E-50,2,0.7,50,500000,2.401900053,23853.86523
