run,operation,started,time,status,label,Mmax,Smax,Smin,c1,c2,dseta,fdmax,fdmin,function,lambd,n,step,global_best,mean_global_best
27222792,dsregpsoLSGO,5/4/2023 9:59,0:11:18,completed,Mmax=0.6 Smax=0.4 Smin=0.05 c1=2.0 c2=0.6 dseta=0.05 fdmax=1.0e-10 fdmin=1.0e-25 function=8.0 lambd=0.4 n=50,0.6,0.4,0.05,2,0.6,0.05,1.00E-10,1.00E-25,8,0.4,50,500000,1.097800016,1.23993E+14
90e6247a,dsregpsoLSGO,5/4/2023 10:11,0:11:05,completed,Mmax=0.6 Smax=0.5 Smin=0.05 c1=2.0 c2=0.6 dseta=0.05 fdmax=1.0e-10 fdmin=1.0e-25 function=8.0 lambd=0.4 n=50,0.6,0.5,0.05,2,0.6,0.05,1.00E-10,1.00E-25,8,0.4,50,500000,1.23360002,1.39914E+14
698f941b,dsregpsoLSGO,5/4/2023 9:36,0:11:24,completed,Mmax=0.6 Smax=0.2 Smin=0.05 c1=2.0 c2=0.6 dseta=0.05 fdmax=1.0e-10 fdmin=1.0e-25 function=8.0 lambd=0.4 n=50,0.6,0.2,0.05,2,0.6,0.05,1.00E-10,1.00E-25,8,0.4,50,500000,1.549499989,1.42144E+14
a1f2d871,dsregpsoLSGO,5/4/2023 9:25,0:11:29,completed,Mmax=0.6 Smax=0.1 Smin=0.05 c1=2.0 c2=0.6 dseta=0.05 fdmax=1.0e-10 fdmin=1.0e-25 function=8.0 lambd=0.4 n=50,0.6,0.1,0.05,2,0.6,0.05,1.00E-10,1.00E-25,8,0.4,50,500000,1.24000001,1.44391E+14
3d97f0f4,dsregpsoLSGO,5/4/2023 9:48,0:11:45,completed,Mmax=0.6 Smax=0.3 Smin=0.05 c1=2.0 c2=0.6 dseta=0.05 fdmax=1.0e-10 fdmin=1.0e-25 function=8.0 lambd=0.4 n=50,0.6,0.3,0.05,2,0.6,0.05,1.00E-10,1.00E-25,8,0.4,50,500000,1.537099957,1.53931E+14
c410a7d5,dsregpsoLSGO,5/4/2023 10:52,0:09:43,completed,Mmax=0.6 Smax=0.9 Smin=0.05 c1=2.0 c2=0.6 dseta=0.05 fdmax=1.0e-10 fdmin=1.0e-25 function=8.0 lambd=0.4 n=50,0.6,0.9,0.05,2,0.6,0.05,1.00E-10,1.00E-25,8,0.4,50,500000,1.824800014,1.55406E+14
60549068,dsregpsoLSGO,5/4/2023 10:22,0:10:19,completed,Mmax=0.6 Smax=0.6 Smin=0.05 c1=2.0 c2=0.6 dseta=0.05 fdmax=1.0e-10 fdmin=1.0e-25 function=8.0 lambd=0.4 n=50,0.6,0.6,0.05,2,0.6,0.05,1.00E-10,1.00E-25,8,0.4,50,500000,1.551200032,1.58356E+14
e478b714,dsregpsoLSGO,5/4/2023 10:42,0:09:52,completed,Mmax=0.6 Smax=0.8 Smin=0.05 c1=2.0 c2=0.6 dseta=0.05 fdmax=1.0e-10 fdmin=1.0e-25 function=8.0 lambd=0.4 n=50,0.6,0.8,0.05,2,0.6,0.05,1.00E-10,1.00E-25,8,0.4,50,500000,1.404700041,1.59726E+14
d6648b17,dsregpsoLSGO,5/4/2023 11:02,0:09:48,completed,Mmax=0.6 Smax=1.0 Smin=0.05 c1=2.0 c2=0.6 dseta=0.05 fdmax=1.0e-10 fdmin=1.0e-25 function=8.0 lambd=0.4 n=50,0.6,1,0.05,2,0.6,0.05,1.00E-10,1.00E-25,8,0.4,50,500000,1.56280005,1.69996E+14
6b71815b,dsregpsoLSGO,5/4/2023 10:32,0:10:00,completed,Mmax=0.6 Smax=0.7 Smin=0.05 c1=2.0 c2=0.6 dseta=0.05 fdmax=1.0e-10 fdmin=1.0e-25 function=8.0 lambd=0.4 n=50,0.6,0.7,0.05,2,0.6,0.05,1.00E-10,1.00E-25,8,0.4,50,500000,1.705000043,1.81618E+14
