run,operation,started,time,status,label,Mmax,Smax,Smin,c1,c2,dseta,fdmax,fdmin,function,lambd,n,step,global_best,mean_global_best
1cd7181d,dsregpsoLSGO,3/15/2023 17:53,0:08:34,completed,Mmax=0.0 Smax=0.5 Smin=0.05 c1=2.0 c2=1.0 dseta=0.001 fdmax=0.1 fdmin=1.0e-50 function=4.0 lambd=1.0 n=50,0,0.5,0.05,2,1,0.001,0.1,1.00E-50,4,1,50,500000,1.35800004,16031933440
9b77aa75,dsregpsoLSGO,3/15/2023 18:19,0:08:36,completed,Mmax=0.0 Smax=0.5 Smin=0.05 c1=2.0 c2=1.0 dseta=0.001 fdmax=0.1 fdmin=1.0e-50 function=4.0 lambd=1.3 n=50,0,0.5,0.05,2,1,0.001,0.1,1.00E-50,4,1.3,50,500000,1.409500003,16070393856
a9a663a3,dsregpsoLSGO,3/15/2023 17:27,0:08:57,completed,Mmax=0.0 Smax=0.5 Smin=0.05 c1=2.0 c2=1.0 dseta=0.001 fdmax=0.1 fdmin=1.0e-50 function=4.0 lambd=0.7 n=50,0,0.5,0.05,2,1,0.001,0.1,1.00E-50,4,0.7,50,500000,1.211500049,17408933888
09129fb7,dsregpsoLSGO,3/15/2023 17:18,0:08:46,completed,Mmax=0.0 Smax=0.5 Smin=0.05 c1=2.0 c2=1.0 dseta=0.001 fdmax=0.1 fdmin=1.0e-50 function=4.0 lambd=0.6 n=50,0,0.5,0.05,2,1,0.001,0.1,1.00E-50,4,0.6,50,500000,1.217399955,17441034240
3498e903,dsregpsoLSGO,3/15/2023 18:10,0:08:35,completed,Mmax=0.0 Smax=0.5 Smin=0.05 c1=2.0 c2=1.0 dseta=0.001 fdmax=0.1 fdmin=1.0e-50 function=4.0 lambd=1.2 n=50,0,0.5,0.05,2,1,0.001,0.1,1.00E-50,4,1.2,50,500000,1.257500052,17600024576
fce11f2c,dsregpsoLSGO,3/15/2023 16:52,0:08:41,completed,Mmax=0.0 Smax=0.5 Smin=0.05 c1=2.0 c2=1.0 dseta=0.001 fdmax=0.1 fdmin=1.0e-50 function=4.0 lambd=0.3 n=50,0,0.5,0.05,2,1,0.001,0.1,1.00E-50,4,0.3,50,500000,1.327399969,17614706688
3820172e,dsregpsoLSGO,3/15/2023 17:45,0:08:38,completed,Mmax=0.0 Smax=0.5 Smin=0.05 c1=2.0 c2=1.0 dseta=0.001 fdmax=0.1 fdmin=1.0e-50 function=4.0 lambd=0.9 n=50,0,0.5,0.05,2,1,0.001,0.1,1.00E-50,4,0.9,50,500000,1.346099973,17824520192
8e6cdb34,dsregpsoLSGO,3/15/2023 17:09,0:08:42,completed,Mmax=0.0 Smax=0.5 Smin=0.05 c1=2.0 c2=1.0 dseta=0.001 fdmax=0.1 fdmin=1.0e-50 function=4.0 lambd=0.5 n=50,0,0.5,0.05,2,1,0.001,0.1,1.00E-50,4,0.5,50,500000,1.200700045,17930506240
8f509451,dsregpsoLSGO,3/15/2023 17:01,0:08:42,completed,Mmax=0.0 Smax=0.5 Smin=0.05 c1=2.0 c2=1.0 dseta=0.001 fdmax=0.1 fdmin=1.0e-50 function=4.0 lambd=0.4 n=50,0,0.5,0.05,2,1,0.001,0.1,1.00E-50,4,0.4,50,500000,1.86650002,18313668608
e687f78d,dsregpsoLSGO,3/15/2023 17:36,0:08:37,completed,Mmax=0.0 Smax=0.5 Smin=0.05 c1=2.0 c2=1.0 dseta=0.001 fdmax=0.1 fdmin=1.0e-50 function=4.0 lambd=0.8 n=50,0,0.5,0.05,2,1,0.001,0.1,1.00E-50,4,0.8,50,500000,1.33039999,21103603712
558e4c23,dsregpsoLSGO,3/15/2023 18:02,0:08:38,completed,Mmax=0.0 Smax=0.5 Smin=0.05 c1=2.0 c2=1.0 dseta=0.001 fdmax=0.1 fdmin=1.0e-50 function=4.0 lambd=1.1 n=50,0,0.5,0.05,2,1,0.001,0.1,1.00E-50,4,1.1,50,500000,1.179499984,21320536064
2f944636,dsregpsoLSGO,3/15/2023 16:43,0:08:54,completed,Mmax=0.0 Smax=0.5 Smin=0.05 c1=2.0 c2=1.0 dseta=0.001 fdmax=0.1 fdmin=1.0e-50 function=4.0 lambd=0.2 n=50,0,0.5,0.05,2,1,0.001,0.1,1.00E-50,4,0.2,50,500000,1.805099964,25513058304
eb86fecc,dsregpsoLSGO,3/15/2023 16:34,0:08:42,completed,Mmax=0.0 Smax=0.5 Smin=0.05 c1=2.0 c2=1.0 dseta=0.001 fdmax=0.1 fdmin=1.0e-50 function=4.0 lambd=0.1 n=50,0,0.5,0.05,2,1,0.001,0.1,1.00E-50,4,0.1,50,500000,9.095600128,90480230400
