run,operation,started,time,status,label,Mmax,Smax,Smin,c1,c2,dseta,fdmax,fdmin,function,lambd,n,step,global_best,mean_global_best
8416ca21,dsregpsoLSGO,07/06/2023 14:56,00:01:55,completed,Mmax=0.3 Smax=0.1 Smin=0.1 c1=2.0 c2=0.1 dseta=0.01 fdmax=0.1 fdmin=1.0e-25 function=12.0 lambd=1.3 n=50,0.3,0.1,0.1,2,0.1,0.01,0.1,1.00E-25,12,1.3,50,500000,5.66989994,5737.771973
b64a4525,dsregpsoLSGO,07/06/2023 14:40,00:01:56,completed,Mmax=0.3 Smax=0.1 Smin=0.02 c1=2.0 c2=0.1 dseta=0.01 fdmax=0.1 fdmin=1.0e-25 function=12.0 lambd=1.3 n=50,0.3,0.1,0.02,2,0.1,0.01,0.1,1.00E-25,12,1.3,50,500000,6.163300037,5956.625488
4fe86e98,dsregpsoLSGO,07/06/2023 14:46,00:02:02,completed,Mmax=0.3 Smax=0.1 Smin=0.05 c1=2.0 c2=0.1 dseta=0.01 fdmax=0.1 fdmin=1.0e-25 function=12.0 lambd=1.3 n=50,0.3,0.1,0.05,2,0.1,0.01,0.1,1.00E-25,12,1.3,50,500000,6.045300007,6213.673828
87aaacda,dsregpsoLSGO,07/06/2023 14:44,00:01:58,completed,Mmax=0.3 Smax=0.1 Smin=0.04 c1=2.0 c2=0.1 dseta=0.01 fdmax=0.1 fdmin=1.0e-25 function=12.0 lambd=1.3 n=50,0.3,0.1,0.04,2,0.1,0.01,0.1,1.00E-25,12,1.3,50,500000,6.00180006,6402.506836
140b9cb5,dsregpsoLSGO,07/06/2023 14:42,00:01:57,completed,Mmax=0.3 Smax=0.1 Smin=0.03 c1=2.0 c2=0.1 dseta=0.01 fdmax=0.1 fdmin=1.0e-25 function=12.0 lambd=1.3 n=50,0.3,0.1,0.03,2,0.1,0.01,0.1,1.00E-25,12,1.3,50,500000,6.619699955,6484.47998
f1ec8141,dsregpsoLSGO,07/06/2023 14:50,00:01:54,completed,Mmax=0.3 Smax=0.1 Smin=0.07 c1=2.0 c2=0.1 dseta=0.01 fdmax=0.1 fdmin=1.0e-25 function=12.0 lambd=1.3 n=50,0.3,0.1,0.07,2,0.1,0.01,0.1,1.00E-25,12,1.3,50,500000,8.792900085,6704.763184
33f724d0,dsregpsoLSGO,07/06/2023 14:52,00:01:55,completed,Mmax=0.3 Smax=0.1 Smin=0.08 c1=2.0 c2=0.1 dseta=0.01 fdmax=0.1 fdmin=1.0e-25 function=12.0 lambd=1.3 n=50,0.3,0.1,0.08,2,0.1,0.01,0.1,1.00E-25,12,1.3,50,500000,6.901199818,6732.766113
fffe43f5,dsregpsoLSGO,07/06/2023 14:48,00:01:59,completed,Mmax=0.3 Smax=0.1 Smin=0.06 c1=2.0 c2=0.1 dseta=0.01 fdmax=0.1 fdmin=1.0e-25 function=12.0 lambd=1.3 n=50,0.3,0.1,0.06,2,0.1,0.01,0.1,1.00E-25,12,1.3,50,500000,7.282400131,6977.368652
e5ea8e98,dsregpsoLSGO,07/06/2023 14:39,00:01:56,completed,Mmax=0.3 Smax=0.1 Smin=0.01 c1=2.0 c2=0.1 dseta=0.01 fdmax=0.1 fdmin=1.0e-25 function=12.0 lambd=1.3 n=50,0.3,0.1,0.01,2,0.1,0.01,0.1,1.00E-25,12,1.3,50,500000,6.30670023,7111.611328
39c98c44,dsregpsoLSGO,07/06/2023 14:54,00:01:56,completed,Mmax=0.3 Smax=0.1 Smin=0.09 c1=2.0 c2=0.1 dseta=0.01 fdmax=0.1 fdmin=1.0e-25 function=12.0 lambd=1.3 n=50,0.3,0.1,0.09,2,0.1,0.01,0.1,1.00E-25,12,1.3,50,500000,1.486899972,10085.05957
