run,operation,started,time,status,label,Mmax,Smax,Smin,c1,c2,dseta,fdmax,fdmin,function,lambd,n,step,global_best,mean_global_best
0c9a4bb9,dsregpsoLSGO,4/18/2023 13:11,0:10:15,completed,Mmax=0.7 Smax=0.5 Smin=0.05 c1=2.0 c2=1.0 dseta=0.001 fdmax=1.0e-25 fdmin=1.0e-25 function=8.0 lambd=0.7 n=50,0.7,0.5,0.05,2,1,0.001,1.00E-25,1.00E-25,8,0.7,50,500000,5.149600029,2.93187E+14
30a5ed12,dsregpsoLSGO,4/18/2023 13:01,0:10:14,completed,Mmax=0.7 Smax=0.5 Smin=0.05 c1=2.0 c2=1.0 dseta=0.001 fdmax=1.0e-25 fdmin=1.0e-50 function=8.0 lambd=0.7 n=50,0.7,0.5,0.05,2,1,0.001,1.00E-25,1.00E-50,8,0.7,50,500000,2.233099937,3.16767E+14
1eccb661,dsregpsoLSGO,4/18/2023 12:51,0:10:14,completed,Mmax=0.7 Smax=0.5 Smin=0.05 c1=2.0 c2=1.0 dseta=0.001 fdmax=1.0e-25 fdmin=1.0e-100 function=8.0 lambd=0.7 n=50,0.7,0.5,0.05,2,1,0.001,1.00E-25,1.00E-100,8,0.7,50,500000,2.233099937,3.16767E+14
bdd1048a,dsregpsoLSGO,4/18/2023 12:41,0:10:03,completed,Mmax=0.7 Smax=0.5 Smin=0.05 c1=2.0 c2=1.0 dseta=0.001 fdmax=1.0e-25 fdmin=1.0e-200 function=8.0 lambd=0.7 n=50,0.7,0.5,0.05,2,1,0.001,1.00E-25,1.00E-200,8,0.7,50,500000,2.233099937,3.16767E+14
a1678233,dsregpsoLSGO,4/18/2023 14:32,0:11:09,completed,Mmax=0.7 Smax=0.5 Smin=0.05 c1=2.0 c2=1.0 dseta=0.001 fdmax=1.0e-25 fdmin=1 function=8.0 lambd=0.7 n=50,0.7,0.5,0.05,2,1,0.001,1.00E-25,1,8,0.7,50,500000,1.680600047,
ba8ccb90,dsregpsoLSGO,4/18/2023 13:44,0:11:22,completed,Mmax=0.7 Smax=0.5 Smin=0.05 c1=2.0 c2=1.0 dseta=0.001 fdmax=1.0e-25 fdmin=0.1 function=8.0 lambd=0.7 n=50,0.7,0.5,0.05,2,1,0.001,1.00E-25,0.1,8,0.7,50,500000,1.680600047,
7ce84748,dsregpsoLSGO,4/18/2023 13:33,0:11:20,completed,Mmax=0.7 Smax=0.5 Smin=0.05 c1=2.0 c2=1.0 dseta=0.001 fdmax=1.0e-25 fdmin=1.0e-05 function=8.0 lambd=0.7 n=50,0.7,0.5,0.05,2,1,0.001,1.00E-25,1.00E-05,8,0.7,50,500000,1.680600047,
3a37ea4c,dsregpsoLSGO,4/18/2023 13:22,0:11:19,completed,Mmax=0.7 Smax=0.5 Smin=0.05 c1=2.0 c2=1.0 dseta=0.001 fdmax=1.0e-25 fdmin=1.0e-10 function=8.0 lambd=0.7 n=50,0.7,0.5,0.05,2,1,0.001,1.00E-25,1.00E-10,8,0.7,50,500000,1.680600047,
