run,operation,started,time,status,label,Mmax,Smax,Smin,c1,c2,dseta,fdmax,fdmin,function,lambd,n,step,global_best,mean_global_best
de6af329,dsregpsoLSGO,11/01/2023 14:04,00:08:28,completed,Mmax=0.1 Smax=0.5 Smin=0.05 c1=2.0 c2=1.5 dseta=0.01 fdmax=0.1 fdmin=1.0e-50 function=2.0 lambd=1.9 n=50,0.1,0.5,0.05,2,1.5,0.01,0.1,1.00E-50,2,1.9,50,500000,5.806000233,6007.324707
83645be1,dsregpsoLSGO,11/01/2023 13:47,00:08:30,completed,Mmax=0.1 Smax=0.5 Smin=0.03 c1=2.0 c2=1.5 dseta=0.01 fdmax=0.1 fdmin=1.0e-50 function=2.0 lambd=1.9 n=50,0.1,0.5,0.03,2,1.5,0.01,0.1,1.00E-50,2,1.9,50,500000,5.799300194,6082.206055
350cc410,dsregpsoLSGO,11/01/2023 13:38,00:08:23,completed,Mmax=0.1 Smax=0.5 Smin=0.02 c1=2.0 c2=1.5 dseta=0.01 fdmax=0.1 fdmin=1.0e-50 function=2.0 lambd=1.9 n=50,0.1,0.5,0.02,2,1.5,0.01,0.1,1.00E-50,2,1.9,50,500000,6.174300194,6093.827148
1c112919,dsregpsoLSGO,11/01/2023 14:37,00:07:50,completed,Mmax=0.1 Smax=0.5 Smin=0.09 c1=2.0 c2=1.5 dseta=0.01 fdmax=0.1 fdmin=1.0e-50 function=2.0 lambd=1.9 n=50,0.1,0.5,0.09,2,1.5,0.01,0.1,1.00E-50,2,1.9,50,500000,6.394899845,6135.932617
7d36a8c1,dsregpsoLSGO,11/01/2023 14:29,00:08:30,completed,Mmax=0.1 Smax=0.5 Smin=0.08 c1=2.0 c2=1.5 dseta=0.01 fdmax=0.1 fdmin=1.0e-50 function=2.0 lambd=1.9 n=50,0.1,0.5,0.08,2,1.5,0.01,0.1,1.00E-50,2,1.9,50,500000,6.052599907,6165.812012
8cd0d266,dsregpsoLSGO,11/01/2023 13:30,00:08:29,completed,Mmax=0.1 Smax=0.5 Smin=0.01 c1=2.0 c2=1.5 dseta=0.01 fdmax=0.1 fdmin=1.0e-50 function=2.0 lambd=1.9 n=50,0.1,0.5,0.01,2,1.5,0.01,0.1,1.00E-50,2,1.9,50,500000,6.394999981,6200.379883
e20d90d9,dsregpsoLSGO,11/01/2023 14:12,00:08:27,completed,Mmax=0.1 Smax=0.5 Smin=0.06 c1=2.0 c2=1.5 dseta=0.01 fdmax=0.1 fdmin=1.0e-50 function=2.0 lambd=1.9 n=50,0.1,0.5,0.06,2,1.5,0.01,0.1,1.00E-50,2,1.9,50,500000,6.509600163,6265.499023
3e2fe317,dsregpsoLSGO,11/01/2023 13:55,00:08:23,completed,Mmax=0.1 Smax=0.5 Smin=0.04 c1=2.0 c2=1.5 dseta=0.01 fdmax=0.1 fdmin=1.0e-50 function=2.0 lambd=1.9 n=50,0.1,0.5,0.04,2,1.5,0.01,0.1,1.00E-50,2,1.9,50,500000,6.466800213,6595.585938
eef159fa,dsregpsoLSGO,11/01/2023 14:21,00:08:23,completed,Mmax=0.1 Smax=0.5 Smin=0.07 c1=2.0 c2=1.5 dseta=0.01 fdmax=0.1 fdmin=1.0e-50 function=2.0 lambd=1.9 n=50,0.1,0.5,0.07,2,1.5,0.01,0.1,1.00E-50,2,1.9,50,500000,6.683100224,6634.617188
7536f888,dsregpsoLSGO,11/01/2023 14:45,00:08:08,completed,Mmax=0.1 Smax=0.5 Smin=0.1 c1=2.0 c2=1.5 dseta=0.01 fdmax=0.1 fdmin=1.0e-50 function=2.0 lambd=1.9 n=50,0.1,0.5,0.1,2,1.5,0.01,0.1,1.00E-50,2,1.9,50,500000,6.706299782,6786.021484
