run,operation,started,time,status,label,Mmax,Smax,Smin,c1,c2,dseta,fdmax,fdmin,function,lambd,n,step,global_best,mean_global_best
0db4721a,dsregpsoLSGO,5/29/2023 10:12,0:09:51,completed,Mmax=0.7 Smax=0.5 Smin=0.05 c1=2.0 c2=1.0 dseta=0.001 fdmax=1 fdmin=1.0e-50 function=11.0 lambd=0.7 n=50,0.7,0.5,0.05,2,1,0.001,1,1.00E-50,11,0.7,50,500000,4.412000179,5969243648
deef7340,dsregpsoLSGO,5/29/2023 9:53,0:09:32,completed,Mmax=0.7 Smax=0.5 Smin=0.05 c1=2.0 c2=1.0 dseta=0.001 fdmax=1.0e-05 fdmin=1.0e-50 function=11.0 lambd=0.7 n=50,0.7,0.5,0.05,2,1,0.001,1.00E-05,1.00E-50,11,0.7,50,500000,8.041000366,50464460800
9ea12d11,dsregpsoLSGO,5/29/2023 9:32,0:11:13,completed,Mmax=0.7 Smax=0.5 Smin=0.05 c1=2.0 c2=1.0 dseta=0.001 fdmax=1.0e-25 fdmin=1.0e-50 function=11.0 lambd=0.7 n=50,0.7,0.5,0.05,2,1,0.001,1.00E-25,1.00E-50,11,0.7,50,500000,1.484599948,71736295424
f666991b,dsregpsoLSGO,5/29/2023 10:02,0:09:50,completed,Mmax=0.7 Smax=0.5 Smin=0.05 c1=2.0 c2=1.0 dseta=0.001 fdmax=0.1 fdmin=1.0e-50 function=11.0 lambd=0.7 n=50,0.7,0.5,0.05,2,1,0.001,0.1,1.00E-50,11,0.7,50,500000,2.846699953,1.32841E+11
b05bd4b0,dsregpsoLSGO,5/29/2023 9:21,0:10:16,completed,Mmax=0.7 Smax=0.5 Smin=0.05 c1=2.0 c2=1.0 dseta=0.001 fdmax=1.0e-50 fdmin=1.0e-50 function=11.0 lambd=0.7 n=50,0.7,0.5,0.05,2,1,0.001,1.00E-50,1.00E-50,11,0.7,50,500000,3.617000103,1.61215E+11
9314d315,dsregpsoLSGO,5/29/2023 9:43,0:10:03,completed,Mmax=0.7 Smax=0.5 Smin=0.05 c1=2.0 c2=1.0 dseta=0.001 fdmax=1.0e-10 fdmin=1.0e-50 function=11.0 lambd=0.7 n=50,0.7,0.5,0.05,2,1,0.001,1.00E-10,1.00E-50,11,0.7,50,500000,1.37530005,1.61459E+11
7fc149d6,dsregpsoLSGO,5/29/2023 9:10,0:11:29,completed,Mmax=0.7 Smax=0.5 Smin=0.05 c1=2.0 c2=1.0 dseta=0.001 fdmax=1.0e-100 fdmin=1.0e-50 function=11.0 lambd=0.7 n=50,0.7,0.5,0.05,2,1,0.001,1.00E-100,1.00E-50,11,0.7,50,500000,5.568200111,
bd19497c,dsregpsoLSGO,5/29/2023 9:00,0:09:49,completed,Mmax=0.7 Smax=0.5 Smin=0.05 c1=2.0 c2=1.0 dseta=0.001 fdmax=1.0e-200 fdmin=1.0e-50 function=11.0 lambd=0.7 n=50,0.7,0.5,0.05,2,1,0.001,1.00E-200,1.00E-50,11,0.7,50,500000,5.568200111,
