run,operation,started,time,status,label,Mmax,Smax,Smin,c1,c2,dseta,fdmax,fdmin,function,lambd,n,step,global_best,mean_global_best
00404c59,dsregpsoLSGO,5/25/2023 11:58,0:12:13,completed,Mmax=0.3 Smax=0.5 Smin=0.05 c1=2.0 c2=0.8 dseta=0.001 fdmax=0.1 fdmin=1.0e-25 function=10.0 lambd=0.7 n=50,0.3,0.5,0.05,2,0.8,0.001,0.1,1.00E-25,10,0.7,50,500000,9.247900009,92202984
ef93615f,dsregpsoLSGO,5/25/2023 12:47,0:12:37,completed,Mmax=0.3 Smax=0.9 Smin=0.05 c1=2.0 c2=0.8 dseta=0.001 fdmax=0.1 fdmin=1.0e-25 function=10.0 lambd=0.7 n=50,0.3,0.9,0.05,2,0.8,0.001,0.1,1.00E-25,10,0.7,50,500000,9.343299866,92282120
07307c9d,dsregpsoLSGO,5/25/2023 11:47,0:11:18,completed,Mmax=0.3 Smax=0.4 Smin=0.05 c1=2.0 c2=0.8 dseta=0.001 fdmax=0.1 fdmin=1.0e-25 function=10.0 lambd=0.7 n=50,0.3,0.4,0.05,2,0.8,0.001,0.1,1.00E-25,10,0.7,50,500000,9.298600197,92790824
efa265be,dsregpsoLSGO,5/25/2023 12:22,0:12:03,completed,Mmax=0.3 Smax=0.7 Smin=0.05 c1=2.0 c2=0.8 dseta=0.001 fdmax=0.1 fdmin=1.0e-25 function=10.0 lambd=0.7 n=50,0.3,0.7,0.05,2,0.8,0.001,0.1,1.00E-25,10,0.7,50,500000,9.37100029,92835944
55e8e310,dsregpsoLSGO,5/25/2023 12:59,0:11:55,completed,Mmax=0.3 Smax=1.0 Smin=0.05 c1=2.0 c2=0.8 dseta=0.001 fdmax=0.1 fdmin=1.0e-25 function=10.0 lambd=0.7 n=50,0.3,1,0.05,2,0.8,0.001,0.1,1.00E-25,10,0.7,50,500000,9.25909996,92936720
07ab3758,dsregpsoLSGO,5/25/2023 12:10,0:11:59,completed,Mmax=0.3 Smax=0.6 Smin=0.05 c1=2.0 c2=0.8 dseta=0.001 fdmax=0.1 fdmin=1.0e-25 function=10.0 lambd=0.7 n=50,0.3,0.6,0.05,2,0.8,0.001,0.1,1.00E-25,10,0.7,50,500000,9.276800156,92965512
dd9efae1,dsregpsoLSGO,5/25/2023 11:36,0:11:00,completed,Mmax=0.3 Smax=0.3 Smin=0.05 c1=2.0 c2=0.8 dseta=0.001 fdmax=0.1 fdmin=1.0e-25 function=10.0 lambd=0.7 n=50,0.3,0.3,0.05,2,0.8,0.001,0.1,1.00E-25,10,0.7,50,500000,9.285599709,93027008
dd8bb312,dsregpsoLSGO,5/25/2023 11:12,0:11:54,completed,Mmax=0.3 Smax=0.1 Smin=0.05 c1=2.0 c2=0.8 dseta=0.001 fdmax=0.1 fdmin=1.0e-25 function=10.0 lambd=0.7 n=50,0.3,0.1,0.05,2,0.8,0.001,0.1,1.00E-25,10,0.7,50,500000,9.230999947,93056296
2d465e6f,dsregpsoLSGO,5/25/2023 11:24,0:11:44,completed,Mmax=0.3 Smax=0.2 Smin=0.05 c1=2.0 c2=0.8 dseta=0.001 fdmax=0.1 fdmin=1.0e-25 function=10.0 lambd=0.7 n=50,0.3,0.2,0.05,2,0.8,0.001,0.1,1.00E-25,10,0.7,50,500000,9.325699806,93163552
5f01154c,dsregpsoLSGO,5/25/2023 12:35,0:12:01,completed,Mmax=0.3 Smax=0.8 Smin=0.05 c1=2.0 c2=0.8 dseta=0.001 fdmax=0.1 fdmin=1.0e-25 function=10.0 lambd=0.7 n=50,0.3,0.8,0.05,2,0.8,0.001,0.1,1.00E-25,10,0.7,50,500000,9.356200218,93237512
