run,operation,started,time,status,label,Mmax,Smax,Smin,c1,c2,dseta,fdmax,fdmin,function,lambd,n,step,global_best,mean_global_best
1f91d9f8,dsregpsoLSGO,4/14/2023 16:59,0:04:41,completed,Mmax=0.4 Smax=0.9 Smin=0.05 c1=2.0 c2=1.5 dseta=0.01 fdmax=1.0e-10 fdmin=1.0e-50 function=7.0 lambd=0.3 n=50,0.4,0.9,0.05,2,1.5,0.01,1.00E-10,1.00E-50,7,0.3,50,500000,3.865700006,26964254
189bacce,dsregpsoLSGO,4/14/2023 16:26,0:04:51,completed,Mmax=0.4 Smax=0.2 Smin=0.05 c1=2.0 c2=1.5 dseta=0.01 fdmax=1.0e-10 fdmin=1.0e-50 function=7.0 lambd=0.3 n=50,0.4,0.2,0.05,2,1.5,0.01,1.00E-10,1.00E-50,7,0.3,50,500000,3.736599922,27636592
9769f09b,dsregpsoLSGO,4/14/2023 16:40,0:04:38,completed,Mmax=0.4 Smax=0.5 Smin=0.05 c1=2.0 c2=1.5 dseta=0.01 fdmax=1.0e-10 fdmin=1.0e-50 function=7.0 lambd=0.3 n=50,0.4,0.5,0.05,2,1.5,0.01,1.00E-10,1.00E-50,7,0.3,50,500000,2.374200106,28284994
d309080b,dsregpsoLSGO,4/14/2023 16:45,0:04:50,completed,Mmax=0.4 Smax=0.6 Smin=0.05 c1=2.0 c2=1.5 dseta=0.01 fdmax=1.0e-10 fdmin=1.0e-50 function=7.0 lambd=0.3 n=50,0.4,0.6,0.05,2,1.5,0.01,1.00E-10,1.00E-50,7,0.3,50,500000,3.307399988,29566498
b78e7179,dsregpsoLSGO,4/14/2023 16:55,0:04:47,completed,Mmax=0.4 Smax=0.8 Smin=0.05 c1=2.0 c2=1.5 dseta=0.01 fdmax=1.0e-10 fdmin=1.0e-50 function=7.0 lambd=0.3 n=50,0.4,0.8,0.05,2,1.5,0.01,1.00E-10,1.00E-50,7,0.3,50,500000,3.347300053,31721086
95d1507d,dsregpsoLSGO,4/14/2023 16:36,0:04:51,completed,Mmax=0.4 Smax=0.4 Smin=0.05 c1=2.0 c2=1.5 dseta=0.01 fdmax=1.0e-10 fdmin=1.0e-50 function=7.0 lambd=0.3 n=50,0.4,0.4,0.05,2,1.5,0.01,1.00E-10,1.00E-50,7,0.3,50,500000,3.16260004,32148286
9.92E+38,dsregpsoLSGO,4/14/2023 16:31,0:04:43,completed,Mmax=0.4 Smax=0.3 Smin=0.05 c1=2.0 c2=1.5 dseta=0.01 fdmax=1.0e-10 fdmin=1.0e-50 function=7.0 lambd=0.3 n=50,0.4,0.3,0.05,2,1.5,0.01,1.00E-10,1.00E-50,7,0.3,50,500000,2.966399908,32427924
4cd9215d,dsregpsoLSGO,4/14/2023 16:50,0:04:39,completed,Mmax=0.4 Smax=0.7 Smin=0.05 c1=2.0 c2=1.5 dseta=0.01 fdmax=1.0e-10 fdmin=1.0e-50 function=7.0 lambd=0.3 n=50,0.4,0.7,0.05,2,1.5,0.01,1.00E-10,1.00E-50,7,0.3,50,500000,3.736099958,33001292
ffda79ba,dsregpsoLSGO,4/14/2023 17:04,0:04:44,completed,Mmax=0.4 Smax=1.0 Smin=0.05 c1=2.0 c2=1.5 dseta=0.01 fdmax=1.0e-10 fdmin=1.0e-50 function=7.0 lambd=0.3 n=50,0.4,1,0.05,2,1.5,0.01,1.00E-10,1.00E-50,7,0.3,50,500000,3.854099989,35186056
8b03ee0b,dsregpsoLSGO,4/14/2023 16:21,0:05:03,completed,Mmax=0.4 Smax=0.1 Smin=0.05 c1=2.0 c2=1.5 dseta=0.01 fdmax=1.0e-10 fdmin=1.0e-50 function=7.0 lambd=0.3 n=50,0.4,0.1,0.05,2,1.5,0.01,1.00E-10,1.00E-50,7,0.3,50,500000,4.201900005,38619144
