run,operation,started,time,status,label,Mmax,Smax,Smin,c1,c2,dseta,fdmax,fdmin,function,lambd,n,step,global_best,mean_global_best
2b45f6c9,dsregpsoLSGO,02/06/2023 09:42,00:01:56,completed,Mmax=0.7 Smax=0.5 Smin=0.05 c1=2.0 c2=1.0 dseta=0.001 fdmax=0.1 fdmin=1.0e-25 function=12.0 lambd=0.7 n=50,0.7,0.5,0.05,2,1,0.001,0.1,1.00E-25,12,0.7,50,500000,1.499500036,161876.1719
5618bdef,dsregpsoLSGO,02/06/2023 09:36,00:01:57,completed,Mmax=0.7 Smax=0.5 Smin=0.05 c1=2.0 c2=1.0 dseta=0.001 fdmax=1.0e-25 fdmin=1.0e-25 function=12.0 lambd=0.7 n=50,0.7,0.5,0.05,2,1,0.001,1.00E-25,1.00E-25,12,0.7,50,500000,1.518000007,162157.0313
69ebb3fc,dsregpsoLSGO,02/06/2023 09:40,00:01:56,completed,Mmax=0.7 Smax=0.5 Smin=0.05 c1=2.0 c2=1.0 dseta=0.001 fdmax=1.0e-05 fdmin=1.0e-25 function=12.0 lambd=0.7 n=50,0.7,0.5,0.05,2,1,0.001,1.00E-05,1.00E-25,12,0.7,50,500000,1.78429997,174883.4375
0b6999c3,dsregpsoLSGO,02/06/2023 09:38,00:01:56,completed,Mmax=0.7 Smax=0.5 Smin=0.05 c1=2.0 c2=1.0 dseta=0.001 fdmax=1.0e-10 fdmin=1.0e-25 function=12.0 lambd=0.7 n=50,0.7,0.5,0.05,2,1,0.001,1.00E-10,1.00E-25,12,0.7,50,500000,1.859899998,181628.5469
282242d2,dsregpsoLSGO,02/06/2023 09:44,00:02:05,completed,Mmax=0.7 Smax=0.5 Smin=0.05 c1=2.0 c2=1.0 dseta=0.001 fdmax=1 fdmin=1.0e-25 function=12.0 lambd=0.7 n=50,0.7,0.5,0.05,2,1,0.001,1,1.00E-25,12,0.7,50,500000,4.529399872,482174.2188
e3db263d,dsregpsoLSGO,02/06/2023 09:34,00:02:53,completed,Mmax=0.7 Smax=0.5 Smin=0.05 c1=2.0 c2=1.0 dseta=0.001 fdmax=1.0e-50 fdmin=1.0e-25 function=12.0 lambd=0.7 n=50,0.7,0.5,0.05,2,1,0.001,1.00E-50,1.00E-25,12,0.7,50,500000,7.267799854,7.43101E+12
c5edb20c,dsregpsoLSGO,02/06/2023 09:31,00:03:02,completed,Mmax=0.7 Smax=0.5 Smin=0.05 c1=2.0 c2=1.0 dseta=0.001 fdmax=1.0e-100 fdmin=1.0e-25 function=12.0 lambd=0.7 n=50,0.7,0.5,0.05,2,1,0.001,1.00E-100,1.00E-25,12,0.7,50,500000,7.267799854,7.43101E+12
a57926bc,dsregpsoLSGO,02/06/2023 09:28,00:02:54,completed,Mmax=0.7 Smax=0.5 Smin=0.05 c1=2.0 c2=1.0 dseta=0.001 fdmax=1.0e-200 fdmin=1.0e-25 function=12.0 lambd=0.7 n=50,0.7,0.5,0.05,2,1,0.001,1.00E-200,1.00E-25,12,0.7,50,500000,7.267799854,7.43101E+12
