run,operation,started,time,status,label,Mmax,Smax,Smin,c1,c2,dseta,fdmax,fdmin,function,lambd,n,step,global_best,mean_global_best
bf475c6b,dsregpsoLSGO,05/07/2023 13:15,00:06:03,completed,Mmax=0.7 Smax=0.5 Smin=0.05 c1=2.0 c2=1.0 dseta=0.001 fdmax=1.0e-25 fdmin=1.0e-50 function=15.0 lambd=0.7 n=50,0.7,0.5,0.05,2,1,0.001,1.00E-25,1.00E-50,15,0.7,50,500000,5.665800095,5651509
650f2552,dsregpsoLSGO,05/07/2023 13:09,00:05:48,completed,Mmax=0.7 Smax=0.5 Smin=0.05 c1=2.0 c2=1.0 dseta=0.001 fdmax=1.0e-50 fdmin=1.0e-50 function=15.0 lambd=0.7 n=50,0.7,0.5,0.05,2,1,0.001,1.00E-50,1.00E-50,15,0.7,50,500000,5.721700191,5899787
2e256b3b,dsregpsoLSGO,05/07/2023 13:27,00:06:04,completed,Mmax=0.7 Smax=0.5 Smin=0.05 c1=2.0 c2=1.0 dseta=0.001 fdmax=1.0e-05 fdmin=1.0e-50 function=15.0 lambd=0.7 n=50,0.7,0.5,0.05,2,1,0.001,1.00E-05,1.00E-50,15,0.7,50,500000,6.522799969,6172325
f249ed38,dsregpsoLSGO,05/07/2023 13:21,00:05:47,completed,Mmax=0.7 Smax=0.5 Smin=0.05 c1=2.0 c2=1.0 dseta=0.001 fdmax=1.0e-10 fdmin=1.0e-50 function=15.0 lambd=0.7 n=50,0.7,0.5,0.05,2,1,0.001,1.00E-10,1.00E-50,15,0.7,50,500000,6.681900024,6427956.5
21c1554d,dsregpsoLSGO,05/07/2023 13:33,00:05:55,completed,Mmax=0.7 Smax=0.5 Smin=0.05 c1=2.0 c2=1.0 dseta=0.001 fdmax=0.1 fdmin=1.0e-50 function=15.0 lambd=0.7 n=50,0.7,0.5,0.05,2,1,0.001,0.1,1.00E-50,15,0.7,50,500000,6.635300159,6439459
27720634,dsregpsoLSGO,05/07/2023 13:39,00:05:46,completed,Mmax=0.7 Smax=0.5 Smin=0.05 c1=2.0 c2=1.0 dseta=0.001 fdmax=1 fdmin=1.0e-50 function=15.0 lambd=0.7 n=50,0.7,0.5,0.05,2,1,0.001,1,1.00E-50,15,0.7,50,500000,9.581100464,9133759
4d5376b0,dsregpsoLSGO,05/07/2023 13:02,00:07:03,completed,Mmax=0.7 Smax=0.5 Smin=0.05 c1=2.0 c2=1.0 dseta=0.001 fdmax=1.0e-100 fdmin=1.0e-50 function=15.0 lambd=0.7 n=50,0.7,0.5,0.05,2,1,0.001,1.00E-100,1.00E-50,15,0.7,50,500000,2.4223001,
99ad24ff,dsregpsoLSGO,05/07/2023 12:55,00:06:51,completed,Mmax=0.7 Smax=0.5 Smin=0.05 c1=2.0 c2=1.0 dseta=0.001 fdmax=1.0e-200 fdmin=1.0e-50 function=15.0 lambd=0.7 n=50,0.7,0.5,0.05,2,1,0.001,1.00E-200,1.00E-50,15,0.7,50,500000,2.4223001,
