run,operation,started,time,status,label,Mmax,Smax,Smin,c1,c2,dseta,fdmax,fdmin,function,lambd,n,step,global_best,mean_global_best
d51fa0c1,dsregpsoLSGO,14/06/2023 11:57,00:08:54,completed,Mmax=0.7 Smax=0.5 Smin=0.05 c1=2.0 c2=1.0 dseta=0.001 fdmax=0.1 fdmin=1.0e-50 function=13.0 lambd=0.7 n=50,0.7,0.5,0.05,2,1,0.001,0.1,1.00E-50,13,0.7,50,500000,8.342000008,8696799232
6572c6e0,dsregpsoLSGO,14/06/2023 12:06,00:08:51,completed,Mmax=0.7 Smax=0.5 Smin=0.05 c1=2.0 c2=1.0 dseta=0.001 fdmax=1 fdmin=1.0e-50 function=13.0 lambd=0.7 n=50,0.7,0.5,0.05,2,1,0.001,1,1.00E-50,13,0.7,50,500000,9.841799736,13800785920
00fcb2ab,dsregpsoLSGO,14/06/2023 11:30,00:08:47,completed,Mmax=0.7 Smax=0.5 Smin=0.05 c1=2.0 c2=1.0 dseta=0.001 fdmax=1.0e-25 fdmin=1.0e-50 function=13.0 lambd=0.7 n=50,0.7,0.5,0.05,2,1,0.001,1.00E-25,1.00E-50,13,0.7,50,500000,2.209500074,21012332544
beed7162,dsregpsoLSGO,14/06/2023 11:22,00:08:43,completed,Mmax=0.7 Smax=0.5 Smin=0.05 c1=2.0 c2=1.0 dseta=0.001 fdmax=1.0e-50 fdmin=1.0e-50 function=13.0 lambd=0.7 n=50,0.7,0.5,0.05,2,1,0.001,1.00E-50,1.00E-50,13,0.7,50,500000,1.046300054,23835109376
10ac9a15,dsregpsoLSGO,14/06/2023 11:48,00:08:48,completed,Mmax=0.7 Smax=0.5 Smin=0.05 c1=2.0 c2=1.0 dseta=0.001 fdmax=1.0e-05 fdmin=1.0e-50 function=13.0 lambd=0.7 n=50,0.7,0.5,0.05,2,1,0.001,1.00E-05,1.00E-50,13,0.7,50,500000,2.114300013,25547782144
66e37f49,dsregpsoLSGO,14/06/2023 11:39,00:08:44,completed,Mmax=0.7 Smax=0.5 Smin=0.05 c1=2.0 c2=1.0 dseta=0.001 fdmax=1.0e-10 fdmin=1.0e-50 function=13.0 lambd=0.7 n=50,0.7,0.5,0.05,2,1,0.001,1.00E-10,1.00E-50,13,0.7,50,500000,1.052700043,25686497280
c275f48f,dsregpsoLSGO,14/06/2023 11:12,00:09:49,completed,Mmax=0.7 Smax=0.5 Smin=0.05 c1=2.0 c2=1.0 dseta=0.001 fdmax=1.0e-100 fdmin=1.0e-50 function=13.0 lambd=0.7 n=50,0.7,0.5,0.05,2,1,0.001,1.00E-100,1.00E-50,13,0.7,50,500000,2.42930007,
edba4a21,dsregpsoLSGO,14/06/2023 11:02,00:09:46,completed,Mmax=0.7 Smax=0.5 Smin=0.05 c1=2.0 c2=1.0 dseta=0.001 fdmax=1.0e-200 fdmin=1.0e-50 function=13.0 lambd=0.7 n=50,0.7,0.5,0.05,2,1,0.001,1.00E-200,1.00E-50,13,0.7,50,500000,2.42930007,
