run,operation,started,time,status,label,Mmax,Smax,Smin,c1,c2,dseta,fdmax,fdmin,function,lambd,n,step,global_best,mean_global_best
fb7a3913,dsregpsoLSGO,4/4/2023 14:07,0:11:15,completed,Mmax=0.7 Smax=0.5 Smin=0.05 c1=2.0 c2=0.8 dseta=0.001 fdmax=1.0e-25 fdmin=1.0e-50 function=6.0 lambd=0.7 n=50,0.7,0.5,0.05,2,0.8,0.001,1.00E-25,1.00E-50,6,0.7,50,500000,1.010499954,1022618.313
fb604726,dsregpsoLSGO,4/4/2023 13:31,0:11:47,completed,Mmax=0.7 Smax=0.5 Smin=0.05 c1=2.0 c2=0.8 dseta=0.001 fdmax=1.0e-25 fdmin=1.0e-50 function=6.0 lambd=0.4 n=50,0.7,0.5,0.05,2,0.8,0.001,1.00E-25,1.00E-50,6,0.4,50,500000,1.012099981,1022806.938
b8f3e11d,dsregpsoLSGO,4/4/2023 13:08,0:11:53,completed,Mmax=0.7 Smax=0.5 Smin=0.05 c1=2.0 c2=0.8 dseta=0.001 fdmax=1.0e-25 fdmin=1.0e-50 function=6.0 lambd=0.2 n=50,0.7,0.5,0.05,2,0.8,0.001,1.00E-25,1.00E-50,6,0.2,50,500000,1.026600003,1023580
6533edf0,dsregpsoLSGO,4/4/2023 13:19,0:11:40,completed,Mmax=0.7 Smax=0.5 Smin=0.05 c1=2.0 c2=0.8 dseta=0.001 fdmax=1.0e-25 fdmin=1.0e-50 function=6.0 lambd=0.3 n=50,0.7,0.5,0.05,2,0.8,0.001,1.00E-25,1.00E-50,6,0.3,50,500000,1.026600003,1024157.438
9849e92c,dsregpsoLSGO,4/4/2023 13:43,0:12:12,completed,Mmax=0.7 Smax=0.5 Smin=0.05 c1=2.0 c2=0.8 dseta=0.001 fdmax=1.0e-25 fdmin=1.0e-50 function=6.0 lambd=0.5 n=50,0.7,0.5,0.05,2,0.8,0.001,1.00E-25,1.00E-50,6,0.5,50,500000,1.014099956,1027501
c0cd5661,dsregpsoLSGO,4/4/2023 14:18,0:11:06,completed,Mmax=0.7 Smax=0.5 Smin=0.05 c1=2.0 c2=0.8 dseta=0.001 fdmax=1.0e-25 fdmin=1.0e-50 function=6.0 lambd=0.8 n=50,0.7,0.5,0.05,2,0.8,0.001,1.00E-25,1.00E-50,6,0.8,50,500000,1.029199958,1029923.5
b9b19717,dsregpsoLSGO,4/4/2023 15:03,0:11:15,completed,Mmax=0.7 Smax=0.5 Smin=0.05 c1=2.0 c2=0.8 dseta=0.001 fdmax=1.0e-25 fdmin=1.0e-50 function=6.0 lambd=1.2 n=50,0.7,0.5,0.05,2,0.8,0.001,1.00E-25,1.00E-50,6,1.2,50,500000,1.024199963,1031243.813
13f058ab,dsregpsoLSGO,4/4/2023 14:40,0:11:09,completed,Mmax=0.7 Smax=0.5 Smin=0.05 c1=2.0 c2=0.8 dseta=0.001 fdmax=1.0e-25 fdmin=1.0e-50 function=6.0 lambd=1.0 n=50,0.7,0.5,0.05,2,0.8,0.001,1.00E-25,1.00E-50,6,1,50,500000,1.039499998,1031538.063
08995d46,dsregpsoLSGO,4/4/2023 14:29,0:11:11,completed,Mmax=0.7 Smax=0.5 Smin=0.05 c1=2.0 c2=0.8 dseta=0.001 fdmax=1.0e-25 fdmin=1.0e-50 function=6.0 lambd=0.9 n=50,0.7,0.5,0.05,2,0.8,0.001,1.00E-25,1.00E-50,6,0.9,50,500000,1.030500054,1034039.938
425a34d8,dsregpsoLSGO,4/4/2023 12:58,0:09:31,completed,Mmax=0.7 Smax=0.5 Smin=0.05 c1=2.0 c2=0.8 dseta=0.001 fdmax=1.0e-25 fdmin=1.0e-50 function=6.0 lambd=0.1 n=50,0.7,0.5,0.05,2,0.8,0.001,1.00E-25,1.00E-50,6,0.1,50,500000,1.037799954,1034093.688
4e8e31de,dsregpsoLSGO,4/4/2023 13:55,0:11:32,completed,Mmax=0.7 Smax=0.5 Smin=0.05 c1=2.0 c2=0.8 dseta=0.001 fdmax=1.0e-25 fdmin=1.0e-50 function=6.0 lambd=0.6 n=50,0.7,0.5,0.05,2,0.8,0.001,1.00E-25,1.00E-50,6,0.6,50,500000,1.056100011,1034516.938
60ce3e92,dsregpsoLSGO,4/4/2023 14:51,0:11:12,completed,Mmax=0.7 Smax=0.5 Smin=0.05 c1=2.0 c2=0.8 dseta=0.001 fdmax=1.0e-25 fdmin=1.0e-50 function=6.0 lambd=1.1 n=50,0.7,0.5,0.05,2,0.8,0.001,1.00E-25,1.00E-50,6,1.1,50,500000,1.05400002,1036067.875
7a7214a2,dsregpsoLSGO,4/4/2023 15:14,0:11:14,completed,Mmax=0.7 Smax=0.5 Smin=0.05 c1=2.0 c2=0.8 dseta=0.001 fdmax=1.0e-25 fdmin=1.0e-50 function=6.0 lambd=1.3 n=50,0.7,0.5,0.05,2,0.8,0.001,1.00E-25,1.00E-50,6,1.3,50,500000,1.045300007,1038205.75
