run,operation,started,time,status,label,Mmax,Smax,Smin,c1,c2,dseta,fdmax,fdmin,function,lambd,n,step,global_best,mean_global_best
afc948af,dsregpsoLSGO,5/9/2023 9:53,0:10:01,completed,Mmax=0.6 Smax=0.4 Smin=0.05 c1=2.0 c2=0.6 dseta=0.05 fdmax=1.0e-10 fdmin=1.0e-25 function=8.0 lambd=0.4 n=50,0.6,0.4,0.05,2,0.6,0.05,1.00E-10,1.00E-25,8,0.4,50,500000,1.097800016,1.23993E+14
b99dd814,dsregpsoLSGO,5/9/2023 9:23,0:10:02,completed,Mmax=0.6 Smax=0.4 Smin=0.02 c1=2.0 c2=0.6 dseta=0.05 fdmax=1.0e-10 fdmin=1.0e-25 function=8.0 lambd=0.4 n=50,0.6,0.4,0.02,2,0.6,0.05,1.00E-10,1.00E-25,8,0.4,50,500000,1.103700042,1.38249E+14
79454b23,dsregpsoLSGO,5/9/2023 10:23,0:10:02,completed,Mmax=0.6 Smax=0.4 Smin=0.08 c1=2.0 c2=0.6 dseta=0.05 fdmax=1.0e-10 fdmin=1.0e-25 function=8.0 lambd=0.4 n=50,0.6,0.4,0.08,2,0.6,0.05,1.00E-10,1.00E-25,8,0.4,50,500000,1.398399949,1.41399E+14
dae1dfe4,dsregpsoLSGO,5/9/2023 10:34,0:10:13,completed,Mmax=0.6 Smax=0.4 Smin=0.09 c1=2.0 c2=0.6 dseta=0.05 fdmax=1.0e-10 fdmin=1.0e-25 function=8.0 lambd=0.4 n=50,0.6,0.4,0.09,2,0.6,0.05,1.00E-10,1.00E-25,8,0.4,50,500000,1.228099942,1.56483E+14
3a6babe9,dsregpsoLSGO,5/9/2023 10:13,0:10:06,completed,Mmax=0.6 Smax=0.4 Smin=0.07 c1=2.0 c2=0.6 dseta=0.05 fdmax=1.0e-10 fdmin=1.0e-25 function=8.0 lambd=0.4 n=50,0.6,0.4,0.07,2,0.6,0.05,1.00E-10,1.00E-25,8,0.4,50,500000,1.784000039,1.62441E+14
d3207252,dsregpsoLSGO,5/9/2023 10:44,0:10:07,completed,Mmax=0.6 Smax=0.4 Smin=0.1 c1=2.0 c2=0.6 dseta=0.05 fdmax=1.0e-10 fdmin=1.0e-25 function=8.0 lambd=0.4 n=50,0.6,0.4,0.1,2,0.6,0.05,1.00E-10,1.00E-25,8,0.4,50,500000,8.007200241,1.68949E+14
d7dd3a9b,dsregpsoLSGO,5/9/2023 9:13,0:10:05,completed,Mmax=0.6 Smax=0.4 Smin=0.01 c1=2.0 c2=0.6 dseta=0.05 fdmax=1.0e-10 fdmin=1.0e-25 function=8.0 lambd=0.4 n=50,0.6,0.4,0.01,2,0.6,0.05,1.00E-10,1.00E-25,8,0.4,50,500000,1.48029995,1.70787E+14
0cbe356d,dsregpsoLSGO,5/9/2023 9:43,0:10:05,completed,Mmax=0.6 Smax=0.4 Smin=0.04 c1=2.0 c2=0.6 dseta=0.05 fdmax=1.0e-10 fdmin=1.0e-25 function=8.0 lambd=0.4 n=50,0.6,0.4,0.04,2,0.6,0.05,1.00E-10,1.00E-25,8,0.4,50,500000,1.73210001,1.75526E+14
a3253fab,dsregpsoLSGO,5/9/2023 10:03,0:10:08,completed,Mmax=0.6 Smax=0.4 Smin=0.06 c1=2.0 c2=0.6 dseta=0.05 fdmax=1.0e-10 fdmin=1.0e-25 function=8.0 lambd=0.4 n=50,0.6,0.4,0.06,2,0.6,0.05,1.00E-10,1.00E-25,8,0.4,50,500000,1.583699942,1.76539E+14
74c9ad18,dsregpsoLSGO,5/9/2023 9:33,0:10:06,completed,Mmax=0.6 Smax=0.4 Smin=0.03 c1=2.0 c2=0.6 dseta=0.05 fdmax=1.0e-10 fdmin=1.0e-25 function=8.0 lambd=0.4 n=50,0.6,0.4,0.03,2,0.6,0.05,1.00E-10,1.00E-25,8,0.4,50,500000,1.823799968,2.39774E+14
