run,operation,started,time,status,label,Mmax,Smax,Smin,c1,c2,dseta,fdmax,fdmin,function,lambd,n,step,global_best,mean_global_best
d2028aa4,dsregpsoLSGO,3/23/2023 8:41,0:10:15,completed,Mmax=1.3 Smax=0.3 Smin=0.05 c1=2.0 c2=2.0 dseta=0.05 fdmax=1 fdmin=1.0e-50 function=5.0 lambd=1.3 n=50,1.3,0.3,0.05,2,2,0.05,1,1.00E-50,5,1.3,50,500000,6.22329998,7992010.5
489e3336,dsregpsoLSGO,3/23/2023 8:31,0:10:17,completed,Mmax=1.3 Smax=0.2 Smin=0.05 c1=2.0 c2=2.0 dseta=0.05 fdmax=1 fdmin=1.0e-50 function=5.0 lambd=1.3 n=50,1.3,0.2,0.05,2,2,0.05,1,1.00E-50,5,1.3,50,500000,6.153900146,8440194
f8ca2d72,dsregpsoLSGO,3/23/2023 9:01,0:10:18,completed,Mmax=1.3 Smax=0.5 Smin=0.05 c1=2.0 c2=2.0 dseta=0.05 fdmax=1 fdmin=1.0e-50 function=5.0 lambd=1.3 n=50,1.3,0.5,0.05,2,2,0.05,1,1.00E-50,5,1.3,50,500000,7.335499763,9699687
34d4bebe,dsregpsoLSGO,3/23/2023 8:51,0:10:11,completed,Mmax=1.3 Smax=0.4 Smin=0.05 c1=2.0 c2=2.0 dseta=0.05 fdmax=1 fdmin=1.0e-50 function=5.0 lambd=1.3 n=50,1.3,0.4,0.05,2,2,0.05,1,1.00E-50,5,1.3,50,500000,1.411299944,10404744
637c9685,dsregpsoLSGO,3/23/2023 8:20,0:10:23,completed,Mmax=1.3 Smax=0.1 Smin=0.05 c1=2.0 c2=2.0 dseta=0.05 fdmax=1 fdmin=1.0e-50 function=5.0 lambd=1.3 n=50,1.3,0.1,0.05,2,2,0.05,1,1.00E-50,5,1.3,50,500000,9.959799767,10717383
c607a8e8,dsregpsoLSGO,3/23/2023 9:22,0:10:30,completed,Mmax=1.3 Smax=0.7 Smin=0.05 c1=2.0 c2=2.0 dseta=0.05 fdmax=1 fdmin=1.0e-50 function=5.0 lambd=1.3 n=50,1.3,0.7,0.05,2,2,0.05,1,1.00E-50,5,1.3,50,500000,1.61500001,11209032
dfbe46e4,dsregpsoLSGO,3/23/2023 9:54,0:10:18,completed,Mmax=1.3 Smax=1.0 Smin=0.05 c1=2.0 c2=2.0 dseta=0.05 fdmax=1 fdmin=1.0e-50 function=5.0 lambd=1.3 n=50,1.3,1,0.05,2,2,0.05,1,1.00E-50,5,1.3,50,500000,9.152700424,12538876
ab5f9ee7,dsregpsoLSGO,3/23/2023 9:12,0:10:35,completed,Mmax=1.3 Smax=0.6 Smin=0.05 c1=2.0 c2=2.0 dseta=0.05 fdmax=1 fdmin=1.0e-50 function=5.0 lambd=1.3 n=50,1.3,0.6,0.05,2,2,0.05,1,1.00E-50,5,1.3,50,500000,6.501900196,12670683
898deef4,dsregpsoLSGO,3/23/2023 9:43,0:10:31,completed,Mmax=1.3 Smax=0.9 Smin=0.05 c1=2.0 c2=2.0 dseta=0.05 fdmax=1 fdmin=1.0e-50 function=5.0 lambd=1.3 n=50,1.3,0.9,0.05,2,2,0.05,1,1.00E-50,5,1.3,50,500000,1.872599959,14529343
752f28f5,dsregpsoLSGO,3/23/2023 9:33,0:10:35,completed,Mmax=1.3 Smax=0.8 Smin=0.05 c1=2.0 c2=2.0 dseta=0.05 fdmax=1 fdmin=1.0e-50 function=5.0 lambd=1.3 n=50,1.3,0.8,0.05,2,2,0.05,1,1.00E-50,5,1.3,50,500000,8.132499695,15577720
