run,operation,started,time,status,label,Mmax,Smax,Smin,c1,c2,dseta,fdmax,fdmin,function,lambd,n,step,global_best,mean_global_best
ade31c7f,dsregpsoLSGO,3/18/2023 14:47,0:10:20,completed,Mmax=1.3 Smax=0.5 Smin=0.05 c1=2.0 c2=1.0 dseta=0.05 fdmax=1 fdmin=1.0e-50 function=5.0 lambd=0.7 n=50,1.3,0.5,0.05,2,1,0.05,1,1.00E-50,5,0.7,50,500000,3.165600061,25174112
e51bcba8,dsregpsoLSGO,3/18/2023 13:49,0:08:16,completed,Mmax=0.7 Smax=0.5 Smin=0.05 c1=2.0 c2=1.0 dseta=0.05 fdmax=1 fdmin=1.0e-50 function=5.0 lambd=0.7 n=50,0.7,0.5,0.05,2,1,0.05,1,1.00E-50,5,0.7,50,500000,2.693799973,25917836
27df24cf,dsregpsoLSGO,3/18/2023 14:37,0:10:05,completed,Mmax=1.2 Smax=0.5 Smin=0.05 c1=2.0 c2=1.0 dseta=0.05 fdmax=1 fdmin=1.0e-50 function=5.0 lambd=0.7 n=50,1.2,0.5,0.05,2,1,0.05,1,1.00E-50,5,0.7,50,500000,3.09800005,26115540
225ebef8,dsregpsoLSGO,3/18/2023 13:41,0:08:15,completed,Mmax=0.6 Smax=0.5 Smin=0.05 c1=2.0 c2=1.0 dseta=0.05 fdmax=1 fdmin=1.0e-50 function=5.0 lambd=0.7 n=50,0.6,0.5,0.05,2,1,0.05,1,1.00E-50,5,0.7,50,500000,2.49029994,26916326
d0951c48,dsregpsoLSGO,3/18/2023 13:33,0:08:20,completed,Mmax=0.5 Smax=0.5 Smin=0.05 c1=2.0 c2=1.0 dseta=0.05 fdmax=1 fdmin=1.0e-50 function=5.0 lambd=0.7 n=50,0.5,0.5,0.05,2,1,0.05,1,1.00E-50,5,0.7,50,500000,2.579900026,27869222
bc1a9e44,dsregpsoLSGO,3/18/2023 13:16,0:08:21,completed,Mmax=0.3 Smax=0.5 Smin=0.05 c1=2.0 c2=1.0 dseta=0.05 fdmax=1 fdmin=1.0e-50 function=5.0 lambd=0.7 n=50,0.3,0.5,0.05,2,1,0.05,1,1.00E-50,5,0.7,50,500000,3.283400059,27911472
49dd9769,dsregpsoLSGO,3/18/2023 13:08,0:08:11,completed,Mmax=0.2 Smax=0.5 Smin=0.05 c1=2.0 c2=1.0 dseta=0.05 fdmax=1 fdmin=1.0e-50 function=5.0 lambd=0.7 n=50,0.2,0.5,0.05,2,1,0.05,1,1.00E-50,5,0.7,50,500000,2.622800112,27914770
417c0dc2,dsregpsoLSGO,3/18/2023 12:51,0:08:20,completed,Mmax=0.0 Smax=0.5 Smin=0.05 c1=2.0 c2=1.0 dseta=0.05 fdmax=1 fdmin=1.0e-50 function=5.0 lambd=0.7 n=50,0,0.5,0.05,2,1,0.05,1,1.00E-50,5,0.7,50,500000,3.1098001,28424450
31810c94,dsregpsoLSGO,3/18/2023 14:06,0:10:03,completed,Mmax=0.9 Smax=0.5 Smin=0.05 c1=2.0 c2=1.0 dseta=0.05 fdmax=1 fdmin=1.0e-50 function=5.0 lambd=0.7 n=50,0.9,0.5,0.05,2,1,0.05,1,1.00E-50,5,0.7,50,500000,2.978199959,28582958
15f33a2d,dsregpsoLSGO,3/18/2023 13:24,0:08:12,completed,Mmax=0.4 Smax=0.5 Smin=0.05 c1=2.0 c2=1.0 dseta=0.05 fdmax=1 fdmin=1.0e-50 function=5.0 lambd=0.7 n=50,0.4,0.5,0.05,2,1,0.05,1,1.00E-50,5,0.7,50,500000,3.298000097,29488544
801f54e5,dsregpsoLSGO,3/18/2023 14:17,0:10:20,completed,Mmax=1.0 Smax=0.5 Smin=0.05 c1=2.0 c2=1.0 dseta=0.05 fdmax=1 fdmin=1.0e-50 function=5.0 lambd=0.7 n=50,1,0.5,0.05,2,1,0.05,1,1.00E-50,5,0.7,50,500000,2.970299959,29626292
de3a61ad,dsregpsoLSGO,3/18/2023 13:58,0:08:56,completed,Mmax=0.8 Smax=0.5 Smin=0.05 c1=2.0 c2=1.0 dseta=0.05 fdmax=1 fdmin=1.0e-50 function=5.0 lambd=0.7 n=50,0.8,0.5,0.05,2,1,0.05,1,1.00E-50,5,0.7,50,500000,2.922899961,29750038
0b8480e3,dsregpsoLSGO,3/18/2023 12:59,0:08:19,completed,Mmax=0.1 Smax=0.5 Smin=0.05 c1=2.0 c2=1.0 dseta=0.05 fdmax=1 fdmin=1.0e-50 function=5.0 lambd=0.7 n=50,0.1,0.5,0.05,2,1,0.05,1,1.00E-50,5,0.7,50,500000,3.528199911,30266370
003b68ae,dsregpsoLSGO,3/18/2023 14:27,0:10:07,completed,Mmax=1.1 Smax=0.5 Smin=0.05 c1=2.0 c2=1.0 dseta=0.05 fdmax=1 fdmin=1.0e-50 function=5.0 lambd=0.7 n=50,1.1,0.5,0.05,2,1,0.05,1,1.00E-50,5,0.7,50,500000,3.09739995,31703344
