run,operation,started,time,status,label,Mmax,Smax,Smin,c1,c2,dseta,fdmax,fdmin,function,lambd,n,step,global_best,mean_global_best
d6484625,dsregpsoLSGO,5/29/2023 14:35,0:08:43,completed,Mmax=0.2 Smax=0.5 Smin=0.05 c1=2.0 c2=1.0 dseta=0.01 fdmax=1 fdmin=1.0e-50 function=11.0 lambd=0.7 n=50,0.2,0.5,0.05,2,1,0.01,1,1.00E-50,11,0.7,50,500000,1.616600037,1616000512
583666be,dsregpsoLSGO,5/29/2023 14:44,0:08:49,completed,Mmax=0.3 Smax=0.5 Smin=0.05 c1=2.0 c2=1.0 dseta=0.01 fdmax=1 fdmin=1.0e-50 function=11.0 lambd=0.7 n=50,0.3,0.5,0.05,2,1,0.01,1,1.00E-50,11,0.7,50,500000,1.383700013,1629937536
c84203f1,dsregpsoLSGO,5/29/2023 14:26,0:08:46,completed,Mmax=0.1 Smax=0.5 Smin=0.05 c1=2.0 c2=1.0 dseta=0.01 fdmax=1 fdmin=1.0e-50 function=11.0 lambd=0.7 n=50,0.1,0.5,0.05,2,1,0.01,1,1.00E-50,11,0.7,50,500000,1.516800046,1631963776
858281b8,dsregpsoLSGO,5/29/2023 14:18,0:08:51,completed,Mmax=0.0 Smax=0.5 Smin=0.05 c1=2.0 c2=1.0 dseta=0.01 fdmax=1 fdmin=1.0e-50 function=11.0 lambd=0.7 n=50,0,0.5,0.05,2,1,0.01,1,1.00E-50,11,0.7,50,500000,1.488399982,1680292096
25ee3445,dsregpsoLSGO,5/29/2023 14:53,0:08:45,completed,Mmax=0.4 Smax=0.5 Smin=0.05 c1=2.0 c2=1.0 dseta=0.01 fdmax=1 fdmin=1.0e-50 function=11.0 lambd=0.7 n=50,0.4,0.5,0.05,2,1,0.01,1,1.00E-50,11,0.7,50,500000,1.948300004,1902205952
8c83408d,dsregpsoLSGO,5/29/2023 15:02,0:08:41,completed,Mmax=0.5 Smax=0.5 Smin=0.05 c1=2.0 c2=1.0 dseta=0.01 fdmax=1 fdmin=1.0e-50 function=11.0 lambd=0.7 n=50,0.5,0.5,0.05,2,1,0.01,1,1.00E-50,11,0.7,50,500000,1.736799955,2015159680
e649a0db,dsregpsoLSGO,5/29/2023 15:10,0:08:44,completed,Mmax=0.6 Smax=0.5 Smin=0.05 c1=2.0 c2=1.0 dseta=0.01 fdmax=1 fdmin=1.0e-50 function=11.0 lambd=0.7 n=50,0.6,0.5,0.05,2,1,0.01,1,1.00E-50,11,0.7,50,500000,1.468500018,2168663808
6e0a9576,dsregpsoLSGO,5/29/2023 15:36,0:08:46,completed,Mmax=0.9 Smax=0.5 Smin=0.05 c1=2.0 c2=1.0 dseta=0.01 fdmax=1 fdmin=1.0e-50 function=11.0 lambd=0.7 n=50,0.9,0.5,0.05,2,1,0.01,1,1.00E-50,11,0.7,50,500000,2.000499964,2236556032
16d59854,dsregpsoLSGO,5/29/2023 15:19,0:08:41,completed,Mmax=0.7 Smax=0.5 Smin=0.05 c1=2.0 c2=1.0 dseta=0.01 fdmax=1 fdmin=1.0e-50 function=11.0 lambd=0.7 n=50,0.7,0.5,0.05,2,1,0.01,1,1.00E-50,11,0.7,50,500000,2.690299988,2508937728
c2049eaa,dsregpsoLSGO,5/29/2023 15:28,0:08:46,completed,Mmax=0.8 Smax=0.5 Smin=0.05 c1=2.0 c2=1.0 dseta=0.01 fdmax=1 fdmin=1.0e-50 function=11.0 lambd=0.7 n=50,0.8,0.5,0.05,2,1,0.01,1,1.00E-50,11,0.7,50,500000,2.336499929,2545619200
51b453d0,dsregpsoLSGO,5/29/2023 15:45,0:08:45,completed,Mmax=1.0 Smax=0.5 Smin=0.05 c1=2.0 c2=1.0 dseta=0.01 fdmax=1 fdmin=1.0e-50 function=11.0 lambd=0.7 n=50,1,0.5,0.05,2,1,0.01,1,1.00E-50,11,0.7,50,500000,2.496000051,2839354368
e454a89b,dsregpsoLSGO,5/29/2023 16:03,0:08:44,completed,Mmax=1.2 Smax=0.5 Smin=0.05 c1=2.0 c2=1.0 dseta=0.01 fdmax=1 fdmin=1.0e-50 function=11.0 lambd=0.7 n=50,1.2,0.5,0.05,2,1,0.01,1,1.00E-50,11,0.7,50,500000,1.048900008,6441829888
6da4e024,dsregpsoLSGO,5/29/2023 15:54,0:08:45,completed,Mmax=1.1 Smax=0.5 Smin=0.05 c1=2.0 c2=1.0 dseta=0.01 fdmax=1 fdmin=1.0e-50 function=11.0 lambd=0.7 n=50,1.1,0.5,0.05,2,1,0.01,1,1.00E-50,11,0.7,50,500000,1.959499955,70463463424
5090ee44,dsregpsoLSGO,5/29/2023 16:12,0:08:46,completed,Mmax=1.3 Smax=0.5 Smin=0.05 c1=2.0 c2=1.0 dseta=0.01 fdmax=1 fdmin=1.0e-50 function=11.0 lambd=0.7 n=50,1.3,0.5,0.05,2,1,0.01,1,1.00E-50,11,0.7,50,500000,1.622300029,5.15149E+11
