run,operation,started,time,status,label,Mmax,Smax,Smin,c1,c2,dseta,fdmax,fdmin,function,lambd,n,step,global_best,mean_global_best
b2dfbd3b,dsregpsoLSGO,21/01/2023 12:41,00:08:15,completed,Mmax=0.7 Smax=0.5 Smin=0.05 c1=2.0 c2=1.5 dseta=0.001 fdmax=1.0e-05 fdmin=1.0e-25 function=3.0 lambd=0.7 n=50,0.7,0.5,0.05,2,1.5,0.001,1.00E-05,1.00E-25,3,0.7,50,500000,2.007200003,20.06951141
bd6e80be,dsregpsoLSGO,21/01/2023 12:25,00:07:53,completed,Mmax=0.7 Smax=0.5 Smin=0.05 c1=2.0 c2=1.5 dseta=0.001 fdmax=1.0e-25 fdmin=1.0e-25 function=3.0 lambd=0.7 n=50,0.7,0.5,0.05,2,1.5,0.001,1.00E-25,1.00E-25,3,0.7,50,500000,2.006400108,20.07444954
2705b783,dsregpsoLSGO,21/01/2023 12:33,00:08:21,completed,Mmax=0.7 Smax=0.5 Smin=0.05 c1=2.0 c2=1.5 dseta=0.001 fdmax=1.0e-10 fdmin=1.0e-25 function=3.0 lambd=0.7 n=50,0.7,0.5,0.05,2,1.5,0.001,1.00E-10,1.00E-25,3,0.7,50,500000,2.01060009,20.07959747
50d5c460,dsregpsoLSGO,21/01/2023 12:49,00:07:45,completed,Mmax=0.7 Smax=0.5 Smin=0.05 c1=2.0 c2=1.5 dseta=0.001 fdmax=0.1 fdmin=1.0e-25 function=3.0 lambd=0.7 n=50,0.7,0.5,0.05,2,1.5,0.001,0.1,1.00E-25,3,0.7,50,500000,2.114900112,21.1157093
6b07eefc,dsregpsoLSGO,21/01/2023 12:57,00:07:39,completed,Mmax=0.7 Smax=0.5 Smin=0.05 c1=2.0 c2=1.5 dseta=0.001 fdmax=1 fdmin=1.0e-25 function=3.0 lambd=0.7 n=50,0.7,0.5,0.05,2,1.5,0.001,1,1.00E-25,3,0.7,50,500000,2.127000093,21.26334
e4c55389,dsregpsoLSGO,21/01/2023 12:14,00:10:15,completed,Mmax=0.7 Smax=0.5 Smin=0.05 c1=2.0 c2=1.5 dseta=0.001 fdmax=1.0e-50 fdmin=1.0e-25 function=3.0 lambd=0.7 n=50,0.7,0.5,0.05,2,1.5,0.001,1.00E-50,1.00E-25,3,0.7,50,500000,2.165600061,21.65603638
150ad961,dsregpsoLSGO,21/01/2023 12:05,00:09:52,completed,Mmax=0.7 Smax=0.5 Smin=0.05 c1=2.0 c2=1.5 dseta=0.001 fdmax=1.0e-100 fdmin=1.0e-25 function=3.0 lambd=0.7 n=50,0.7,0.5,0.05,2,1.5,0.001,1.00E-100,1.00E-25,3,0.7,50,500000,2.165600061,21.65603638
ebabfeff,dsregpsoLSGO,21/01/2023 11:56,00:08:32,completed,Mmax=0.7 Smax=0.5 Smin=0.05 c1=2.0 c2=1.5 dseta=0.001 fdmax=1.0e-200 fdmin=1.0e-25 function=3.0 lambd=0.7 n=50,0.7,0.5,0.05,2,1.5,0.001,1.00E-200,1.00E-25,3,0.7,50,500000,2.165600061,21.65603638
