run,operation,started,time,status,label,Mmax,Smax,Smin,c1,c2,dseta,fdmax,fdmin,function,lambd,n,step,global_best,mean_global_best
5af65803,dsregpsoLSGO,4/12/2023 10:19,0:04:21,completed,Mmax=0.4 Smax=0.5 Smin=0.05 c1=2.0 c2=1.5 dseta=0.01 fdmax=1.0e-10 fdmin=1.0e-50 function=7.0 lambd=0.7 n=50,0.4,0.5,0.05,2,1.5,0.01,1.00E-10,1.00E-50,7,0.7,50,500000,3.455300093,36539520
5754270d,dsregpsoLSGO,4/12/2023 10:15,0:04:20,completed,Mmax=0.4 Smax=0.5 Smin=0.05 c1=2.0 c2=1.3 dseta=0.01 fdmax=1.0e-10 fdmin=1.0e-50 function=7.0 lambd=0.7 n=50,0.4,0.5,0.05,2,1.3,0.01,1.00E-10,1.00E-50,7,0.7,50,500000,2.67930007,38157864
59efe7de,dsregpsoLSGO,4/12/2023 10:10,0:04:24,completed,Mmax=0.4 Smax=0.5 Smin=0.05 c1=2.0 c2=1.2 dseta=0.01 fdmax=1.0e-10 fdmin=1.0e-50 function=7.0 lambd=0.7 n=50,0.4,0.5,0.05,2,1.2,0.01,1.00E-10,1.00E-50,7,0.7,50,500000,4.598700047,38436584
e370aa70,dsregpsoLSGO,4/12/2023 10:01,0:04:23,completed,Mmax=0.4 Smax=0.5 Smin=0.05 c1=2.0 c2=1.0 dseta=0.01 fdmax=1.0e-10 fdmin=1.0e-50 function=7.0 lambd=0.7 n=50,0.4,0.5,0.05,2,1,0.01,1.00E-10,1.00E-50,7,0.7,50,500000,4.346899986,42872060
4acede92,dsregpsoLSGO,4/12/2023 10:06,0:04:19,completed,Mmax=0.4 Smax=0.5 Smin=0.05 c1=2.0 c2=1.1 dseta=0.01 fdmax=1.0e-10 fdmin=1.0e-50 function=7.0 lambd=0.7 n=50,0.4,0.5,0.05,2,1.1,0.01,1.00E-10,1.00E-50,7,0.7,50,500000,4.581999779,46038732
fc44097f,dsregpsoLSGO,4/12/2023 9:53,0:04:22,completed,Mmax=0.4 Smax=0.5 Smin=0.05 c1=2.0 c2=0.8 dseta=0.01 fdmax=1.0e-10 fdmin=1.0e-50 function=7.0 lambd=0.7 n=50,0.4,0.5,0.05,2,0.8,0.01,1.00E-10,1.00E-50,7,0.7,50,500000,4.571700096,53380456
a0251e54,dsregpsoLSGO,4/12/2023 9:22,0:04:27,completed,Mmax=0.4 Smax=0.5 Smin=0.05 c1=2.0 c2=0.1 dseta=0.01 fdmax=1.0e-10 fdmin=1.0e-50 function=7.0 lambd=0.7 n=50,0.4,0.5,0.05,2,0.1,0.01,1.00E-10,1.00E-50,7,0.7,50,500000,6.780600071,59962264
40b1585c,dsregpsoLSGO,4/12/2023 9:57,0:04:17,completed,Mmax=0.4 Smax=0.5 Smin=0.05 c1=2.0 c2=0.9 dseta=0.01 fdmax=1.0e-10 fdmin=1.0e-50 function=7.0 lambd=0.7 n=50,0.4,0.5,0.05,2,0.9,0.01,1.00E-10,1.00E-50,7,0.7,50,500000,4.007400036,60198328
8502cdd0,dsregpsoLSGO,4/12/2023 9:35,0:04:24,completed,Mmax=0.4 Smax=0.5 Smin=0.05 c1=2.0 c2=0.4 dseta=0.01 fdmax=1.0e-10 fdmin=1.0e-50 function=7.0 lambd=0.7 n=50,0.4,0.5,0.05,2,0.4,0.01,1.00E-10,1.00E-50,7,0.7,50,500000,7.697100163,68939976
1d9a08aa,dsregpsoLSGO,4/12/2023 9:31,0:04:20,completed,Mmax=0.4 Smax=0.5 Smin=0.05 c1=2.0 c2=0.3 dseta=0.01 fdmax=1.0e-10 fdmin=1.0e-50 function=7.0 lambd=0.7 n=50,0.4,0.5,0.05,2,0.3,0.01,1.00E-10,1.00E-50,7,0.7,50,500000,6.396800041,69506776
95bbaa6b,dsregpsoLSGO,4/12/2023 9:48,0:04:17,completed,Mmax=0.4 Smax=0.5 Smin=0.05 c1=2.0 c2=0.7 dseta=0.01 fdmax=1.0e-10 fdmin=1.0e-50 function=7.0 lambd=0.7 n=50,0.4,0.5,0.05,2,0.7,0.01,1.00E-10,1.00E-50,7,0.7,50,500000,7.436699867,70205624
56bb79f9,dsregpsoLSGO,4/12/2023 9:18,0:04:20,completed,Mmax=0.4 Smax=0.5 Smin=0.05 c1=2.0 c2=0.0 dseta=0.01 fdmax=1.0e-10 fdmin=1.0e-50 function=7.0 lambd=0.7 n=50,0.4,0.5,0.05,2,0,0.01,1.00E-10,1.00E-50,7,0.7,50,500000,6.011400223,70853704
1e4c180f,dsregpsoLSGO,4/12/2023 9:40,0:04:19,completed,Mmax=0.4 Smax=0.5 Smin=0.05 c1=2.0 c2=0.5 dseta=0.01 fdmax=1.0e-10 fdmin=1.0e-50 function=7.0 lambd=0.7 n=50,0.4,0.5,0.05,2,0.5,0.01,1.00E-10,1.00E-50,7,0.7,50,500000,6.452499866,72243128
20283850,dsregpsoLSGO,4/12/2023 9:44,0:04:17,completed,Mmax=0.4 Smax=0.5 Smin=0.05 c1=2.0 c2=0.6 dseta=0.01 fdmax=1.0e-10 fdmin=1.0e-50 function=7.0 lambd=0.7 n=50,0.4,0.5,0.05,2,0.6,0.01,1.00E-10,1.00E-50,7,0.7,50,500000,6.261700153,73446384
a3115220,dsregpsoLSGO,4/12/2023 9:27,0:04:19,completed,Mmax=0.4 Smax=0.5 Smin=0.05 c1=2.0 c2=0.2 dseta=0.01 fdmax=1.0e-10 fdmin=1.0e-50 function=7.0 lambd=0.7 n=50,0.4,0.5,0.05,2,0.2,0.01,1.00E-10,1.00E-50,7,0.7,50,500000,5.982600212,77771440
3fa35e30,dsregpsoLSGO,4/12/2023 10:23,0:04:17,completed,Mmax=0.4 Smax=0.5 Smin=0.05 c1=2.0 c2=2.0 dseta=0.01 fdmax=1.0e-10 fdmin=1.0e-50 function=7.0 lambd=0.7 n=50,0.4,0.5,0.05,2,2,0.01,1.00E-10,1.00E-50,7,0.7,50,500000,9.336000443,1460989056
