run,operation,started,time,status,label,Mmax,Smax,Smin,c1,c2,dseta,fdmax,fdmin,function,lambd,n,step,global_best,mean_global_best
4f1a1036,dsregpsoLSGO,08/12/2022 11:22,00:06:52,completed,Mmax=0.7 Smax=0.5 Smin=0.05 c1=2.0 c2=1.0 dseta=0.001 fdmax=1.0e-200 fdmin=1.0e-200 function=1.0 lambd=0.7 n=50,0.7,0.5,0.05,2,1,0.001,1.00E-200,1.00E-200,1,0.7,50,500000,6.223400116,59086456
7f7b7268,dsregpsoLSGO,08/12/2022 11:36,00:07:02,completed,Mmax=0.7 Smax=0.5 Smin=0.05 c1=2.0 c2=1.0 dseta=0.001 fdmax=1.0e-50 fdmin=1.0e-200 function=1.0 lambd=0.7 n=50,0.7,0.5,0.05,2,1,0.001,1.00E-50,1.00E-200,1,0.7,50,500000,5.789899826,59123136
60a4c425,dsregpsoLSGO,08/12/2022 11:29,00:06:52,completed,Mmax=0.7 Smax=0.5 Smin=0.05 c1=2.0 c2=1.0 dseta=0.001 fdmax=1.0e-100 fdmin=1.0e-200 function=1.0 lambd=0.7 n=50,0.7,0.5,0.05,2,1,0.001,1.00E-100,1.00E-200,1,0.7,50,500000,5.552599907,60379556
ef78d377,dsregpsoLSGO,08/12/2022 11:43,00:06:35,completed,Mmax=0.7 Smax=0.5 Smin=0.05 c1=2.0 c2=1.0 dseta=0.001 fdmax=1.0e-25 fdmin=1.0e-200 function=1.0 lambd=0.7 n=50,0.7,0.5,0.05,2,1,0.001,1.00E-25,1.00E-200,1,0.7,50,500000,6.103300095,60459888
d2aa2aec,dsregpsoLSGO,08/12/2022 11:56,00:06:19,completed,Mmax=0.7 Smax=0.5 Smin=0.05 c1=2.0 c2=1.0 dseta=0.001 fdmax=1.0e-05 fdmin=1.0e-200 function=1.0 lambd=0.7 n=50,0.7,0.5,0.05,2,1,0.001,1.00E-05,1.00E-200,1,0.7,50,500000,6.345900059,60515324
422c8967,dsregpsoLSGO,08/12/2022 11:49,00:06:25,completed,Mmax=0.7 Smax=0.5 Smin=0.05 c1=2.0 c2=1.0 dseta=0.001 fdmax=1.0e-10 fdmin=1.0e-200 function=1.0 lambd=0.7 n=50,0.7,0.5,0.05,2,1,0.001,1.00E-10,1.00E-200,1,0.7,50,500000,5.708499908,61054876
22ed5cad,dsregpsoLSGO,08/12/2022 12:02,00:06:38,completed,Mmax=0.7 Smax=0.5 Smin=0.05 c1=2.0 c2=1.0 dseta=0.001 fdmax=0.1 fdmin=1.0e-200 function=1.0 lambd=0.7 n=50,0.7,0.5,0.05,2,1,0.001,0.1,1.00E-200,1,0.7,50,500000,6.579800129,74721600
44264f3f,dsregpsoLSGO,08/12/2022 12:09,00:07:14,completed,Mmax=0.7 Smax=0.5 Smin=0.05 c1=2.0 c2=1.0 dseta=0.001 fdmax=1 fdmin=1.0e-200 function=1.0 lambd=0.7 n=50,0.7,0.5,0.05,2,1,0.001,1,1.00E-200,1,0.7,50,500000,2.235199928,215847056
