run,operation,started,time,status,label,Mmax,Smax,Smin,c1,c2,dseta,fdmax,fdmin,function,lambd,n,step,global_best,mean_global_best
ff264381,dsregpsoLSGO,06/07/2023 18:20,00:05:43,completed,Mmax=0.4 Smax=0.5 Smin=0.05 c1=2.0 c2=1.3 dseta=0.01 fdmax=1.0e-25 fdmin=1.0e-50 function=15.0 lambd=0.7 n=50,0.4,0.5,0.05,2,1.3,0.01,1.00E-25,1.00E-50,15,0.7,50,500000,3.398299932,3307488.25
b297b966,dsregpsoLSGO,06/07/2023 18:14,00:05:50,completed,Mmax=0.4 Smax=0.5 Smin=0.05 c1=2.0 c2=1.2 dseta=0.01 fdmax=1.0e-25 fdmin=1.0e-50 function=15.0 lambd=0.7 n=50,0.4,0.5,0.05,2,1.2,0.01,1.00E-25,1.00E-50,15,0.7,50,500000,3.402499914,3332812
b78da3f9,dsregpsoLSGO,06/07/2023 18:26,00:05:43,completed,Mmax=0.4 Smax=0.5 Smin=0.05 c1=2.0 c2=1.5 dseta=0.01 fdmax=1.0e-25 fdmin=1.0e-50 function=15.0 lambd=0.7 n=50,0.4,0.5,0.05,2,1.5,0.01,1.00E-25,1.00E-50,15,0.7,50,500000,3.538500071,3441772
f2659efd,dsregpsoLSGO,06/07/2023 18:08,00:05:44,completed,Mmax=0.4 Smax=0.5 Smin=0.05 c1=2.0 c2=1.1 dseta=0.01 fdmax=1.0e-25 fdmin=1.0e-50 function=15.0 lambd=0.7 n=50,0.4,0.5,0.05,2,1.1,0.01,1.00E-25,1.00E-50,15,0.7,50,500000,3.670799971,3499791
9b686626,dsregpsoLSGO,06/07/2023 18:03,00:05:52,completed,Mmax=0.4 Smax=0.5 Smin=0.05 c1=2.0 c2=1.0 dseta=0.01 fdmax=1.0e-25 fdmin=1.0e-50 function=15.0 lambd=0.7 n=50,0.4,0.5,0.05,2,1,0.01,1.00E-25,1.00E-50,15,0.7,50,500000,3.606800079,3513767
c36dd5b9,dsregpsoLSGO,06/07/2023 17:51,00:05:43,completed,Mmax=0.4 Smax=0.5 Smin=0.05 c1=2.0 c2=0.8 dseta=0.01 fdmax=1.0e-25 fdmin=1.0e-50 function=15.0 lambd=0.7 n=50,0.4,0.5,0.05,2,0.8,0.01,1.00E-25,1.00E-50,15,0.7,50,500000,4.469799995,3988184.5
5122c708,dsregpsoLSGO,06/07/2023 17:45,00:05:55,completed,Mmax=0.4 Smax=0.5 Smin=0.05 c1=2.0 c2=0.7 dseta=0.01 fdmax=1.0e-25 fdmin=1.0e-50 function=15.0 lambd=0.7 n=50,0.4,0.5,0.05,2,0.7,0.01,1.00E-25,1.00E-50,15,0.7,50,500000,4.100399971,4055513
e1bf6a15,dsregpsoLSGO,06/07/2023 17:57,00:05:45,completed,Mmax=0.4 Smax=0.5 Smin=0.05 c1=2.0 c2=0.9 dseta=0.01 fdmax=1.0e-25 fdmin=1.0e-50 function=15.0 lambd=0.7 n=50,0.4,0.5,0.05,2,0.9,0.01,1.00E-25,1.00E-50,15,0.7,50,500000,3.791800022,4119679.25
d82b125d,dsregpsoLSGO,06/07/2023 17:39,00:05:45,completed,Mmax=0.4 Smax=0.5 Smin=0.05 c1=2.0 c2=0.6 dseta=0.01 fdmax=1.0e-25 fdmin=1.0e-50 function=15.0 lambd=0.7 n=50,0.4,0.5,0.05,2,0.6,0.01,1.00E-25,1.00E-50,15,0.7,50,500000,4.724400043,4450100.5
84d8d431,dsregpsoLSGO,06/07/2023 17:33,00:05:55,completed,Mmax=0.4 Smax=0.5 Smin=0.05 c1=2.0 c2=0.5 dseta=0.01 fdmax=1.0e-25 fdmin=1.0e-50 function=15.0 lambd=0.7 n=50,0.4,0.5,0.05,2,0.5,0.01,1.00E-25,1.00E-50,15,0.7,50,500000,4.60559988,4538080
f2c76148,dsregpsoLSGO,06/07/2023 17:28,00:05:49,completed,Mmax=0.4 Smax=0.5 Smin=0.05 c1=2.0 c2=0.4 dseta=0.01 fdmax=1.0e-25 fdmin=1.0e-50 function=15.0 lambd=0.7 n=50,0.4,0.5,0.05,2,0.4,0.01,1.00E-25,1.00E-50,15,0.7,50,500000,5.170199871,5123277.5
5dbfc7a1,dsregpsoLSGO,06/07/2023 17:16,00:05:55,completed,Mmax=0.4 Smax=0.5 Smin=0.05 c1=2.0 c2=0.2 dseta=0.01 fdmax=1.0e-25 fdmin=1.0e-50 function=15.0 lambd=0.7 n=50,0.4,0.5,0.05,2,0.2,0.01,1.00E-25,1.00E-50,15,0.7,50,500000,5.306300163,5352821.5
6c95ad6b,dsregpsoLSGO,06/07/2023 17:22,00:05:49,completed,Mmax=0.4 Smax=0.5 Smin=0.05 c1=2.0 c2=0.3 dseta=0.01 fdmax=1.0e-25 fdmin=1.0e-50 function=15.0 lambd=0.7 n=50,0.4,0.5,0.05,2,0.3,0.01,1.00E-25,1.00E-50,15,0.7,50,500000,5.305600166,5365771
a50976e4,dsregpsoLSGO,06/07/2023 17:04,00:05:55,completed,Mmax=0.4 Smax=0.5 Smin=0.05 c1=2.0 c2=0.0 dseta=0.01 fdmax=1.0e-25 fdmin=1.0e-50 function=15.0 lambd=0.7 n=50,0.4,0.5,0.05,2,0,0.01,1.00E-25,1.00E-50,15,0.7,50,500000,5.540599823,5486200
7d398611,dsregpsoLSGO,06/07/2023 17:10,00:05:49,completed,Mmax=0.4 Smax=0.5 Smin=0.05 c1=2.0 c2=0.1 dseta=0.01 fdmax=1.0e-25 fdmin=1.0e-50 function=15.0 lambd=0.7 n=50,0.4,0.5,0.05,2,0.1,0.01,1.00E-25,1.00E-50,15,0.7,50,500000,5.358799934,5553660
1f7d7f15,dsregpsoLSGO,06/07/2023 18:31,00:05:49,completed,Mmax=0.4 Smax=0.5 Smin=0.05 c1=2.0 c2=2.0 dseta=0.01 fdmax=1.0e-25 fdmin=1.0e-50 function=15.0 lambd=0.7 n=50,0.4,0.5,0.05,2,2,0.01,1.00E-25,1.00E-50,15,0.7,50,500000,1.94599998,18887974
