run,operation,started,time,status,label,Mmax,Smax,Smin,c1,c2,dseta,fdmax,fdmin,function,lambd,n,step,global_best,mean_global_best
b22037fc,dsregpsoLSGO,4/12/2023 15:18,0:04:22,completed,Mmax=0.4 Smax=0.5 Smin=0.05 c1=2.0 c2=1.5 dseta=0.01 fdmax=1.0e-10 fdmin=1.0e-50 function=7.0 lambd=0.3 n=50,0.4,0.5,0.05,2,1.5,0.01,1.00E-10,1.00E-50,7,0.3,50,500000,2.374200106,28284994
d0a0fd4c,dsregpsoLSGO,4/12/2023 15:14,0:04:22,completed,Mmax=0.4 Smax=0.5 Smin=0.05 c1=2.0 c2=1.5 dseta=0.01 fdmax=1.0e-10 fdmin=1.0e-50 function=7.0 lambd=0.2 n=50,0.4,0.5,0.05,2,1.5,0.01,1.00E-10,1.00E-50,7,0.2,50,500000,4.121799946,33440310
00b41d1f,dsregpsoLSGO,4/12/2023 15:23,0:04:26,completed,Mmax=0.4 Smax=0.5 Smin=0.05 c1=2.0 c2=1.5 dseta=0.01 fdmax=1.0e-10 fdmin=1.0e-50 function=7.0 lambd=0.4 n=50,0.4,0.5,0.05,2,1.5,0.01,1.00E-10,1.00E-50,7,0.4,50,500000,4.119999886,34964724
ca0d4ab7,dsregpsoLSGO,4/12/2023 15:36,0:04:18,completed,Mmax=0.4 Smax=0.5 Smin=0.05 c1=2.0 c2=1.5 dseta=0.01 fdmax=1.0e-10 fdmin=1.0e-50 function=7.0 lambd=0.7 n=50,0.4,0.5,0.05,2,1.5,0.01,1.00E-10,1.00E-50,7,0.7,50,500000,3.455300093,36539520
3dc75bfa,dsregpsoLSGO,4/12/2023 15:27,0:04:21,completed,Mmax=0.4 Smax=0.5 Smin=0.05 c1=2.0 c2=1.5 dseta=0.01 fdmax=1.0e-10 fdmin=1.0e-50 function=7.0 lambd=0.5 n=50,0.4,0.5,0.05,2,1.5,0.01,1.00E-10,1.00E-50,7,0.5,50,500000,4.346899986,36928020
ae6001c2,dsregpsoLSGO,4/12/2023 15:10,0:04:19,completed,Mmax=0.4 Smax=0.5 Smin=0.05 c1=2.0 c2=1.5 dseta=0.01 fdmax=1.0e-10 fdmin=1.0e-50 function=7.0 lambd=0.1 n=50,0.4,0.5,0.05,2,1.5,0.01,1.00E-10,1.00E-50,7,0.1,50,500000,3.763400078,42680824
c73c99bb,dsregpsoLSGO,4/12/2023 15:45,0:04:20,completed,Mmax=0.4 Smax=0.5 Smin=0.05 c1=2.0 c2=1.5 dseta=0.01 fdmax=1.0e-10 fdmin=1.0e-50 function=7.0 lambd=0.9 n=50,0.4,0.5,0.05,2,1.5,0.01,1.00E-10,1.00E-50,7,0.9,50,500000,3.754100084,44632928
09ac8c7b,dsregpsoLSGO,4/12/2023 16:02,0:04:19,completed,Mmax=0.4 Smax=0.5 Smin=0.05 c1=2.0 c2=1.5 dseta=0.01 fdmax=1.0e-10 fdmin=1.0e-50 function=7.0 lambd=1.3 n=50,0.4,0.5,0.05,2,1.5,0.01,1.00E-10,1.00E-50,7,1.3,50,500000,3.485300064,44726748
39d97b1c,dsregpsoLSGO,4/12/2023 15:32,0:04:21,completed,Mmax=0.4 Smax=0.5 Smin=0.05 c1=2.0 c2=1.5 dseta=0.01 fdmax=1.0e-10 fdmin=1.0e-50 function=7.0 lambd=0.6 n=50,0.4,0.5,0.05,2,1.5,0.01,1.00E-10,1.00E-50,7,0.6,50,500000,3.794399977,45860656
af9ee41f,dsregpsoLSGO,4/12/2023 15:49,0:04:20,completed,Mmax=0.4 Smax=0.5 Smin=0.05 c1=2.0 c2=1.5 dseta=0.01 fdmax=1.0e-10 fdmin=1.0e-50 function=7.0 lambd=1.0 n=50,0.4,0.5,0.05,2,1.5,0.01,1.00E-10,1.00E-50,7,1,50,500000,3.561199903,47642816
dc312688,dsregpsoLSGO,4/12/2023 15:40,0:04:26,completed,Mmax=0.4 Smax=0.5 Smin=0.05 c1=2.0 c2=1.5 dseta=0.01 fdmax=1.0e-10 fdmin=1.0e-50 function=7.0 lambd=0.8 n=50,0.4,0.5,0.05,2,1.5,0.01,1.00E-10,1.00E-50,7,0.8,50,500000,2.862600088,49041092
ec3a9b93,dsregpsoLSGO,4/12/2023 15:53,0:04:29,completed,Mmax=0.4 Smax=0.5 Smin=0.05 c1=2.0 c2=1.5 dseta=0.01 fdmax=1.0e-10 fdmin=1.0e-50 function=7.0 lambd=1.1 n=50,0.4,0.5,0.05,2,1.5,0.01,1.00E-10,1.00E-50,7,1.1,50,500000,4.351500034,51007872
2f2312fd,dsregpsoLSGO,4/12/2023 15:58,0:04:19,completed,Mmax=0.4 Smax=0.5 Smin=0.05 c1=2.0 c2=1.5 dseta=0.01 fdmax=1.0e-10 fdmin=1.0e-50 function=7.0 lambd=1.2 n=50,0.4,0.5,0.05,2,1.5,0.01,1.00E-10,1.00E-50,7,1.2,50,500000,6.828999996,51633324
