run,operation,started,time,status,label,Mmax,Smax,Smin,c1,c2,dseta,fdmax,fdmin,function,lambd,n,step,global_best,mean_global_best
a5e316f7,dsregpsoLSGO,27/06/2023 16:31,00:08:45,completed,Mmax=0.5 Smax=0.5 Smin=0.05 c1=2.0 c2=1.0 dseta=0.5 fdmax=1 fdmin=1.0e-25 function=14.0 lambd=0.4 n=50,0.5,0.5,0.05,2,1,0.5,1,1.00E-25,14,0.4,50,500000,1.266000032,6919556096
c6956fa1,dsregpsoLSGO,27/06/2023 16:14,00:08:55,completed,Mmax=0.5 Smax=0.3 Smin=0.05 c1=2.0 c2=1.0 dseta=0.5 fdmax=1 fdmin=1.0e-25 function=14.0 lambd=0.4 n=50,0.5,0.3,0.05,2,1,0.5,1,1.00E-25,14,0.4,50,500000,1.023200035,10706044928
ff423298,dsregpsoLSGO,27/06/2023 16:05,00:08:47,completed,Mmax=0.5 Smax=0.2 Smin=0.05 c1=2.0 c2=1.0 dseta=0.5 fdmax=1 fdmin=1.0e-25 function=14.0 lambd=0.4 n=50,0.5,0.2,0.05,2,1,0.5,1,1.00E-25,14,0.4,50,500000,2.925299883,10817346560
eb8939aa,dsregpsoLSGO,27/06/2023 16:49,00:08:46,completed,Mmax=0.5 Smax=0.7 Smin=0.05 c1=2.0 c2=1.0 dseta=0.5 fdmax=1 fdmin=1.0e-25 function=14.0 lambd=0.4 n=50,0.5,0.7,0.05,2,1,0.5,1,1.00E-25,14,0.4,50,500000,1.693699956,11365226496
5b295e10,dsregpsoLSGO,27/06/2023 16:58,00:08:57,completed,Mmax=0.5 Smax=0.8 Smin=0.05 c1=2.0 c2=1.0 dseta=0.5 fdmax=1 fdmin=1.0e-25 function=14.0 lambd=0.4 n=50,0.5,0.8,0.05,2,1,0.5,1,1.00E-25,14,0.4,50,500000,4.143899918,11461822464
b08ebcd9,dsregpsoLSGO,27/06/2023 17:16,00:08:52,completed,Mmax=0.5 Smax=1.0 Smin=0.05 c1=2.0 c2=1.0 dseta=0.5 fdmax=1 fdmin=1.0e-25 function=14.0 lambd=0.4 n=50,0.5,1,0.05,2,1,0.5,1,1.00E-25,14,0.4,50,500000,3.382999897,16501857280
009501a3,dsregpsoLSGO,27/06/2023 16:40,00:08:52,completed,Mmax=0.5 Smax=0.6 Smin=0.05 c1=2.0 c2=1.0 dseta=0.5 fdmax=1 fdmin=1.0e-25 function=14.0 lambd=0.4 n=50,0.5,0.6,0.05,2,1,0.5,1,1.00E-25,14,0.4,50,500000,9.952500343,17479217152
11b31fc1,dsregpsoLSGO,27/06/2023 17:07,00:08:46,completed,Mmax=0.5 Smax=0.9 Smin=0.05 c1=2.0 c2=1.0 dseta=0.5 fdmax=1 fdmin=1.0e-25 function=14.0 lambd=0.4 n=50,0.5,0.9,0.05,2,1,0.5,1,1.00E-25,14,0.4,50,500000,4.565000057,17935910912
df250445,dsregpsoLSGO,27/06/2023 16:23,00:08:47,completed,Mmax=0.5 Smax=0.4 Smin=0.05 c1=2.0 c2=1.0 dseta=0.5 fdmax=1 fdmin=1.0e-25 function=14.0 lambd=0.4 n=50,0.5,0.4,0.05,2,1,0.5,1,1.00E-25,14,0.4,50,500000,7.656199932,20103251968
cabcd32b,dsregpsoLSGO,27/06/2023 15:56,00:08:52,completed,Mmax=0.5 Smax=0.1 Smin=0.05 c1=2.0 c2=1.0 dseta=0.5 fdmax=1 fdmin=1.0e-25 function=14.0 lambd=0.4 n=50,0.5,0.1,0.05,2,1,0.5,1,1.00E-25,14,0.4,50,500000,1.136100054,49235537920
