run,operation,started,time,status,label,Mmax,Smax,Smin,c1,c2,dseta,fdmax,fdmin,function,lambd,n,step,global_best,mean_global_best
8e9405bd,dsregpsoLSGO,15/06/2023 09:42,00:08:53,completed,Mmax=0.3 Smax=0.5 Smin=0.05 c1=2.0 c2=1.0 dseta=0.01 fdmax=0.1 fdmin=1.0e-50 function=13.0 lambd=0.7 n=50,0.3,0.5,0.05,2,1,0.01,0.1,1.00E-50,13,0.7,50,500000,1.378000021,1931460480
204e4f9e,dsregpsoLSGO,15/06/2023 09:51,00:08:54,completed,Mmax=0.4 Smax=0.5 Smin=0.05 c1=2.0 c2=1.0 dseta=0.01 fdmax=0.1 fdmin=1.0e-50 function=13.0 lambd=0.7 n=50,0.4,0.5,0.05,2,1,0.01,0.1,1.00E-50,13,0.7,50,500000,1.416300058,2003882752
9dd9328c,dsregpsoLSGO,15/06/2023 09:33,00:08:58,completed,Mmax=0.2 Smax=0.5 Smin=0.05 c1=2.0 c2=1.0 dseta=0.01 fdmax=0.1 fdmin=1.0e-50 function=13.0 lambd=0.7 n=50,0.2,0.5,0.05,2,1,0.01,0.1,1.00E-50,13,0.7,50,500000,2.498600006,2289494784
b6d2e7c0,dsregpsoLSGO,15/06/2023 10:00,00:09:02,completed,Mmax=0.5 Smax=0.5 Smin=0.05 c1=2.0 c2=1.0 dseta=0.01 fdmax=0.1 fdmin=1.0e-50 function=13.0 lambd=0.7 n=50,0.5,0.5,0.05,2,1,0.01,0.1,1.00E-50,13,0.7,50,500000,2.387000084,2353686016
d010d3de,dsregpsoLSGO,15/06/2023 09:15,00:08:59,completed,Mmax=0.0 Smax=0.5 Smin=0.05 c1=2.0 c2=1.0 dseta=0.01 fdmax=0.1 fdmin=1.0e-50 function=13.0 lambd=0.7 n=50,0,0.5,0.05,2,1,0.01,0.1,1.00E-50,13,0.7,50,500000,3.608400106,2617905664
d18065b9,dsregpsoLSGO,15/06/2023 09:24,00:09:09,completed,Mmax=0.1 Smax=0.5 Smin=0.05 c1=2.0 c2=1.0 dseta=0.01 fdmax=0.1 fdmin=1.0e-50 function=13.0 lambd=0.7 n=50,0.1,0.5,0.05,2,1,0.01,0.1,1.00E-50,13,0.7,50,500000,2.438899994,2651500800
2ab7c468,dsregpsoLSGO,15/06/2023 10:09,00:08:54,completed,Mmax=0.6 Smax=0.5 Smin=0.05 c1=2.0 c2=1.0 dseta=0.01 fdmax=0.1 fdmin=1.0e-50 function=13.0 lambd=0.7 n=50,0.6,0.5,0.05,2,1,0.01,0.1,1.00E-50,13,0.7,50,500000,1.35010004,2746593280
774e1b3f,dsregpsoLSGO,15/06/2023 10:18,00:08:58,completed,Mmax=0.7 Smax=0.5 Smin=0.05 c1=2.0 c2=1.0 dseta=0.01 fdmax=0.1 fdmin=1.0e-50 function=13.0 lambd=0.7 n=50,0.7,0.5,0.05,2,1,0.01,0.1,1.00E-50,13,0.7,50,500000,2.40989995,2967488000
8d01f824,dsregpsoLSGO,15/06/2023 10:27,00:09:00,completed,Mmax=0.8 Smax=0.5 Smin=0.05 c1=2.0 c2=1.0 dseta=0.01 fdmax=0.1 fdmin=1.0e-50 function=13.0 lambd=0.7 n=50,0.8,0.5,0.05,2,1,0.01,0.1,1.00E-50,13,0.7,50,500000,6.039599895,8668434432
1fb86b6c,dsregpsoLSGO,15/06/2023 11:03,00:08:58,completed,Mmax=1.2 Smax=0.5 Smin=0.05 c1=2.0 c2=1.0 dseta=0.01 fdmax=0.1 fdmin=1.0e-50 function=13.0 lambd=0.7 n=50,1.2,0.5,0.05,2,1,0.01,0.1,1.00E-50,13,0.7,50,500000,5.287499905,18679410688
7531c1ff,dsregpsoLSGO,15/06/2023 10:36,00:08:46,completed,Mmax=0.9 Smax=0.5 Smin=0.05 c1=2.0 c2=1.0 dseta=0.01 fdmax=0.1 fdmin=1.0e-50 function=13.0 lambd=0.7 n=50,0.9,0.5,0.05,2,1,0.01,0.1,1.00E-50,13,0.7,50,500000,1.44749999,37057253376
ad497cf9,dsregpsoLSGO,15/06/2023 10:54,00:08:52,completed,Mmax=1.1 Smax=0.5 Smin=0.05 c1=2.0 c2=1.0 dseta=0.01 fdmax=0.1 fdmin=1.0e-50 function=13.0 lambd=0.7 n=50,1.1,0.5,0.05,2,1,0.01,0.1,1.00E-50,13,0.7,50,500000,2.492899895,60451606528
a56c4321,dsregpsoLSGO,15/06/2023 11:12,00:08:56,completed,Mmax=1.3 Smax=0.5 Smin=0.05 c1=2.0 c2=1.0 dseta=0.01 fdmax=0.1 fdmin=1.0e-50 function=13.0 lambd=0.7 n=50,1.3,0.5,0.05,2,1,0.01,0.1,1.00E-50,13,0.7,50,500000,1.570199966,78683766784
c9d41fd9,dsregpsoLSGO,15/06/2023 10:45,00:08:54,completed,Mmax=1.0 Smax=0.5 Smin=0.05 c1=2.0 c2=1.0 dseta=0.01 fdmax=0.1 fdmin=1.0e-50 function=13.0 lambd=0.7 n=50,1,0.5,0.05,2,1,0.01,0.1,1.00E-50,13,0.7,50,500000,5.741600037,2.09807E+11
