run,operation,started,time,status,label,Mmax,Smax,Smin,c1,c2,dseta,fdmax,fdmin,function,lambd,n,step,global_best,mean_global_best
a80d802c,dsregpsoLSGO,3/15/2023 8:46,0:07:23,completed,Mmax=0.7 Smax=0.5 Smin=0.05 c1=2.0 c2=1.0 dseta=0.001 fdmax=0.1 fdmin=1.0e-50 function=4.0 lambd=0.7 n=50,0.7,0.5,0.05,2,1,0.001,0.1,1.00E-50,4,0.7,50,500000,2.471100092,53807955968
df9eab9a,dsregpsoLSGO,3/15/2023 8:37,0:08:45,completed,Mmax=0.7 Smax=0.5 Smin=0.05 c1=2.0 c2=1.0 dseta=0.0001 fdmax=0.1 fdmin=1.0e-50 function=4.0 lambd=0.7 n=50,0.7,0.5,0.05,2,1,0.0001,0.1,1.00E-50,4,0.7,50,500000,4.4854002,65503584256
66a7182b,dsregpsoLSGO,3/15/2023 9:00,0:07:06,completed,Mmax=0.7 Smax=0.5 Smin=0.05 c1=2.0 c2=1.0 dseta=0.05 fdmax=0.1 fdmin=1.0e-50 function=4.0 lambd=0.7 n=50,0.7,0.5,0.05,2,1,0.05,0.1,1.00E-50,4,0.7,50,500000,8.301400185,66850430976
02a4547e,dsregpsoLSGO,3/15/2023 8:53,0:06:54,completed,Mmax=0.7 Smax=0.5 Smin=0.05 c1=2.0 c2=1.0 dseta=0.01 fdmax=0.1 fdmin=1.0e-50 function=4.0 lambd=0.7 n=50,0.7,0.5,0.05,2,1,0.01,0.1,1.00E-50,4,0.7,50,500000,4.029900074,68863721472
f684011d,dsregpsoLSGO,3/15/2023 9:07,0:06:55,completed,Mmax=0.7 Smax=0.5 Smin=0.05 c1=2.0 c2=1.0 dseta=0.1 fdmax=0.1 fdmin=1.0e-50 function=4.0 lambd=0.7 n=50,0.7,0.5,0.05,2,1,0.1,0.1,1.00E-50,4,0.7,50,500000,5.03219986,87583440896
525c6077,dsregpsoLSGO,3/15/2023 9:14,0:07:04,completed,Mmax=0.7 Smax=0.5 Smin=0.05 c1=2.0 c2=1.0 dseta=0.5 fdmax=0.1 fdmin=1.0e-50 function=4.0 lambd=0.7 n=50,0.7,0.5,0.05,2,1,0.5,0.1,1.00E-50,4,0.7,50,500000,3.869499922,94331174912
5c191023,dsregpsoLSGO,3/15/2023 8:28,0:08:33,completed,Mmax=0.7 Smax=0.5 Smin=0.05 c1=2.0 c2=1.0 dseta=1.0e-05 fdmax=0.1 fdmin=1.0e-50 function=4.0 lambd=0.7 n=50,0.7,0.5,0.05,2,1,1.00E-05,0.1,1.00E-50,4,0.7,50,500000,1.013700008,1.09873E+11
