run,operation,started,time,status,label,Mmax,Smax,Smin,c1,c2,dseta,fdmax,fdmin,function,lambd,n,step,global_best,mean_global_best
71109d6e,dsregpsoLSGO,5/27/2023 7:24,0:10:45,completed,Mmax=0.7 Smax=0.5 Smin=0.05 c1=2.0 c2=1.0 dseta=0.001 fdmax=1.0e-25 fdmin=1.0e-50 function=11.0 lambd=0.7 n=50,0.7,0.5,0.05,2,1,0.001,1.00E-25,1.00E-50,11,0.7,50,500000,1.484599948,71736295424
8179fc51,dsregpsoLSGO,5/27/2023 7:13,0:11:11,completed,Mmax=0.7 Smax=0.5 Smin=0.05 c1=2.0 c2=1.0 dseta=0.001 fdmax=1.0e-25 fdmin=1.0e-100 function=11.0 lambd=0.7 n=50,0.7,0.5,0.05,2,1,0.001,1.00E-25,1.00E-100,11,0.7,50,500000,1.484599948,71736295424
7f4c095a,dsregpsoLSGO,5/27/2023 7:02,0:10:45,completed,Mmax=0.7 Smax=0.5 Smin=0.05 c1=2.0 c2=1.0 dseta=0.001 fdmax=1.0e-25 fdmin=1.0e-200 function=11.0 lambd=0.7 n=50,0.7,0.5,0.05,2,1,0.001,1.00E-25,1.00E-200,11,0.7,50,500000,1.484599948,71736295424
549aed24,dsregpsoLSGO,5/27/2023 7:35,0:09:39,completed,Mmax=0.7 Smax=0.5 Smin=0.05 c1=2.0 c2=1.0 dseta=0.001 fdmax=1.0e-25 fdmin=1.0e-25 function=11.0 lambd=0.7 n=50,0.7,0.5,0.05,2,1,0.001,1.00E-25,1.00E-25,11,0.7,50,500000,2.555000067,3.35223E+11
bbe61d0b,dsregpsoLSGO,5/27/2023 8:18,0:12:47,completed,Mmax=0.7 Smax=0.5 Smin=0.05 c1=2.0 c2=1.0 dseta=0.001 fdmax=1.0e-25 fdmin=1 function=11.0 lambd=0.7 n=50,0.7,0.5,0.05,2,1,0.001,1.00E-25,1,11,0.7,50,500000,5.568200111,
11a25c67,dsregpsoLSGO,5/27/2023 8:05,0:12:29,completed,Mmax=0.7 Smax=0.5 Smin=0.05 c1=2.0 c2=1.0 dseta=0.001 fdmax=1.0e-25 fdmin=0.1 function=11.0 lambd=0.7 n=50,0.7,0.5,0.05,2,1,0.001,1.00E-25,0.1,11,0.7,50,500000,5.568200111,
ed701d85,dsregpsoLSGO,5/27/2023 7:55,0:10:45,completed,Mmax=0.7 Smax=0.5 Smin=0.05 c1=2.0 c2=1.0 dseta=0.001 fdmax=1.0e-25 fdmin=1.0e-05 function=11.0 lambd=0.7 n=50,0.7,0.5,0.05,2,1,0.001,1.00E-25,1.00E-05,11,0.7,50,500000,5.568200111,
7ecbbedc,dsregpsoLSGO,5/27/2023 7:44,0:10:11,completed,Mmax=0.7 Smax=0.5 Smin=0.05 c1=2.0 c2=1.0 dseta=0.001 fdmax=1.0e-25 fdmin=1.0e-10 function=11.0 lambd=0.7 n=50,0.7,0.5,0.05,2,1,0.001,1.00E-25,1.00E-10,11,0.7,50,500000,5.568200111,
