run,operation,started,time,status,label,Mmax,Smax,Smin,c1,c2,dseta,fdmax,fdmin,function,lambd,n,step,global_best,mean_global_best
1a80b54d,dsregpsoLSGO,25/01/2023 08:29,00:08:03,completed,Mmax=0.1 Smax=0.5 Smin=0.05 c1=2.0 c2=1.5 dseta=0.5 fdmax=1.0e-05 fdmin=1.0e-100 function=3.0 lambd=0.7 n=50,0.1,0.5,0.05,2,1.5,0.5,1.00E-05,1.00E-100,3,0.7,50,500000,2.003799915,20.03800392
48bdb829,dsregpsoLSGO,25/01/2023 08:37,00:07:52,completed,Mmax=0.2 Smax=0.5 Smin=0.05 c1=2.0 c2=1.5 dseta=0.5 fdmax=1.0e-05 fdmin=1.0e-100 function=3.0 lambd=0.7 n=50,0.2,0.5,0.05,2,1.5,0.5,1.00E-05,1.00E-100,3,0.7,50,500000,2.001899958,20.04417038
f8170013,dsregpsoLSGO,25/01/2023 08:45,00:07:54,completed,Mmax=0.3 Smax=0.5 Smin=0.05 c1=2.0 c2=1.5 dseta=0.5 fdmax=1.0e-05 fdmin=1.0e-100 function=3.0 lambd=0.7 n=50,0.3,0.5,0.05,2,1.5,0.5,1.00E-05,1.00E-100,3,0.7,50,500000,2.006099939,20.05797768
873f5bc3,dsregpsoLSGO,25/01/2023 08:53,00:08:37,completed,Mmax=0.4 Smax=0.5 Smin=0.05 c1=2.0 c2=1.5 dseta=0.5 fdmax=1.0e-05 fdmin=1.0e-100 function=3.0 lambd=0.7 n=50,0.4,0.5,0.05,2,1.5,0.5,1.00E-05,1.00E-100,3,0.7,50,500000,2.006599903,20.0632534
79f9b279,dsregpsoLSGO,25/01/2023 09:17,00:07:35,completed,Mmax=0.7 Smax=0.5 Smin=0.05 c1=2.0 c2=1.5 dseta=0.5 fdmax=1.0e-05 fdmin=1.0e-100 function=3.0 lambd=0.7 n=50,0.7,0.5,0.05,2,1.5,0.5,1.00E-05,1.00E-100,3,0.7,50,500000,2.006500006,20.06527901
660952bc,dsregpsoLSGO,25/01/2023 09:02,00:07:47,completed,Mmax=0.5 Smax=0.5 Smin=0.05 c1=2.0 c2=1.5 dseta=0.5 fdmax=1.0e-05 fdmin=1.0e-100 function=3.0 lambd=0.7 n=50,0.5,0.5,0.05,2,1.5,0.5,1.00E-05,1.00E-100,3,0.7,50,500000,2.006900072,20.07351112
4d624c65,dsregpsoLSGO,25/01/2023 09:25,00:07:19,completed,Mmax=0.8 Smax=0.5 Smin=0.05 c1=2.0 c2=1.5 dseta=0.5 fdmax=1.0e-05 fdmin=1.0e-100 function=3.0 lambd=0.7 n=50,0.8,0.5,0.05,2,1.5,0.5,1.00E-05,1.00E-100,3,0.7,50,500000,2.00880003,20.09487343
c9eafca5,dsregpsoLSGO,25/01/2023 09:09,00:07:36,completed,Mmax=0.6 Smax=0.5 Smin=0.05 c1=2.0 c2=1.5 dseta=0.5 fdmax=1.0e-05 fdmin=1.0e-100 function=3.0 lambd=0.7 n=50,0.6,0.5,0.05,2,1.5,0.5,1.00E-05,1.00E-100,3,0.7,50,500000,2.007600069,20.10021973
12c51690,dsregpsoLSGO,25/01/2023 08:21,00:07:55,completed,Mmax=0.0 Smax=0.5 Smin=0.05 c1=2.0 c2=1.5 dseta=0.5 fdmax=1.0e-05 fdmin=1.0e-100 function=3.0 lambd=0.7 n=50,0,0.5,0.05,2,1.5,0.5,1.00E-05,1.00E-100,3,0.7,50,500000,2.016200066,20.10474777
8a81f7c1,dsregpsoLSGO,25/01/2023 09:32,00:07:25,completed,Mmax=0.9 Smax=0.5 Smin=0.05 c1=2.0 c2=1.5 dseta=0.5 fdmax=1.0e-05 fdmin=1.0e-100 function=3.0 lambd=0.7 n=50,0.9,0.5,0.05,2,1.5,0.5,1.00E-05,1.00E-100,3,0.7,50,500000,2.013900042,20.10506248
fd3c591e,dsregpsoLSGO,25/01/2023 09:39,00:07:17,completed,Mmax=1.0 Smax=0.5 Smin=0.05 c1=2.0 c2=1.5 dseta=0.5 fdmax=1.0e-05 fdmin=1.0e-100 function=3.0 lambd=0.7 n=50,1,0.5,0.05,2,1.5,0.5,1.00E-05,1.00E-100,3,0.7,50,500000,2.013099909,20.12657356
df423f16,dsregpsoLSGO,25/01/2023 09:47,00:07:28,completed,Mmax=1.1 Smax=0.5 Smin=0.05 c1=2.0 c2=1.5 dseta=0.5 fdmax=1.0e-05 fdmin=1.0e-100 function=3.0 lambd=0.7 n=50,1.1,0.5,0.05,2,1.5,0.5,1.00E-05,1.00E-100,3,0.7,50,500000,2.020100117,20.19378281
ae6b346b,dsregpsoLSGO,25/01/2023 09:54,00:07:21,completed,Mmax=1.2 Smax=0.5 Smin=0.05 c1=2.0 c2=1.5 dseta=0.5 fdmax=1.0e-05 fdmin=1.0e-100 function=3.0 lambd=0.7 n=50,1.2,0.5,0.05,2,1.5,0.5,1.00E-05,1.00E-100,3,0.7,50,500000,2.029599905,20.29097176
91485a12,dsregpsoLSGO,25/01/2023 10:01,00:07:27,completed,Mmax=1.3 Smax=0.5 Smin=0.05 c1=2.0 c2=1.5 dseta=0.5 fdmax=1.0e-05 fdmin=1.0e-100 function=3.0 lambd=0.7 n=50,1.3,0.5,0.05,2,1.5,0.5,1.00E-05,1.00E-100,3,0.7,50,500000,2.042500019,20.42024994
