run,operation,started,time,status,label,Mmax,Smax,Smin,c1,c2,dseta,fdmax,fdmin,function,lambd,n,step,global_best,mean_global_best
13a6d322,dsregpsoLSGO,5/24/2023 18:28,0:11:55,completed,Mmax=0.3 Smax=0.5 Smin=0.05 c1=2.0 c2=0.8 dseta=0.001 fdmax=0.1 fdmin=1.0e-25 function=10.0 lambd=0.7 n=50,0.3,0.5,0.05,2,0.8,0.001,0.1,1.00E-25,10,0.7,50,500000,9.247900009,92202984
d87c6c6b,dsregpsoLSGO,5/24/2023 19:27,0:11:52,completed,Mmax=0.3 Smax=0.5 Smin=0.05 c1=2.0 c2=0.8 dseta=0.001 fdmax=0.1 fdmin=1.0e-25 function=10.0 lambd=1.2 n=50,0.3,0.5,0.05,2,0.8,0.001,0.1,1.00E-25,10,1.2,50,500000,9.30340004,92293968
644822a9,dsregpsoLSGO,5/24/2023 17:40,0:12:02,completed,Mmax=0.3 Smax=0.5 Smin=0.05 c1=2.0 c2=0.8 dseta=0.001 fdmax=0.1 fdmin=1.0e-25 function=10.0 lambd=0.3 n=50,0.3,0.5,0.05,2,0.8,0.001,0.1,1.00E-25,10,0.3,50,500000,9.156999588,92339120
ba176346,dsregpsoLSGO,5/24/2023 18:16,0:11:51,completed,Mmax=0.3 Smax=0.5 Smin=0.05 c1=2.0 c2=0.8 dseta=0.001 fdmax=0.1 fdmin=1.0e-25 function=10.0 lambd=0.6 n=50,0.3,0.5,0.05,2,0.8,0.001,0.1,1.00E-25,10,0.6,50,500000,9.304499626,92377816
9092d0ed,dsregpsoLSGO,5/24/2023 18:40,0:11:54,completed,Mmax=0.3 Smax=0.5 Smin=0.05 c1=2.0 c2=0.8 dseta=0.001 fdmax=0.1 fdmin=1.0e-25 function=10.0 lambd=0.8 n=50,0.3,0.5,0.05,2,0.8,0.001,0.1,1.00E-25,10,0.8,50,500000,9.332500458,92401224
8bd80366,dsregpsoLSGO,5/24/2023 19:15,0:11:54,completed,Mmax=0.3 Smax=0.5 Smin=0.05 c1=2.0 c2=0.8 dseta=0.001 fdmax=0.1 fdmin=1.0e-25 function=10.0 lambd=1.1 n=50,0.3,0.5,0.05,2,0.8,0.001,0.1,1.00E-25,10,1.1,50,500000,9.308799744,92474592
4e84a59b,dsregpsoLSGO,5/24/2023 18:04,0:11:47,completed,Mmax=0.3 Smax=0.5 Smin=0.05 c1=2.0 c2=0.8 dseta=0.001 fdmax=0.1 fdmin=1.0e-25 function=10.0 lambd=0.5 n=50,0.3,0.5,0.05,2,0.8,0.001,0.1,1.00E-25,10,0.5,50,500000,9.232700348,92529776
5030d3be,dsregpsoLSGO,5/24/2023 17:52,0:11:58,completed,Mmax=0.3 Smax=0.5 Smin=0.05 c1=2.0 c2=0.8 dseta=0.001 fdmax=0.1 fdmin=1.0e-25 function=10.0 lambd=0.4 n=50,0.3,0.5,0.05,2,0.8,0.001,0.1,1.00E-25,10,0.4,50,500000,9.280200005,92594040
6b8953e5,dsregpsoLSGO,5/24/2023 19:03,0:11:52,completed,Mmax=0.3 Smax=0.5 Smin=0.05 c1=2.0 c2=0.8 dseta=0.001 fdmax=0.1 fdmin=1.0e-25 function=10.0 lambd=1.0 n=50,0.3,0.5,0.05,2,0.8,0.001,0.1,1.00E-25,10,1,50,500000,9.229800224,92631400
e4447a76,dsregpsoLSGO,5/24/2023 18:52,0:11:47,completed,Mmax=0.3 Smax=0.5 Smin=0.05 c1=2.0 c2=0.8 dseta=0.001 fdmax=0.1 fdmin=1.0e-25 function=10.0 lambd=0.9 n=50,0.3,0.5,0.05,2,0.8,0.001,0.1,1.00E-25,10,0.9,50,500000,9.336400032,92784152
494782ba,dsregpsoLSGO,5/24/2023 17:15,0:12:18,completed,Mmax=0.3 Smax=0.5 Smin=0.05 c1=2.0 c2=0.8 dseta=0.001 fdmax=0.1 fdmin=1.0e-25 function=10.0 lambd=0.1 n=50,0.3,0.5,0.05,2,0.8,0.001,0.1,1.00E-25,10,0.1,50,500000,9.32199955,92980752
b01ec386,dsregpsoLSGO,5/24/2023 19:39,0:11:55,completed,Mmax=0.3 Smax=0.5 Smin=0.05 c1=2.0 c2=0.8 dseta=0.001 fdmax=0.1 fdmin=1.0e-25 function=10.0 lambd=1.3 n=50,0.3,0.5,0.05,2,0.8,0.001,0.1,1.00E-25,10,1.3,50,500000,9.287799835,93000016
28849eea,dsregpsoLSGO,5/24/2023 17:28,0:12:17,completed,Mmax=0.3 Smax=0.5 Smin=0.05 c1=2.0 c2=0.8 dseta=0.001 fdmax=0.1 fdmin=1.0e-25 function=10.0 lambd=0.2 n=50,0.3,0.5,0.05,2,0.8,0.001,0.1,1.00E-25,10,0.2,50,500000,9.210800171,93182408
