run,operation,started,time,status,label,Mmax,Smax,Smin,c1,c2,dseta,fdmax,fdmin,function,lambd,n,step,global_best,mean_global_best
273b9b82,dsregpsoLSGO,5/10/2023 17:36,0:10:13,completed,Mmax=0.7 Smax=0.5 Smin=0.05 c1=2.0 c2=1.0 dseta=0.1 fdmax=1.0e-25 fdmin=1.0e-25 function=9.0 lambd=0.7 n=50,0.7,0.5,0.05,2,1,0.1,1.00E-25,1.00E-25,9,0.7,50,500000,1.281299949,1593481600
2c875252,dsregpsoLSGO,5/10/2023 17:46,0:10:15,completed,Mmax=0.7 Smax=0.5 Smin=0.05 c1=2.0 c2=1.0 dseta=0.5 fdmax=1.0e-25 fdmin=1.0e-25 function=9.0 lambd=0.7 n=50,0.7,0.5,0.05,2,1,0.5,1.00E-25,1.00E-25,9,0.7,50,500000,1.968799949,1703198848
fd9703bb,dsregpsoLSGO,5/10/2023 17:25,0:10:22,completed,Mmax=0.7 Smax=0.5 Smin=0.05 c1=2.0 c2=1.0 dseta=0.05 fdmax=1.0e-25 fdmin=1.0e-25 function=9.0 lambd=0.7 n=50,0.7,0.5,0.05,2,1,0.05,1.00E-25,1.00E-25,9,0.7,50,500000,1.426900029,1933307008
6a4073b3,dsregpsoLSGO,5/10/2023 17:05,0:10:13,completed,Mmax=0.7 Smax=0.5 Smin=0.05 c1=2.0 c2=1.0 dseta=0.001 fdmax=1.0e-25 fdmin=1.0e-25 function=9.0 lambd=0.7 n=50,0.7,0.5,0.05,2,1,0.001,1.00E-25,1.00E-25,9,0.7,50,500000,2.182199955,1952145024
8.67E+77,dsregpsoLSGO,5/10/2023 17:15,0:10:18,completed,Mmax=0.7 Smax=0.5 Smin=0.05 c1=2.0 c2=1.0 dseta=0.01 fdmax=1.0e-25 fdmin=1.0e-25 function=9.0 lambd=0.7 n=50,0.7,0.5,0.05,2,1,0.01,1.00E-25,1.00E-25,9,0.7,50,500000,2.249599934,2134375168
ae73af39,dsregpsoLSGO,5/10/2023 16:44,0:10:20,completed,Mmax=0.7 Smax=0.5 Smin=0.05 c1=2.0 c2=1.0 dseta=1.0e-05 fdmax=1.0e-25 fdmin=1.0e-25 function=9.0 lambd=0.7 n=50,0.7,0.5,0.05,2,1,1.00E-05,1.00E-25,1.00E-25,9,0.7,50,500000,2.188199997,2156000256
1c241203,dsregpsoLSGO,5/10/2023 16:55,0:10:17,completed,Mmax=0.7 Smax=0.5 Smin=0.05 c1=2.0 c2=1.0 dseta=0.0001 fdmax=1.0e-25 fdmin=1.0e-25 function=9.0 lambd=0.7 n=50,0.7,0.5,0.05,2,1,0.0001,1.00E-25,1.00E-25,9,0.7,50,500000,2.217000008,2193139712
