run,operation,started,time,status,label,Mmax,Smax,Smin,c1,c2,dseta,fdmax,fdmin,function,lambd,n,step,global_best,mean_global_best
adc9c78d,dsregpsoLSGO,16/06/2023 17:23,00:08:57,completed,Mmax=0.3 Smax=0.5 Smin=0.05 c1=2.0 c2=1.3 dseta=0.01 fdmax=0.1 fdmin=1.0e-50 function=13.0 lambd=0.5 n=50,0.3,0.5,0.05,2,1.3,0.01,0.1,1.00E-50,13,0.5,50,500000,1.75909996,1442338304
6f2f7e49,dsregpsoLSGO,16/06/2023 17:41,00:08:59,completed,Mmax=0.3 Smax=0.7 Smin=0.05 c1=2.0 c2=1.3 dseta=0.01 fdmax=0.1 fdmin=1.0e-50 function=13.0 lambd=0.5 n=50,0.3,0.7,0.05,2,1.3,0.01,0.1,1.00E-50,13,0.5,50,500000,1.622300029,1594830336
6a3f9ca0,dsregpsoLSGO,16/06/2023 17:14,00:08:59,completed,Mmax=0.3 Smax=0.4 Smin=0.05 c1=2.0 c2=1.3 dseta=0.01 fdmax=0.1 fdmin=1.0e-50 function=13.0 lambd=0.5 n=50,0.3,0.4,0.05,2,1.3,0.01,0.1,1.00E-50,13,0.5,50,500000,1.319900036,1655619840
d9b5af84,dsregpsoLSGO,16/06/2023 18:08,00:08:52,completed,Mmax=0.3 Smax=1.0 Smin=0.05 c1=2.0 c2=1.3 dseta=0.01 fdmax=0.1 fdmin=1.0e-50 function=13.0 lambd=0.5 n=50,0.3,1,0.05,2,1.3,0.01,0.1,1.00E-50,13,0.5,50,500000,1.352900028,1658667520
770612f0,dsregpsoLSGO,16/06/2023 17:32,00:09:00,completed,Mmax=0.3 Smax=0.6 Smin=0.05 c1=2.0 c2=1.3 dseta=0.01 fdmax=0.1 fdmin=1.0e-50 function=13.0 lambd=0.5 n=50,0.3,0.6,0.05,2,1.3,0.01,0.1,1.00E-50,13,0.5,50,500000,1.648699999,1706172288
30d7a279,dsregpsoLSGO,16/06/2023 17:59,00:08:55,completed,Mmax=0.3 Smax=0.9 Smin=0.05 c1=2.0 c2=1.3 dseta=0.01 fdmax=0.1 fdmin=1.0e-50 function=13.0 lambd=0.5 n=50,0.3,0.9,0.05,2,1.3,0.01,0.1,1.00E-50,13,0.5,50,500000,1.782899976,1751377536
f37e256b,dsregpsoLSGO,16/06/2023 17:50,00:08:53,completed,Mmax=0.3 Smax=0.8 Smin=0.05 c1=2.0 c2=1.3 dseta=0.01 fdmax=0.1 fdmin=1.0e-50 function=13.0 lambd=0.5 n=50,0.3,0.8,0.05,2,1.3,0.01,0.1,1.00E-50,13,0.5,50,500000,1.759600043,1778308992
7fb34f7c,dsregpsoLSGO,16/06/2023 16:56,00:09:08,completed,Mmax=0.3 Smax=0.2 Smin=0.05 c1=2.0 c2=1.3 dseta=0.01 fdmax=0.1 fdmin=1.0e-50 function=13.0 lambd=0.5 n=50,0.3,0.2,0.05,2,1.3,0.01,0.1,1.00E-50,13,0.5,50,500000,2.139199972,1783130880
1c556692,dsregpsoLSGO,16/06/2023 17:05,00:08:58,completed,Mmax=0.3 Smax=0.3 Smin=0.05 c1=2.0 c2=1.3 dseta=0.01 fdmax=0.1 fdmin=1.0e-50 function=13.0 lambd=0.5 n=50,0.3,0.3,0.05,2,1.3,0.01,0.1,1.00E-50,13,0.5,50,500000,2.045700073,1820215040
27f2cb4c,dsregpsoLSGO,16/06/2023 16:47,00:09:26,completed,Mmax=0.3 Smax=0.1 Smin=0.05 c1=2.0 c2=1.3 dseta=0.01 fdmax=0.1 fdmin=1.0e-50 function=13.0 lambd=0.5 n=50,0.3,0.1,0.05,2,1.3,0.01,0.1,1.00E-50,13,0.5,50,500000,1.529399991,2169398784
