run,operation,started,time,status,label,Mmax,Smax,Smin,c1,c2,dseta,fdmax,fdmin,function,lambd,n,step,global_best,mean_global_best
cb494d49,dsregpsoLSGO,4/5/2023 10:33,0:08:50,completed,Mmax=0.7 Smax=0.8 Smin=0.08 c1=2.0 c2=0.8 dseta=0.001 fdmax=1.0e-25 fdmin=1.0e-50 function=6.0 lambd=0.7 n=50,0.7,0.8,0.08,2,0.8,0.001,1.00E-25,1.00E-50,6,0.7,50,500000,1.043300033,1019725.688
6b501c80,dsregpsoLSGO,4/5/2023 10:06,0:08:56,completed,Mmax=0.7 Smax=0.8 Smin=0.05 c1=2.0 c2=0.8 dseta=0.001 fdmax=1.0e-25 fdmin=1.0e-50 function=6.0 lambd=0.7 n=50,0.7,0.8,0.05,2,0.8,0.001,1.00E-25,1.00E-50,6,0.7,50,500000,1.045400023,1021433.813
61672c18,dsregpsoLSGO,4/5/2023 10:15,0:09:00,completed,Mmax=0.7 Smax=0.8 Smin=0.06 c1=2.0 c2=0.8 dseta=0.001 fdmax=1.0e-25 fdmin=1.0e-50 function=6.0 lambd=0.7 n=50,0.7,0.8,0.06,2,0.8,0.001,1.00E-25,1.00E-50,6,0.7,50,500000,1.029700041,1025840.438
0f63623b,dsregpsoLSGO,4/5/2023 10:51,0:08:46,completed,Mmax=0.7 Smax=0.8 Smin=0.1 c1=2.0 c2=0.8 dseta=0.001 fdmax=1.0e-25 fdmin=1.0e-50 function=6.0 lambd=0.7 n=50,0.7,0.8,0.1,2,0.8,0.001,1.00E-25,1.00E-50,6,0.7,50,500000,1.01789999,1026673.438
91be5ff1,dsregpsoLSGO,4/5/2023 9:30,0:08:59,completed,Mmax=0.7 Smax=0.8 Smin=0.01 c1=2.0 c2=0.8 dseta=0.001 fdmax=1.0e-25 fdmin=1.0e-50 function=6.0 lambd=0.7 n=50,0.7,0.8,0.01,2,0.8,0.001,1.00E-25,1.00E-50,6,0.7,50,500000,1.018399954,1028866.188
6598b8fa,dsregpsoLSGO,4/5/2023 10:42,0:08:52,completed,Mmax=0.7 Smax=0.8 Smin=0.09 c1=2.0 c2=0.8 dseta=0.001 fdmax=1.0e-25 fdmin=1.0e-50 function=6.0 lambd=0.7 n=50,0.7,0.8,0.09,2,0.8,0.001,1.00E-25,1.00E-50,6,0.7,50,500000,1.044700027,1030695.813
d34a7cb2,dsregpsoLSGO,4/5/2023 9:48,0:09:02,completed,Mmax=0.7 Smax=0.8 Smin=0.03 c1=2.0 c2=0.8 dseta=0.001 fdmax=1.0e-25 fdmin=1.0e-50 function=6.0 lambd=0.7 n=50,0.7,0.8,0.03,2,0.8,0.001,1.00E-25,1.00E-50,6,0.7,50,500000,1.02579999,1030892.5
130983b7,dsregpsoLSGO,4/5/2023 9:58,0:08:55,completed,Mmax=0.7 Smax=0.8 Smin=0.04 c1=2.0 c2=0.8 dseta=0.001 fdmax=1.0e-25 fdmin=1.0e-50 function=6.0 lambd=0.7 n=50,0.7,0.8,0.04,2,0.8,0.001,1.00E-25,1.00E-50,6,0.7,50,500000,1.019500017,1031012.563
8f5cf8a3,dsregpsoLSGO,4/5/2023 10:24,0:08:48,completed,Mmax=0.7 Smax=0.8 Smin=0.07 c1=2.0 c2=0.8 dseta=0.001 fdmax=1.0e-25 fdmin=1.0e-50 function=6.0 lambd=0.7 n=50,0.7,0.8,0.07,2,0.8,0.001,1.00E-25,1.00E-50,6,0.7,50,500000,1.047299981,1034411.688
c181a3d0,dsregpsoLSGO,4/5/2023 9:39,0:09:45,completed,Mmax=0.7 Smax=0.8 Smin=0.02 c1=2.0 c2=0.8 dseta=0.001 fdmax=1.0e-25 fdmin=1.0e-50 function=6.0 lambd=0.7 n=50,0.7,0.8,0.02,2,0.8,0.001,1.00E-25,1.00E-50,6,0.7,50,500000,1.037899971,1035156.375
