run,operation,started,time,status,label,Mmax,Smax,Smin,c1,c2,dseta,fdmax,fdmin,function,lambd,n,step,global_best,mean_global_best
937a9aad,dsregpsoLSGO,5/30/2023 17:52,0:08:46,completed,Mmax=0.2 Smax=0.5 Smin=0.05 c1=2.0 c2=1.3 dseta=0.01 fdmax=1 fdmin=1.0e-50 function=11.0 lambd=0.7 n=50,0.2,0.5,0.05,2,1.3,0.01,1,1.00E-50,11,0.7,50,500000,1.077499986,1312026368
25dad172,dsregpsoLSGO,5/30/2023 18:01,0:08:42,completed,Mmax=0.2 Smax=0.5 Smin=0.05 c1=2.0 c2=1.5 dseta=0.01 fdmax=1 fdmin=1.0e-50 function=11.0 lambd=0.7 n=50,0.2,0.5,0.05,2,1.5,0.01,1,1.00E-50,11,0.7,50,500000,1.033100009,1386201344
9b53a918,dsregpsoLSGO,5/30/2023 17:44,0:08:47,completed,Mmax=0.2 Smax=0.5 Smin=0.05 c1=2.0 c2=1.2 dseta=0.01 fdmax=1 fdmin=1.0e-50 function=11.0 lambd=0.7 n=50,0.2,0.5,0.05,2,1.2,0.01,1,1.00E-50,11,0.7,50,500000,1.457399964,1535861632
de1e9c33,dsregpsoLSGO,5/30/2023 17:35,0:08:42,completed,Mmax=0.2 Smax=0.5 Smin=0.05 c1=2.0 c2=1.1 dseta=0.01 fdmax=1 fdmin=1.0e-50 function=11.0 lambd=0.7 n=50,0.2,0.5,0.05,2,1.1,0.01,1,1.00E-50,11,0.7,50,500000,1.565199971,1601608192
1d3cc78e,dsregpsoLSGO,5/30/2023 17:26,0:08:54,completed,Mmax=0.2 Smax=0.5 Smin=0.05 c1=2.0 c2=1.0 dseta=0.01 fdmax=1 fdmin=1.0e-50 function=11.0 lambd=0.7 n=50,0.2,0.5,0.05,2,1,0.01,1,1.00E-50,11,0.7,50,500000,1.616600037,1616000512
082cfe74,dsregpsoLSGO,5/30/2023 17:17,0:08:42,completed,Mmax=0.2 Smax=0.5 Smin=0.05 c1=2.0 c2=0.9 dseta=0.01 fdmax=1 fdmin=1.0e-50 function=11.0 lambd=0.7 n=50,0.2,0.5,0.05,2,0.9,0.01,1,1.00E-50,11,0.7,50,500000,1.601899981,1925447680
30de9f01,dsregpsoLSGO,5/30/2023 17:08,0:08:48,completed,Mmax=0.2 Smax=0.5 Smin=0.05 c1=2.0 c2=0.8 dseta=0.01 fdmax=1 fdmin=1.0e-50 function=11.0 lambd=0.7 n=50,0.2,0.5,0.05,2,0.8,0.01,1,1.00E-50,11,0.7,50,500000,1.491899967,1964050944
f6d93bd3,dsregpsoLSGO,5/30/2023 17:00,0:08:47,completed,Mmax=0.2 Smax=0.5 Smin=0.05 c1=2.0 c2=0.7 dseta=0.01 fdmax=1 fdmin=1.0e-50 function=11.0 lambd=0.7 n=50,0.2,0.5,0.05,2,0.7,0.01,1,1.00E-50,11,0.7,50,500000,1.386000037,2078148096
453cd205,dsregpsoLSGO,5/30/2023 16:16,0:08:43,completed,Mmax=0.2 Smax=0.5 Smin=0.05 c1=2.0 c2=0.2 dseta=0.01 fdmax=1 fdmin=1.0e-50 function=11.0 lambd=0.7 n=50,0.2,0.5,0.05,2,0.2,0.01,1,1.00E-50,11,0.7,50,500000,2.003400087,2181113600
a18978fa,dsregpsoLSGO,5/30/2023 16:24,0:08:49,completed,Mmax=0.2 Smax=0.5 Smin=0.05 c1=2.0 c2=0.3 dseta=0.01 fdmax=1 fdmin=1.0e-50 function=11.0 lambd=0.7 n=50,0.2,0.5,0.05,2,0.3,0.01,1,1.00E-50,11,0.7,50,500000,2.046299934,2214070528
2.70E+11,dsregpsoLSGO,5/30/2023 16:33,0:08:42,completed,Mmax=0.2 Smax=0.5 Smin=0.05 c1=2.0 c2=0.4 dseta=0.01 fdmax=1 fdmin=1.0e-50 function=11.0 lambd=0.7 n=50,0.2,0.5,0.05,2,0.4,0.01,1,1.00E-50,11,0.7,50,500000,1.809499979,2225682432
b7fa84f8,dsregpsoLSGO,5/30/2023 15:58,0:08:57,completed,Mmax=0.2 Smax=0.5 Smin=0.05 c1=2.0 c2=0.0 dseta=0.01 fdmax=1 fdmin=1.0e-50 function=11.0 lambd=0.7 n=50,0.2,0.5,0.05,2,0,0.01,1,1.00E-50,11,0.7,50,500000,2.007100105,2227377152
74955895,dsregpsoLSGO,5/30/2023 16:51,0:08:43,completed,Mmax=0.2 Smax=0.5 Smin=0.05 c1=2.0 c2=0.6 dseta=0.01 fdmax=1 fdmin=1.0e-50 function=11.0 lambd=0.7 n=50,0.2,0.5,0.05,2,0.6,0.01,1,1.00E-50,11,0.7,50,500000,1.888900042,2261714176
5cc55f08,dsregpsoLSGO,5/30/2023 16:42,0:08:50,completed,Mmax=0.2 Smax=0.5 Smin=0.05 c1=2.0 c2=0.5 dseta=0.01 fdmax=1 fdmin=1.0e-50 function=11.0 lambd=0.7 n=50,0.2,0.5,0.05,2,0.5,0.01,1,1.00E-50,11,0.7,50,500000,2.325200081,2318131712
41450832,dsregpsoLSGO,5/30/2023 16:07,0:09:09,completed,Mmax=0.2 Smax=0.5 Smin=0.05 c1=2.0 c2=0.1 dseta=0.01 fdmax=1 fdmin=1.0e-50 function=11.0 lambd=0.7 n=50,0.2,0.5,0.05,2,0.1,0.01,1,1.00E-50,11,0.7,50,500000,1.72420001,2382151424
bc390d2b,dsregpsoLSGO,5/30/2023 18:10,0:08:47,completed,Mmax=0.2 Smax=0.5 Smin=0.05 c1=2.0 c2=2.0 dseta=0.01 fdmax=1 fdmin=1.0e-50 function=11.0 lambd=0.7 n=50,0.2,0.5,0.05,2,2,0.01,1,1.00E-50,11,0.7,50,500000,6.872900009,86775701504
