run,operation,started,time,status,label,Mmax,Smax,Smin,c1,c2,dseta,fdmax,fdmin,function,lambd,n,step,global_best,mean_global_best
68de09a6,dsregpsoLSGO,12/01/2023 09:09,00:09:15,completed,Mmax=0.1 Smax=0.5 Smin=0.05 c1=2.0 c2=1.5 dseta=0.01 fdmax=0.1 fdmin=1.0e-50 function=2.0 lambd=1.9 n=5,0.1,0.5,0.05,2,1.5,0.01,0.1,1.00E-50,2,1.9,5,500000,3.959100008,3816.213135
b72c3c98,dsregpsoLSGO,12/01/2023 09:18,00:08:05,completed,Mmax=0.1 Smax=0.5 Smin=0.05 c1=2.0 c2=1.5 dseta=0.01 fdmax=0.1 fdmin=1.0e-50 function=2.0 lambd=1.9 n=10,0.1,0.5,0.05,2,1.5,0.01,0.1,1.00E-50,2,1.9,10,500000,3.780900002,3924.864258
4e8ec106,dsregpsoLSGO,12/01/2023 09:26,00:07:55,completed,Mmax=0.1 Smax=0.5 Smin=0.05 c1=2.0 c2=1.5 dseta=0.01 fdmax=0.1 fdmin=1.0e-50 function=2.0 lambd=1.9 n=20,0.1,0.5,0.05,2,1.5,0.01,0.1,1.00E-50,2,1.9,20,500000,4.440700054,4646.89502
92d50815,dsregpsoLSGO,12/01/2023 08:55,00:13:58,completed,Mmax=0.1 Smax=0.5 Smin=0.05 c1=2.0 c2=1.5 dseta=0.01 fdmax=0.1 fdmin=1.0e-50 function=2.0 lambd=1.9 n=1,0.1,0.5,0.05,2,1.5,0.01,0.1,1.00E-50,2,1.9,1,500000,4.686600208,4836.719727
4fe35b8c,dsregpsoLSGO,12/01/2023 09:34,00:07:43,completed,Mmax=0.1 Smax=0.5 Smin=0.05 c1=2.0 c2=1.5 dseta=0.01 fdmax=0.1 fdmin=1.0e-50 function=2.0 lambd=1.9 n=30,0.1,0.5,0.05,2,1.5,0.01,0.1,1.00E-50,2,1.9,30,480000,5.674200058,5161.435547
ea393760,dsregpsoLSGO,12/01/2023 09:42,00:08:15,completed,Mmax=0.1 Smax=0.5 Smin=0.05 c1=2.0 c2=1.5 dseta=0.01 fdmax=0.1 fdmin=1.0e-50 function=2.0 lambd=1.9 n=40,0.1,0.5,0.05,2,1.5,0.01,0.1,1.00E-50,2,1.9,40,500000,5.989900112,5835.880859
1a39f4ce,dsregpsoLSGO,12/01/2023 09:50,00:08:16,completed,Mmax=0.1 Smax=0.5 Smin=0.05 c1=2.0 c2=1.5 dseta=0.01 fdmax=0.1 fdmin=1.0e-50 function=2.0 lambd=1.9 n=50,0.1,0.5,0.05,2,1.5,0.01,0.1,1.00E-50,2,1.9,50,500000,5.806000233,6007.324707
51018cb3,dsregpsoLSGO,12/01/2023 09:58,00:08:33,completed,Mmax=0.1 Smax=0.5 Smin=0.05 c1=2.0 c2=1.5 dseta=0.01 fdmax=0.1 fdmin=1.0e-50 function=2.0 lambd=1.9 n=60,0.1,0.5,0.05,2,1.5,0.01,0.1,1.00E-50,2,1.9,60,480000,6.757100105,6885.765625
dff73b11,dsregpsoLSGO,12/01/2023 10:07,00:08:36,completed,Mmax=0.1 Smax=0.5 Smin=0.05 c1=2.0 c2=1.5 dseta=0.01 fdmax=0.1 fdmin=1.0e-50 function=2.0 lambd=1.9 n=70,0.1,0.5,0.05,2,1.5,0.01,0.1,1.00E-50,2,1.9,70,490000,7.853499889,7293.29834
543ae96e,dsregpsoLSGO,12/01/2023 10:15,00:08:31,completed,Mmax=0.1 Smax=0.5 Smin=0.05 c1=2.0 c2=1.5 dseta=0.01 fdmax=0.1 fdmin=1.0e-50 function=2.0 lambd=1.9 n=80,0.1,0.5,0.05,2,1.5,0.01,0.1,1.00E-50,2,1.9,80,500000,7.061600208,7516.602051
77faf024,dsregpsoLSGO,12/01/2023 10:24,00:08:28,completed,Mmax=0.1 Smax=0.5 Smin=0.05 c1=2.0 c2=1.5 dseta=0.01 fdmax=0.1 fdmin=1.0e-50 function=2.0 lambd=1.9 n=90,0.1,0.5,0.05,2,1.5,0.01,0.1,1.00E-50,2,1.9,90,450000,8.769599915,7932.510254
220b1be3,dsregpsoLSGO,12/01/2023 10:32,00:08:40,completed,Mmax=0.1 Smax=0.5 Smin=0.05 c1=2.0 c2=1.5 dseta=0.01 fdmax=0.1 fdmin=1.0e-50 function=2.0 lambd=1.9 n=100,0.1,0.5,0.05,2,1.5,0.01,0.1,1.00E-50,2,1.9,100,500000,8.093299866,8061.117188
