run,operation,started,time,status,label,Mmax,Smax,Smin,c1,c2,dseta,fdmax,fdmin,function,lambd,n,step,global_best,mean_global_best
323c257e,dsregpsoLSGO,3/16/2023 13:13,00:09:15,completed,Mmax=0.0 Smax=0.5 Smin=0.05 c1=2.0 c2=1.0 dseta=0.001 fdmax=0.1 fdmin=1.0e-50 function=4.0 lambd=1.0 n=20,0,0.5,0.05,2,1,0.001,0.1,1.00E-50,4,1,20,500000,4.458099842,8972357632
d8015d71,dsregpsoLSGO,3/16/2023 13:03,00:09:39,completed,Mmax=0.0 Smax=0.5 Smin=0.05 c1=2.0 c2=1.0 dseta=0.001 fdmax=0.1 fdmin=1.0e-50 function=4.0 lambd=1.0 n=10,0,0.5,0.05,2,1,0.001,0.1,1.00E-50,4,1,10,500000,1.378499985,10832882688
dfcd8fec,dsregpsoLSGO,3/16/2023 12:37,00:15:44,completed,Mmax=0.0 Smax=0.5 Smin=0.05 c1=2.0 c2=1.0 dseta=0.001 fdmax=0.1 fdmin=1.0e-50 function=4.0 lambd=1.0 n=1,0,0.5,0.05,2,1,0.001,0.1,1.00E-50,4,1,1,500000,7.104800224,11934587904
0197d14c,dsregpsoLSGO,3/16/2023 13:49,00:08:55,completed,Mmax=0.0 Smax=0.5 Smin=0.05 c1=2.0 c2=1.0 dseta=0.001 fdmax=0.1 fdmin=1.0e-50 function=4.0 lambd=1.0 n=60,0,0.5,0.05,2,1,0.001,0.1,1.00E-50,4,1,60,480000,8.871100426,15253976064
6eec5c99,dsregpsoLSGO,3/16/2023 12:53,00:10:10,completed,Mmax=0.0 Smax=0.5 Smin=0.05 c1=2.0 c2=1.0 dseta=0.001 fdmax=0.1 fdmin=1.0e-50 function=4.0 lambd=1.0 n=5,0,0.5,0.05,2,1,0.001,0.1,1.00E-50,4,1,5,500000,1.378100038,15498447872
febe0a09,dsregpsoLSGO,3/16/2023 13:22,00:09:00,completed,Mmax=0.0 Smax=0.5 Smin=0.05 c1=2.0 c2=1.0 dseta=0.001 fdmax=0.1 fdmin=1.0e-50 function=4.0 lambd=1.0 n=30,0,0.5,0.05,2,1,0.001,0.1,1.00E-50,4,1,30,480000,7.767099857,15776182272
850c79da,dsregpsoLSGO,3/16/2023 13:40,00:08:57,completed,Mmax=0.0 Smax=0.5 Smin=0.05 c1=2.0 c2=1.0 dseta=0.001 fdmax=0.1 fdmin=1.0e-50 function=4.0 lambd=1.0 n=50,0,0.5,0.05,2,1,0.001,0.1,1.00E-50,4,1,50,500000,1.35800004,16031933440
d61f1fc3,dsregpsoLSGO,3/16/2023 13:31,00:09:02,completed,Mmax=0.0 Smax=0.5 Smin=0.05 c1=2.0 c2=1.0 dseta=0.001 fdmax=0.1 fdmin=1.0e-50 function=4.0 lambd=1.0 n=40,0,0.5,0.05,2,1,0.001,0.1,1.00E-50,4,1,40,500000,1.023100019,16755186688
2bee4be5,dsregpsoLSGO,3/16/2023 14:07,00:08:31,completed,Mmax=0.0 Smax=0.5 Smin=0.05 c1=2.0 c2=1.0 dseta=0.001 fdmax=0.1 fdmin=1.0e-50 function=4.0 lambd=1.0 n=80,0,0.5,0.05,2,1,0.001,0.1,1.00E-50,4,1,80,500000,2.294800043,20462622720
82f55352,dsregpsoLSGO,3/16/2023 14:15,00:08:39,completed,Mmax=0.0 Smax=0.5 Smin=0.05 c1=2.0 c2=1.0 dseta=0.001 fdmax=0.1 fdmin=1.0e-50 function=4.0 lambd=1.0 n=90,0,0.5,0.05,2,1,0.001,0.1,1.00E-50,4,1,90,450000,2.6171,23942209536
60016304,dsregpsoLSGO,3/16/2023 13:58,00:08:50,completed,Mmax=0.0 Smax=0.5 Smin=0.05 c1=2.0 c2=1.0 dseta=0.001 fdmax=0.1 fdmin=1.0e-50 function=4.0 lambd=1.0 n=70,0,0.5,0.05,2,1,0.001,0.1,1.00E-50,4,1,70,490000,2.932800055,24112373760
17d07172,dsregpsoLSGO,3/16/2023 14:24,00:08:38,completed,Mmax=0.0 Smax=0.5 Smin=0.05 c1=2.0 c2=1.0 dseta=0.001 fdmax=0.1 fdmin=1.0e-50 function=4.0 lambd=1.0 n=100,0,0.5,0.05,2,1,0.001,0.1,1.00E-50,4,1,100,500000,3.748399973,44589932544
