run,operation,started,time,status,label,Mmax,Smax,Smin,c1,c2,dseta,fdmax,fdmin,function,lambd,n,step,global_best,mean_global_best
6a29e88f,dsregpsoLSGO,04/01/2023 14:38,00:08:24,completed,Mmax=0.7 Smax=0.5 Smin=0.05 c1=2.0 c2=1.0 dseta=0.001 fdmax=1.0e-25 fdmin=1.0e-50 function=2.0 lambd=0.7 n=50,0.7,0.5,0.05,2,1,0.001,1.00E-25,1.00E-50,2,0.7,50,500000,2.098200083,22117.0957
cee10065,dsregpsoLSGO,04/01/2023 14:30,00:08:31,completed,Mmax=0.7 Smax=0.5 Smin=0.05 c1=2.0 c2=1.0 dseta=0.001 fdmax=1.0e-25 fdmin=1.0e-100 function=2.0 lambd=0.7 n=50,0.7,0.5,0.05,2,1,0.001,1.00E-25,1.00E-100,2,0.7,50,500000,2.098200083,22117.0957
779a4438,dsregpsoLSGO,04/01/2023 14:20,00:09:26,completed,Mmax=0.7 Smax=0.5 Smin=0.05 c1=2.0 c2=1.0 dseta=0.001 fdmax=1.0e-25 fdmin=1.0e-200 function=2.0 lambd=0.7 n=50,0.7,0.5,0.05,2,1,0.001,1.00E-25,1.00E-200,2,0.7,50,500000,2.098200083,22117.0957
edda9371,dsregpsoLSGO,04/01/2023 14:47,00:09:10,completed,Mmax=0.7 Smax=0.5 Smin=0.05 c1=2.0 c2=1.0 dseta=0.001 fdmax=1.0e-25 fdmin=1.0e-25 function=2.0 lambd=0.7 n=50,0.7,0.5,0.05,2,1,0.001,1.00E-25,1.00E-25,2,0.7,50,500000,2.266700029,22458.76172
56ea09a6,dsregpsoLSGO,04/01/2023 15:29,00:11:31,completed,Mmax=0.7 Smax=0.5 Smin=0.05 c1=2.0 c2=1.0 dseta=0.001 fdmax=1.0e-25 fdmin=1 function=2.0 lambd=0.7 n=50,0.7,0.5,0.05,2,1,0.001,1.00E-25,1,2,0.7,50,500000,1.065099955,105745.5625
a5bc6f0d,dsregpsoLSGO,04/01/2023 15:18,00:11:05,completed,Mmax=0.7 Smax=0.5 Smin=0.05 c1=2.0 c2=1.0 dseta=0.001 fdmax=1.0e-25 fdmin=0.1 function=2.0 lambd=0.7 n=50,0.7,0.5,0.05,2,1,0.001,1.00E-25,0.1,2,0.7,50,500000,1.065099955,105745.5625
2d094125,dsregpsoLSGO,04/01/2023 15:07,00:11:05,completed,Mmax=0.7 Smax=0.5 Smin=0.05 c1=2.0 c2=1.0 dseta=0.001 fdmax=1.0e-25 fdmin=1.0e-05 function=2.0 lambd=0.7 n=50,0.7,0.5,0.05,2,1,0.001,1.00E-25,1.00E-05,2,0.7,50,500000,1.065099955,105745.5625
0fffd78e,dsregpsoLSGO,04/01/2023 14:56,00:11:11,completed,Mmax=0.7 Smax=0.5 Smin=0.05 c1=2.0 c2=1.0 dseta=0.001 fdmax=1.0e-25 fdmin=1.0e-10 function=2.0 lambd=0.7 n=50,0.7,0.5,0.05,2,1,0.001,1.00E-25,1.00E-10,2,0.7,50,500000,1.065099955,105745.5625
