run,operation,started,time,status,label,Mmax,Smax,Smin,c1,c2,dseta,fdmax,fdmin,function,lambd,n,step,global_best,mean_global_best
0057fd30,dsregpsoLSGO,24/06/2023 10:37,00:08:53,completed,Mmax=0.5 Smax=0.5 Smin=0.05 c1=2.0 c2=1.0 dseta=0.5 fdmax=1 fdmin=1.0e-25 function=14.0 lambd=0.7 n=50,0.5,0.5,0.05,2,1,0.5,1,1.00E-25,14,0.7,50,500000,1.180600047,10992588800
31f91a98,dsregpsoLSGO,24/06/2023 10:10,00:08:53,completed,Mmax=0.2 Smax=0.5 Smin=0.05 c1=2.0 c2=1.0 dseta=0.5 fdmax=1 fdmin=1.0e-25 function=14.0 lambd=0.7 n=50,0.2,0.5,0.05,2,1,0.5,1,1.00E-25,14,0.7,50,500000,3.24819994,14261173248
9fbba29c,dsregpsoLSGO,24/06/2023 10:19,00:08:58,completed,Mmax=0.3 Smax=0.5 Smin=0.05 c1=2.0 c2=1.0 dseta=0.5 fdmax=1 fdmin=1.0e-25 function=14.0 lambd=0.7 n=50,0.3,0.5,0.05,2,1,0.5,1,1.00E-25,14,0.7,50,500000,2.546499968,15319800832
c341f3b1,dsregpsoLSGO,24/06/2023 10:54,00:08:52,completed,Mmax=0.7 Smax=0.5 Smin=0.05 c1=2.0 c2=1.0 dseta=0.5 fdmax=1 fdmin=1.0e-25 function=14.0 lambd=0.7 n=50,0.7,0.5,0.05,2,1,0.5,1,1.00E-25,14,0.7,50,500000,1.249600053,16176235520
970f0264,dsregpsoLSGO,24/06/2023 09:51,00:09:09,completed,Mmax=0.0 Smax=0.5 Smin=0.05 c1=2.0 c2=1.0 dseta=0.5 fdmax=1 fdmin=1.0e-25 function=14.0 lambd=0.7 n=50,0,0.5,0.05,2,1,0.5,1,1.00E-25,14,0.7,50,500000,3.444900036,16732416000
e341de1e,dsregpsoLSGO,24/06/2023 10:00,00:09:12,completed,Mmax=0.1 Smax=0.5 Smin=0.05 c1=2.0 c2=1.0 dseta=0.5 fdmax=1 fdmin=1.0e-25 function=14.0 lambd=0.7 n=50,0.1,0.5,0.05,2,1,0.5,1,1.00E-25,14,0.7,50,500000,2.911799908,16977123328
92fe28bd,dsregpsoLSGO,24/06/2023 10:28,00:08:57,completed,Mmax=0.4 Smax=0.5 Smin=0.05 c1=2.0 c2=1.0 dseta=0.5 fdmax=1 fdmin=1.0e-25 function=14.0 lambd=0.7 n=50,0.4,0.5,0.05,2,1,0.5,1,1.00E-25,14,0.7,50,500000,2.663800001,22220589056
cb573f54,dsregpsoLSGO,24/06/2023 11:12,00:08:59,completed,Mmax=0.9 Smax=0.5 Smin=0.05 c1=2.0 c2=1.0 dseta=0.5 fdmax=1 fdmin=1.0e-25 function=14.0 lambd=0.7 n=50,0.9,0.5,0.05,2,1,0.5,1,1.00E-25,14,0.7,50,500000,3.971600056,36780752896
a64bd3fa,dsregpsoLSGO,24/06/2023 11:03,00:09:00,completed,Mmax=0.8 Smax=0.5 Smin=0.05 c1=2.0 c2=1.0 dseta=0.5 fdmax=1 fdmin=1.0e-25 function=14.0 lambd=0.7 n=50,0.8,0.5,0.05,2,1,0.5,1,1.00E-25,14,0.7,50,500000,3.981699944,44470870016
99ce995b,dsregpsoLSGO,24/06/2023 10:45,00:08:58,completed,Mmax=0.6 Smax=0.5 Smin=0.05 c1=2.0 c2=1.0 dseta=0.5 fdmax=1 fdmin=1.0e-25 function=14.0 lambd=0.7 n=50,0.6,0.5,0.05,2,1,0.5,1,1.00E-25,14,0.7,50,500000,1.23300004,58103373824
a94c9274,dsregpsoLSGO,24/06/2023 11:48,00:08:57,completed,Mmax=1.3 Smax=0.5 Smin=0.05 c1=2.0 c2=1.0 dseta=0.5 fdmax=1 fdmin=1.0e-25 function=14.0 lambd=0.7 n=50,1.3,0.5,0.05,2,1,0.5,1,1.00E-25,14,0.7,50,500000,9.572799683,94858813440
54754493,dsregpsoLSGO,24/06/2023 11:21,00:08:53,completed,Mmax=1.0 Smax=0.5 Smin=0.05 c1=2.0 c2=1.0 dseta=0.5 fdmax=1 fdmin=1.0e-25 function=14.0 lambd=0.7 n=50,1,0.5,0.05,2,1,0.5,1,1.00E-25,14,0.7,50,500000,2.049099922,1.19738E+11
6f7fa7b6,dsregpsoLSGO,24/06/2023 11:30,00:09:03,completed,Mmax=1.1 Smax=0.5 Smin=0.05 c1=2.0 c2=1.0 dseta=0.5 fdmax=1 fdmin=1.0e-25 function=14.0 lambd=0.7 n=50,1.1,0.5,0.05,2,1,0.5,1,1.00E-25,14,0.7,50,500000,1.193799973,2.32998E+11
7197c89b,dsregpsoLSGO,24/06/2023 11:39,00:08:50,completed,Mmax=1.2 Smax=0.5 Smin=0.05 c1=2.0 c2=1.0 dseta=0.5 fdmax=1 fdmin=1.0e-25 function=14.0 lambd=0.7 n=50,1.2,0.5,0.05,2,1,0.5,1,1.00E-25,14,0.7,50,500000,3.628999949,2.70253E+11
