run,operation,started,time,status,label,Mmax,Smax,Smin,c1,c2,dseta,fdmax,fdmin,function,lambd,n,step,global_best,mean_global_best
756f46fa,dsregpsoLSGO,09/06/2023 09:16,00:08:51,completed,Mmax=0.7 Smax=0.5 Smin=0.05 c1=2.0 c2=1.0 dseta=0.001 fdmax=1.0e-25 fdmin=1.0e-50 function=13.0 lambd=0.7 n=50,0.7,0.5,0.05,2,1,0.001,1.00E-25,1.00E-50,13,0.7,50,500000,2.209500074,21012332544
ed462036,dsregpsoLSGO,09/06/2023 09:07,00:09:15,completed,Mmax=0.7 Smax=0.5 Smin=0.05 c1=2.0 c2=1.0 dseta=0.001 fdmax=1.0e-25 fdmin=1.0e-100 function=13.0 lambd=0.7 n=50,0.7,0.5,0.05,2,1,0.001,1.00E-25,1.00E-100,13,0.7,50,500000,2.209500074,21012332544
0dd04c39,dsregpsoLSGO,09/06/2023 08:58,00:09:11,completed,Mmax=0.7 Smax=0.5 Smin=0.05 c1=2.0 c2=1.0 dseta=0.001 fdmax=1.0e-25 fdmin=1.0e-200 function=13.0 lambd=0.7 n=50,0.7,0.5,0.05,2,1,0.001,1.00E-25,1.00E-200,13,0.7,50,500000,2.209500074,21012332544
5e05184c,dsregpsoLSGO,09/06/2023 09:25,00:08:55,completed,Mmax=0.7 Smax=0.5 Smin=0.05 c1=2.0 c2=1.0 dseta=0.001 fdmax=1.0e-25 fdmin=1.0e-25 function=13.0 lambd=0.7 n=50,0.7,0.5,0.05,2,1,0.001,1.00E-25,1.00E-25,13,0.7,50,500000,8.258199692,28459030528
164c6012,dsregpsoLSGO,09/06/2023 10:04,00:09:48,completed,Mmax=0.7 Smax=0.5 Smin=0.05 c1=2.0 c2=1.0 dseta=0.001 fdmax=1.0e-25 fdmin=1 function=13.0 lambd=0.7 n=50,0.7,0.5,0.05,2,1,0.001,1.00E-25,1,13,0.7,50,500000,2.42930007,
51edd209,dsregpsoLSGO,09/06/2023 09:54,00:09:54,completed,Mmax=0.7 Smax=0.5 Smin=0.05 c1=2.0 c2=1.0 dseta=0.001 fdmax=1.0e-25 fdmin=0.1 function=13.0 lambd=0.7 n=50,0.7,0.5,0.05,2,1,0.001,1.00E-25,0.1,13,0.7,50,500000,2.42930007,
0eaa0977,dsregpsoLSGO,09/06/2023 09:44,00:09:52,completed,Mmax=0.7 Smax=0.5 Smin=0.05 c1=2.0 c2=1.0 dseta=0.001 fdmax=1.0e-25 fdmin=1.0e-05 function=13.0 lambd=0.7 n=50,0.7,0.5,0.05,2,1,0.001,1.00E-25,1.00E-05,13,0.7,50,500000,2.42930007,
15a07c54,dsregpsoLSGO,09/06/2023 09:34,00:09:47,completed,Mmax=0.7 Smax=0.5 Smin=0.05 c1=2.0 c2=1.0 dseta=0.001 fdmax=1.0e-25 fdmin=1.0e-10 function=13.0 lambd=0.7 n=50,0.7,0.5,0.05,2,1,0.001,1.00E-25,1.00E-10,13,0.7,50,500000,2.42930007,
