run,operation,started,time,status,label,Mmax,Smax,Smin,c1,c2,dseta,fdmax,fdmin,function,lambd,n,step,global_best,mean_global_best
21aebcd7,dsregpsoLSGO,5/29/2023 12:49,0:08:40,completed,Mmax=0.7 Smax=0.5 Smin=0.05 c1=2.0 c2=1.0 dseta=0.01 fdmax=1 fdmin=1.0e-50 function=11.0 lambd=0.7 n=50,0.7,0.5,0.05,2,1,0.01,1,1.00E-50,11,0.7,50,500000,2.690299988,2508937728
cee4b9ce,dsregpsoLSGO,5/29/2023 12:57,0:08:46,completed,Mmax=0.7 Smax=0.5 Smin=0.05 c1=2.0 c2=1.0 dseta=0.05 fdmax=1 fdmin=1.0e-50 function=11.0 lambd=0.7 n=50,0.7,0.5,0.05,2,1,0.05,1,1.00E-50,11,0.7,50,500000,2.043600082,2539445248
2610e5fc,dsregpsoLSGO,5/29/2023 13:06,0:08:43,completed,Mmax=0.7 Smax=0.5 Smin=0.05 c1=2.0 c2=1.0 dseta=0.1 fdmax=1 fdmin=1.0e-50 function=11.0 lambd=0.7 n=50,0.7,0.5,0.05,2,1,0.1,1,1.00E-50,11,0.7,50,500000,2.46239996,2591575552
95eda7fd,dsregpsoLSGO,5/29/2023 13:15,0:08:45,completed,Mmax=0.7 Smax=0.5 Smin=0.05 c1=2.0 c2=1.0 dseta=0.5 fdmax=1 fdmin=1.0e-50 function=11.0 lambd=0.7 n=50,0.7,0.5,0.05,2,1,0.5,1,1.00E-50,11,0.7,50,500000,5.214399815,3563055360
9feb289d,dsregpsoLSGO,5/29/2023 12:40,0:08:47,completed,Mmax=0.7 Smax=0.5 Smin=0.05 c1=2.0 c2=1.0 dseta=0.001 fdmax=1 fdmin=1.0e-50 function=11.0 lambd=0.7 n=50,0.7,0.5,0.05,2,1,0.001,1,1.00E-50,11,0.7,50,500000,4.412000179,5969243648
d1f97a86,dsregpsoLSGO,5/29/2023 12:31,0:09:06,completed,Mmax=0.7 Smax=0.5 Smin=0.05 c1=2.0 c2=1.0 dseta=0.0001 fdmax=1 fdmin=1.0e-50 function=11.0 lambd=0.7 n=50,0.7,0.5,0.05,2,1,0.0001,1,1.00E-50,11,0.7,50,500000,3.196099997,1.04692E+12
c686f614,dsregpsoLSGO,5/29/2023 12:22,0:08:58,completed,Mmax=0.7 Smax=0.5 Smin=0.05 c1=2.0 c2=1.0 dseta=1.0e-05 fdmax=1 fdmin=1.0e-50 function=11.0 lambd=0.7 n=50,0.7,0.5,0.05,2,1,1.00E-05,1,1.00E-50,11,0.7,50,500000,7.579100132,2.94599E+12
