run,operation,started,time,status,label,Mmax,Smax,Smin,c1,c2,dseta,fdmax,fdmin,function,lambd,n,step,global_best,mean_global_best
0a75292a,dsregpsoLSGO,07/07/2023 13:40,00:05:48,completed,Mmax=0.4 Smax=0.9 Smin=0.05 c1=2.0 c2=1.3 dseta=0.01 fdmax=1.0e-25 fdmin=1.0e-50 function=15.0 lambd=0.6 n=50,0.4,0.9,0.05,2,1.3,0.01,1.00E-25,1.00E-50,15,0.6,50,500000,2.958899975,2984476.5
51df5358,dsregpsoLSGO,07/07/2023 14:09,00:05:46,completed,Mmax=0.4 Smax=0.9 Smin=0.1 c1=2.0 c2=1.3 dseta=0.01 fdmax=1.0e-25 fdmin=1.0e-50 function=15.0 lambd=0.6 n=50,0.4,0.9,0.1,2,1.3,0.01,1.00E-25,1.00E-50,15,0.6,50,500000,2.93659997,3048141.25
2ee65b95,dsregpsoLSGO,07/07/2023 13:45,00:05:52,completed,Mmax=0.4 Smax=0.9 Smin=0.06 c1=2.0 c2=1.3 dseta=0.01 fdmax=1.0e-25 fdmin=1.0e-50 function=15.0 lambd=0.6 n=50,0.4,0.9,0.06,2,1.3,0.01,1.00E-25,1.00E-50,15,0.6,50,500000,3.21269989,3068302
3ee248aa,dsregpsoLSGO,07/07/2023 13:34,00:05:53,completed,Mmax=0.4 Smax=0.9 Smin=0.04 c1=2.0 c2=1.3 dseta=0.01 fdmax=1.0e-25 fdmin=1.0e-50 function=15.0 lambd=0.6 n=50,0.4,0.9,0.04,2,1.3,0.01,1.00E-25,1.00E-50,15,0.6,50,500000,3.102299929,3155289.5
ca4a0c8f,dsregpsoLSGO,07/07/2023 13:51,00:05:44,completed,Mmax=0.4 Smax=0.9 Smin=0.07 c1=2.0 c2=1.3 dseta=0.01 fdmax=1.0e-25 fdmin=1.0e-50 function=15.0 lambd=0.6 n=50,0.4,0.9,0.07,2,1.3,0.01,1.00E-25,1.00E-50,15,0.6,50,500000,3.328799963,3191839
29f6dc6b,dsregpsoLSGO,07/07/2023 13:57,00:06:17,completed,Mmax=0.4 Smax=0.9 Smin=0.08 c1=2.0 c2=1.3 dseta=0.01 fdmax=1.0e-25 fdmin=1.0e-50 function=15.0 lambd=0.6 n=50,0.4,0.9,0.08,2,1.3,0.01,1.00E-25,1.00E-50,15,0.6,50,500000,2.933000088,3211752.75
f0679476,dsregpsoLSGO,07/07/2023 14:03,00:05:52,completed,Mmax=0.4 Smax=0.9 Smin=0.09 c1=2.0 c2=1.3 dseta=0.01 fdmax=1.0e-25 fdmin=1.0e-50 function=15.0 lambd=0.6 n=50,0.4,0.9,0.09,2,1.3,0.01,1.00E-25,1.00E-50,15,0.6,50,500000,3.262200117,3224093.5
b86a93ad,dsregpsoLSGO,07/07/2023 13:28,00:05:50,completed,Mmax=0.4 Smax=0.9 Smin=0.03 c1=2.0 c2=1.3 dseta=0.01 fdmax=1.0e-25 fdmin=1.0e-50 function=15.0 lambd=0.6 n=50,0.4,0.9,0.03,2,1.3,0.01,1.00E-25,1.00E-50,15,0.6,50,500000,3.396699905,3401606
81129ecf,dsregpsoLSGO,07/07/2023 13:22,00:05:50,completed,Mmax=0.4 Smax=0.9 Smin=0.02 c1=2.0 c2=1.3 dseta=0.01 fdmax=1.0e-25 fdmin=1.0e-50 function=15.0 lambd=0.6 n=50,0.4,0.9,0.02,2,1.3,0.01,1.00E-25,1.00E-50,15,0.6,50,500000,3.894599915,3477161
0d83335b,dsregpsoLSGO,07/07/2023 13:16,00:05:55,completed,Mmax=0.4 Smax=0.9 Smin=0.01 c1=2.0 c2=1.3 dseta=0.01 fdmax=1.0e-25 fdmin=1.0e-50 function=15.0 lambd=0.6 n=50,0.4,0.9,0.01,2,1.3,0.01,1.00E-25,1.00E-50,15,0.6,50,500000,3.655600071,3971239.5
