run,operation,started,time,status,label,Mmax,Smax,Smin,c1,c2,dseta,fdmax,fdmin,function,lambd,n,step,global_best,mean_global_best
3dced7bb,dsregpsoLSGO,4/11/2023 9:49,0:03:51,completed,Mmax=0.7 Smax=0.5 Smin=0.05 c1=2.0 c2=1.0 dseta=0.01 fdmax=1.0e-10 fdmin=1.0e-50 function=7.0 lambd=0.7 n=50,0.7,0.5,0.05,2,1,0.01,1.00E-10,1.00E-50,7,0.7,50,500000,3.15260005,52109500
746a7eac,dsregpsoLSGO,4/11/2023 9:53,0:03:56,completed,Mmax=0.7 Smax=0.5 Smin=0.05 c1=2.0 c2=1.0 dseta=0.05 fdmax=1.0e-10 fdmin=1.0e-50 function=7.0 lambd=0.7 n=50,0.7,0.5,0.05,2,1,0.05,1.00E-10,1.00E-50,7,0.7,50,500000,4.227200031,64779596
535f008e,dsregpsoLSGO,4/11/2023 10:01,0:03:56,completed,Mmax=0.7 Smax=0.5 Smin=0.05 c1=2.0 c2=1.0 dseta=0.5 fdmax=1.0e-10 fdmin=1.0e-50 function=7.0 lambd=0.7 n=50,0.7,0.5,0.05,2,1,0.5,1.00E-10,1.00E-50,7,0.7,50,500000,3.532200098,65294212
71d3bbe2,dsregpsoLSGO,4/11/2023 9:45,0:04:09,completed,Mmax=0.7 Smax=0.5 Smin=0.05 c1=2.0 c2=1.0 dseta=0.001 fdmax=1.0e-10 fdmin=1.0e-50 function=7.0 lambd=0.7 n=50,0.7,0.5,0.05,2,1,0.001,1.00E-10,1.00E-50,7,0.7,50,500000,1.333799958,100550728
6d496a8b,dsregpsoLSGO,4/11/2023 9:57,0:03:52,completed,Mmax=0.7 Smax=0.5 Smin=0.05 c1=2.0 c2=1.0 dseta=0.1 fdmax=1.0e-10 fdmin=1.0e-50 function=7.0 lambd=0.7 n=50,0.7,0.5,0.05,2,1,0.1,1.00E-10,1.00E-50,7,0.7,50,500000,3.667700052,239292512
fb5ac21b,dsregpsoLSGO,4/11/2023 9:41,0:04:29,completed,Mmax=0.7 Smax=0.5 Smin=0.05 c1=2.0 c2=1.0 dseta=0.0001 fdmax=1.0e-10 fdmin=1.0e-50 function=7.0 lambd=0.7 n=50,0.7,0.5,0.05,2,1,0.0001,1.00E-10,1.00E-50,7,0.7,50,500000,4.646699905,404811072
88e6586a,dsregpsoLSGO,4/11/2023 9:36,0:04:32,completed,Mmax=0.7 Smax=0.5 Smin=0.05 c1=2.0 c2=1.0 dseta=1.0e-05 fdmax=1.0e-10 fdmin=1.0e-50 function=7.0 lambd=0.7 n=50,0.7,0.5,0.05,2,1,1.00E-05,1.00E-10,1.00E-50,7,0.7,50,500000,1.210199952,1148879616
