run,operation,started,time,status,label,Mmax,Smax,Smin,c1,c2,dseta,fdmax,fdmin,function,lambd,n,step,global_best,mean_global_best
e2b9501e,dsregpsoLSGO,4/1/2023 12:47,0:08:37,completed,Mmax=0.7 Smax=0.5 Smin=0.05 c1=2.0 c2=1.0 dseta=0.001 fdmax=1.0e-25 fdmin=1.0e-50 function=6.0 lambd=0.7 n=50,0.7,0.5,0.05,2,1,0.001,1.00E-25,1.00E-50,6,0.7,50,500000,1.042899966,1024286.25
1c9416f3,dsregpsoLSGO,4/1/2023 12:30,0:08:36,completed,Mmax=0.7 Smax=0.5 Smin=0.05 c1=2.0 c2=1.0 dseta=1.0e-05 fdmax=1.0e-25 fdmin=1.0e-50 function=6.0 lambd=0.7 n=50,0.7,0.5,0.05,2,1,1.00E-05,1.00E-25,1.00E-50,6,0.7,50,500000,1.04550004,1029760.25
25277df7,dsregpsoLSGO,4/1/2023 12:38,0:08:35,completed,Mmax=0.7 Smax=0.5 Smin=0.05 c1=2.0 c2=1.0 dseta=0.0001 fdmax=1.0e-25 fdmin=1.0e-50 function=6.0 lambd=0.7 n=50,0.7,0.5,0.05,2,1,0.0001,1.00E-25,1.00E-50,6,0.7,50,500000,1.046599984,1030272.313
e87fc314,dsregpsoLSGO,4/1/2023 13:21,0:09:36,completed,Mmax=0.7 Smax=0.5 Smin=0.05 c1=2.0 c2=1.0 dseta=0.5 fdmax=1.0e-25 fdmin=1.0e-50 function=6.0 lambd=0.7 n=50,0.7,0.5,0.05,2,1,0.5,1.00E-25,1.00E-50,6,0.7,50,500000,1.041300058,1035304.938
187dc078,dsregpsoLSGO,4/1/2023 13:12,0:08:40,completed,Mmax=0.7 Smax=0.5 Smin=0.05 c1=2.0 c2=1.0 dseta=0.1 fdmax=1.0e-25 fdmin=1.0e-50 function=6.0 lambd=0.7 n=50,0.7,0.5,0.05,2,1,0.1,1.00E-25,1.00E-50,6,0.7,50,500000,1.041300058,1035304.938
4da31940,dsregpsoLSGO,4/1/2023 13:04,0:08:26,completed,Mmax=0.7 Smax=0.5 Smin=0.05 c1=2.0 c2=1.0 dseta=0.05 fdmax=1.0e-25 fdmin=1.0e-50 function=6.0 lambd=0.7 n=50,0.7,0.5,0.05,2,1,0.05,1.00E-25,1.00E-50,6,0.7,50,500000,1.041300058,1035304.938
43e5e7cd,dsregpsoLSGO,4/1/2023 12:56,0:08:24,completed,Mmax=0.7 Smax=0.5 Smin=0.05 c1=2.0 c2=1.0 dseta=0.01 fdmax=1.0e-25 fdmin=1.0e-50 function=6.0 lambd=0.7 n=50,0.7,0.5,0.05,2,1,0.01,1.00E-25,1.00E-50,6,0.7,50,500000,1.041300058,1035304.938
