run,operation,started,time,status,label,Mmax,Smax,Smin,c1,c2,dseta,fdmax,fdmin,function,lambd,n,step,global_best,mean_global_best
834c88a5,dsregpsoLSGO,10/01/2023 12:06,00:09:35,completed,Mmax=0.1 Smax=0.5 Smin=0.05 c1=2.0 c2=1.5 dseta=0.01 fdmax=0.1 fdmin=1.0e-50 function=2.0 lambd=0.7 n=50,0.1,0.5,0.05,2,1.5,0.01,0.1,1.00E-50,2,0.7,50,500000,7.902200222,7945.34668
75f6142a,dsregpsoLSGO,10/01/2023 11:56,00:09:58,completed,Mmax=0.0 Smax=0.5 Smin=0.05 c1=2.0 c2=1.5 dseta=0.01 fdmax=0.1 fdmin=1.0e-50 function=2.0 lambd=0.7 n=50,0,0.5,0.05,2,1.5,0.01,0.1,1.00E-50,2,0.7,50,500000,8.716500282,8004.851074
3fa3d540,dsregpsoLSGO,10/01/2023 12:15,00:09:28,completed,Mmax=0.2 Smax=0.5 Smin=0.05 c1=2.0 c2=1.5 dseta=0.01 fdmax=0.1 fdmin=1.0e-50 function=2.0 lambd=0.7 n=50,0.2,0.5,0.05,2,1.5,0.01,0.1,1.00E-50,2,0.7,50,500000,8.984999657,8957.238281
cbfab2f6,dsregpsoLSGO,10/01/2023 12:25,00:09:16,completed,Mmax=0.3 Smax=0.5 Smin=0.05 c1=2.0 c2=1.5 dseta=0.01 fdmax=0.1 fdmin=1.0e-50 function=2.0 lambd=0.7 n=50,0.3,0.5,0.05,2,1.5,0.01,0.1,1.00E-50,2,0.7,50,500000,1.090600014,9984.291016
bc87f9bc,dsregpsoLSGO,10/01/2023 14:06,00:10:41,completed,Mmax=1.3 Smax=0.5 Smin=0.05 c1=2.0 c2=1.5 dseta=0.01 fdmax=0.1 fdmin=1.0e-50 function=2.0 lambd=0.7 n=50,1.3,0.5,0.05,2,1.5,0.01,0.1,1.00E-50,2,0.7,50,500000,1.07099998,10956.46289
ede2b19e,dsregpsoLSGO,10/01/2023 12:34,00:09:00,completed,Mmax=0.4 Smax=0.5 Smin=0.05 c1=2.0 c2=1.5 dseta=0.01 fdmax=0.1 fdmin=1.0e-50 function=2.0 lambd=0.7 n=50,0.4,0.5,0.05,2,1.5,0.01,0.1,1.00E-50,2,0.7,50,500000,1.15989995,11033.8418
31e23a95,dsregpsoLSGO,10/01/2023 13:55,00:10:53,completed,Mmax=1.2 Smax=0.5 Smin=0.05 c1=2.0 c2=1.5 dseta=0.01 fdmax=0.1 fdmin=1.0e-50 function=2.0 lambd=0.7 n=50,1.2,0.5,0.05,2,1.5,0.01,0.1,1.00E-50,2,0.7,50,500000,1.130800009,11277.81836
69d21f12,dsregpsoLSGO,10/01/2023 13:43,00:11:12,completed,Mmax=1.1 Smax=0.5 Smin=0.05 c1=2.0 c2=1.5 dseta=0.01 fdmax=0.1 fdmin=1.0e-50 function=2.0 lambd=0.7 n=50,1.1,0.5,0.05,2,1.5,0.01,0.1,1.00E-50,2,0.7,50,500000,1.212599993,11316.97949
5a721f99,dsregpsoLSGO,10/01/2023 13:32,00:11:01,completed,Mmax=1.0 Smax=0.5 Smin=0.05 c1=2.0 c2=1.5 dseta=0.01 fdmax=0.1 fdmin=1.0e-50 function=2.0 lambd=0.7 n=50,1,0.5,0.05,2,1.5,0.01,0.1,1.00E-50,2,0.7,50,500000,1.117599964,11745.72852
234fe315,dsregpsoLSGO,10/01/2023 12:43,00:09:27,completed,Mmax=0.5 Smax=0.5 Smin=0.05 c1=2.0 c2=1.5 dseta=0.01 fdmax=0.1 fdmin=1.0e-50 function=2.0 lambd=0.7 n=50,0.5,0.5,0.05,2,1.5,0.01,0.1,1.00E-50,2,0.7,50,500000,1.159100056,11800.66504
8b6580c7,dsregpsoLSGO,10/01/2023 13:22,00:10:43,completed,Mmax=0.9 Smax=0.5 Smin=0.05 c1=2.0 c2=1.5 dseta=0.01 fdmax=0.1 fdmin=1.0e-50 function=2.0 lambd=0.7 n=50,0.9,0.5,0.05,2,1.5,0.01,0.1,1.00E-50,2,0.7,50,500000,1.165699959,12222.43555
3db6ced1,dsregpsoLSGO,10/01/2023 13:03,00:08:46,completed,Mmax=0.7 Smax=0.5 Smin=0.05 c1=2.0 c2=1.5 dseta=0.01 fdmax=0.1 fdmin=1.0e-50 function=2.0 lambd=0.7 n=50,0.7,0.5,0.05,2,1.5,0.01,0.1,1.00E-50,2,0.7,50,500000,1.270099998,12535.16113
0d35a9f4,dsregpsoLSGO,10/01/2023 13:11,00:10:15,completed,Mmax=0.8 Smax=0.5 Smin=0.05 c1=2.0 c2=1.5 dseta=0.01 fdmax=0.1 fdmin=1.0e-50 function=2.0 lambd=0.7 n=50,0.8,0.5,0.05,2,1.5,0.01,0.1,1.00E-50,2,0.7,50,500000,1.237900019,12744.14941
b8b248df,dsregpsoLSGO,10/01/2023 12:52,00:10:06,completed,Mmax=0.6 Smax=0.5 Smin=0.05 c1=2.0 c2=1.5 dseta=0.01 fdmax=0.1 fdmin=1.0e-50 function=2.0 lambd=0.7 n=50,0.6,0.5,0.05,2,1.5,0.01,0.1,1.00E-50,2,0.7,50,500000,1.372699976,12983.86914
