run,operation,started,time,status,label,Mmax,Smax,Smin,c1,c2,dseta,fdmax,fdmin,function,lambd,n,step,global_best,mean_global_best
3ad74a89,dsregpsoLSGO,5/16/2023 10:47,00:11:55,completed,Mmax=1.2 Smax=0.3 Smin=0.05 c1=2.0 c2=2.0 dseta=0.1 fdmax=1.0e-25 fdmin=1.0e-25 function=9.0 lambd=1.3 n=30,1.2,0.3,0.05,2,2,0.1,1.00E-25,1.00E-25,9,1.3,30,480000,3.824800014,438080512
82b83606,dsregpsoLSGO,5/16/2023 10:35,00:12:05,completed,Mmax=1.2 Smax=0.3 Smin=0.05 c1=2.0 c2=2.0 dseta=0.1 fdmax=1.0e-25 fdmin=1.0e-25 function=9.0 lambd=1.3 n=20,1.2,0.3,0.05,2,2,0.1,1.00E-25,1.00E-25,9,1.3,20,500000,4.553299904,474190912
8e030a85,dsregpsoLSGO,5/16/2023 10:22,00:12:21,completed,Mmax=1.2 Smax=0.3 Smin=0.05 c1=2.0 c2=2.0 dseta=0.1 fdmax=1.0e-25 fdmin=1.0e-25 function=9.0 lambd=1.3 n=10,1.2,0.3,0.05,2,2,0.1,1.00E-25,1.00E-25,9,1.3,10,500000,2.798799992,478702208
c274b4ec,dsregpsoLSGO,5/16/2023 11:58,00:11:51,completed,Mmax=1.2 Smax=0.3 Smin=0.05 c1=2.0 c2=2.0 dseta=0.1 fdmax=1.0e-25 fdmin=1.0e-25 function=9.0 lambd=1.3 n=90,1.2,0.3,0.05,2,2,0.1,1.00E-25,1.00E-25,9,1.3,90,450000,4.096700191,495837952
36d73cc0,dsregpsoLSGO,5/16/2023 10:59,00:11:54,completed,Mmax=1.2 Smax=0.3 Smin=0.05 c1=2.0 c2=2.0 dseta=0.1 fdmax=1.0e-25 fdmin=1.0e-25 function=9.0 lambd=1.3 n=40,1.2,0.3,0.05,2,2,0.1,1.00E-25,1.00E-25,9,1.3,40,500000,5.438099861,495968992
1bdf6329,dsregpsoLSGO,5/16/2023 11:10,00:11:53,completed,Mmax=1.2 Smax=0.3 Smin=0.05 c1=2.0 c2=2.0 dseta=0.1 fdmax=1.0e-25 fdmin=1.0e-25 function=9.0 lambd=1.3 n=50,1.2,0.3,0.05,2,2,0.1,1.00E-25,1.00E-25,9,1.3,50,500000,4.295599937,512021088
bc233b99,dsregpsoLSGO,5/16/2023 11:22,00:11:50,completed,Mmax=1.2 Smax=0.3 Smin=0.05 c1=2.0 c2=2.0 dseta=0.1 fdmax=1.0e-25 fdmin=1.0e-25 function=9.0 lambd=1.3 n=60,1.2,0.3,0.05,2,2,0.1,1.00E-25,1.00E-25,9,1.3,60,480000,5.702300072,527955712
a4969723,dsregpsoLSGO,5/16/2023 11:34,00:11:55,completed,Mmax=1.2 Smax=0.3 Smin=0.05 c1=2.0 c2=2.0 dseta=0.1 fdmax=1.0e-25 fdmin=1.0e-25 function=9.0 lambd=1.3 n=70,1.2,0.3,0.05,2,2,0.1,1.00E-25,1.00E-25,9,1.3,70,490000,4.638700008,532003776
51882446,dsregpsoLSGO,5/16/2023 11:46,00:11:49,completed,Mmax=1.2 Smax=0.3 Smin=0.05 c1=2.0 c2=2.0 dseta=0.1 fdmax=1.0e-25 fdmin=1.0e-25 function=9.0 lambd=1.3 n=80,1.2,0.3,0.05,2,2,0.1,1.00E-25,1.00E-25,9,1.3,80,500000,5.045100212,562578560
39f9e453,dsregpsoLSGO,5/16/2023 10:09,00:13:06,completed,Mmax=1.2 Smax=0.3 Smin=0.05 c1=2.0 c2=2.0 dseta=0.1 fdmax=1.0e-25 fdmin=1.0e-25 function=9.0 lambd=1.3 n=5,1.2,0.3,0.05,2,2,0.1,1.00E-25,1.00E-25,9,1.3,5,500000,4.625999928,567766336
7ad898ae,dsregpsoLSGO,5/16/2023 12:10,00:12:02,completed,Mmax=1.2 Smax=0.3 Smin=0.05 c1=2.0 c2=2.0 dseta=0.1 fdmax=1.0e-25 fdmin=1.0e-25 function=9.0 lambd=1.3 n=100,1.2,0.3,0.05,2,2,0.1,1.00E-25,1.00E-25,9,1.3,100,500000,6.150499821,578362112
43fe83a7,dsregpsoLSGO,5/16/2023 9:51,00:17:54,completed,Mmax=1.2 Smax=0.3 Smin=0.05 c1=2.0 c2=2.0 dseta=0.1 fdmax=1.0e-25 fdmin=1.0e-25 function=9.0 lambd=1.3 n=1,1.2,0.3,0.05,2,2,0.1,1.00E-25,1.00E-25,9,1.3,1,500000,1.411399961,1441362176
