run,operation,started,time,status,label,Mmax,Smax,Smin,c1,c2,dseta,fdmax,fdmin,function,lambd,n,step,global_best,mean_global_best
a7f41f72,dsregpsoLSGO,06/07/2023 10:13,00:06:17,completed,Mmax=0.7 Smax=0.5 Smin=0.05 c1=2.0 c2=1.0 dseta=0.01 fdmax=1.0e-25 fdmin=1.0e-50 function=15.0 lambd=0.7 n=50,0.7,0.5,0.05,2,1,0.01,1.00E-25,1.00E-50,15,0.7,50,500000,4.193900108,4469696
fcd703ef,dsregpsoLSGO,06/07/2023 10:06,00:06:27,completed,Mmax=0.7 Smax=0.5 Smin=0.05 c1=2.0 c2=1.0 dseta=0.001 fdmax=1.0e-25 fdmin=1.0e-50 function=15.0 lambd=0.7 n=50,0.7,0.5,0.05,2,1,0.001,1.00E-25,1.00E-50,15,0.7,50,500000,5.665800095,5651509
c66d07dd,dsregpsoLSGO,06/07/2023 10:25,00:05:47,completed,Mmax=0.7 Smax=0.5 Smin=0.05 c1=2.0 c2=1.0 dseta=0.1 fdmax=1.0e-25 fdmin=1.0e-50 function=15.0 lambd=0.7 n=50,0.7,0.5,0.05,2,1,0.1,1.00E-25,1.00E-50,15,0.7,50,500000,6.086400032,6809249.5
00093c6c,dsregpsoLSGO,06/07/2023 10:19,00:06:22,completed,Mmax=0.7 Smax=0.5 Smin=0.05 c1=2.0 c2=1.0 dseta=0.05 fdmax=1.0e-25 fdmin=1.0e-50 function=15.0 lambd=0.7 n=50,0.7,0.5,0.05,2,1,0.05,1.00E-25,1.00E-50,15,0.7,50,500000,9.413200378,7348457.5
5609d26a,dsregpsoLSGO,06/07/2023 10:31,00:05:52,completed,Mmax=0.7 Smax=0.5 Smin=0.05 c1=2.0 c2=1.0 dseta=0.5 fdmax=1.0e-25 fdmin=1.0e-50 function=15.0 lambd=0.7 n=50,0.7,0.5,0.05,2,1,0.5,1.00E-25,1.00E-50,15,0.7,50,500000,1.155699968,10888403
c847671c,dsregpsoLSGO,06/07/2023 10:00,00:06:13,completed,Mmax=0.7 Smax=0.5 Smin=0.05 c1=2.0 c2=1.0 dseta=0.0001 fdmax=1.0e-25 fdmin=1.0e-50 function=15.0 lambd=0.7 n=50,0.7,0.5,0.05,2,1,0.0001,1.00E-25,1.00E-50,15,0.7,50,500000,6.998799801,49385212
e89bd603,dsregpsoLSGO,06/07/2023 09:54,00:06:08,completed,Mmax=0.7 Smax=0.5 Smin=0.05 c1=2.0 c2=1.0 dseta=1.0e-05 fdmax=1.0e-25 fdmin=1.0e-50 function=15.0 lambd=0.7 n=50,0.7,0.5,0.05,2,1,1.00E-05,1.00E-25,1.00E-50,15,0.7,50,500000,7.749199867,5495619584
