run,operation,started,time,status,label,Mmax,Smax,Smin,c1,c2,dseta,fdmax,fdmin,function,lambd,n,step,global_best,mean_global_best
c51f2d0c,dsregpsoLSGO,22/06/2023 10:14,00:08:50,completed,Mmax=0.7 Smax=0.5 Smin=0.05 c1=2.0 c2=1.0 dseta=0.001 fdmax=1.0e-25 fdmin=1.0e-25 function=14.0 lambd=0.7 n=50,0.7,0.5,0.05,2,1,0.001,1.00E-25,1.00E-25,14,0.7,50,500000,9.22840023,3.6228E+11
7d06aaba,dsregpsoLSGO,22/06/2023 10:05,00:08:45,completed,Mmax=0.7 Smax=0.5 Smin=0.05 c1=2.0 c2=1.0 dseta=0.001 fdmax=1.0e-25 fdmin=1.0e-50 function=14.0 lambd=0.7 n=50,0.7,0.5,0.05,2,1,0.001,1.00E-25,1.00E-50,14,0.7,50,500000,9.621299744,3.87056E+11
5d852aec,dsregpsoLSGO,22/06/2023 09:56,00:09:02,completed,Mmax=0.7 Smax=0.5 Smin=0.05 c1=2.0 c2=1.0 dseta=0.001 fdmax=1.0e-25 fdmin=1.0e-100 function=14.0 lambd=0.7 n=50,0.7,0.5,0.05,2,1,0.001,1.00E-25,1.00E-100,14,0.7,50,500000,9.621299744,3.87056E+11
5e4dcace,dsregpsoLSGO,22/06/2023 09:47,00:08:57,completed,Mmax=0.7 Smax=0.5 Smin=0.05 c1=2.0 c2=1.0 dseta=0.001 fdmax=1.0e-25 fdmin=1.0e-200 function=14.0 lambd=0.7 n=50,0.7,0.5,0.05,2,1,0.001,1.00E-25,1.00E-200,14,0.7,50,500000,9.621299744,3.87056E+11
a28f7071,dsregpsoLSGO,22/06/2023 10:52,00:09:47,completed,Mmax=0.7 Smax=0.5 Smin=0.05 c1=2.0 c2=1.0 dseta=0.001 fdmax=1.0e-25 fdmin=1 function=14.0 lambd=0.7 n=50,0.7,0.5,0.05,2,1,0.001,1.00E-25,1,14,0.7,50,500000,6.171299934,
0e762a35,dsregpsoLSGO,22/06/2023 10:43,00:09:50,completed,Mmax=0.7 Smax=0.5 Smin=0.05 c1=2.0 c2=1.0 dseta=0.001 fdmax=1.0e-25 fdmin=0.1 function=14.0 lambd=0.7 n=50,0.7,0.5,0.05,2,1,0.001,1.00E-25,0.1,14,0.7,50,500000,6.171299934,
14fef94a,dsregpsoLSGO,22/06/2023 10:33,00:09:51,completed,Mmax=0.7 Smax=0.5 Smin=0.05 c1=2.0 c2=1.0 dseta=0.001 fdmax=1.0e-25 fdmin=1.0e-05 function=14.0 lambd=0.7 n=50,0.7,0.5,0.05,2,1,0.001,1.00E-25,1.00E-05,14,0.7,50,500000,6.171299934,
913b81b7,dsregpsoLSGO,22/06/2023 10:23,00:09:44,completed,Mmax=0.7 Smax=0.5 Smin=0.05 c1=2.0 c2=1.0 dseta=0.001 fdmax=1.0e-25 fdmin=1.0e-10 function=14.0 lambd=0.7 n=50,0.7,0.5,0.05,2,1,0.001,1.00E-25,1.00E-10,14,0.7,50,500000,6.171299934,
