run,operation,started,time,status,label,Mmax,Smax,Smin,c1,c2,dseta,fdmax,fdmin,function,lambd,n,step,global_best,mean_global_best
b0aabed4,dsregpsoLSGO,5/23/2023 18:38,0:11:29,completed,Mmax=0.3 Smax=0.5 Smin=0.05 c1=2.0 c2=0.8 dseta=0.001 fdmax=0.1 fdmin=1.0e-25 function=10.0 lambd=0.7 n=50,0.3,0.5,0.05,2,0.8,0.001,0.1,1.00E-25,10,0.7,50,500000,9.247900009,92202984
e1646ddb,dsregpsoLSGO,5/23/2023 19:01,0:11:28,completed,Mmax=0.3 Smax=0.5 Smin=0.05 c1=2.0 c2=1.0 dseta=0.001 fdmax=0.1 fdmin=1.0e-25 function=10.0 lambd=0.7 n=50,0.3,0.5,0.05,2,1,0.001,0.1,1.00E-25,10,0.7,50,500000,9.311699867,92262496
a1711d87,dsregpsoLSGO,5/23/2023 19:35,0:11:26,completed,Mmax=0.3 Smax=0.5 Smin=0.05 c1=2.0 c2=1.3 dseta=0.001 fdmax=0.1 fdmin=1.0e-25 function=10.0 lambd=0.7 n=50,0.3,0.5,0.05,2,1.3,0.001,0.1,1.00E-25,10,0.7,50,500000,9.254899979,92458448
96456857,dsregpsoLSGO,5/23/2023 18:26,0:11:33,completed,Mmax=0.3 Smax=0.5 Smin=0.05 c1=2.0 c2=0.7 dseta=0.001 fdmax=0.1 fdmin=1.0e-25 function=10.0 lambd=0.7 n=50,0.3,0.5,0.05,2,0.7,0.001,0.1,1.00E-25,10,0.7,50,500000,9.268199921,92538432
0322d730,dsregpsoLSGO,5/23/2023 17:29,0:11:34,completed,Mmax=0.3 Smax=0.5 Smin=0.05 c1=2.0 c2=0.2 dseta=0.001 fdmax=0.1 fdmin=1.0e-25 function=10.0 lambd=0.7 n=50,0.3,0.5,0.05,2,0.2,0.001,0.1,1.00E-25,10,0.7,50,500000,9.199700356,92620664
bc4b1ae3,dsregpsoLSGO,5/23/2023 19:47,0:11:33,completed,Mmax=0.3 Smax=0.5 Smin=0.05 c1=2.0 c2=1.5 dseta=0.001 fdmax=0.1 fdmin=1.0e-25 function=10.0 lambd=0.7 n=50,0.3,0.5,0.05,2,1.5,0.001,0.1,1.00E-25,10,0.7,50,500000,9.247200012,92674920
9ec36a8a,dsregpsoLSGO,5/23/2023 19:24,0:11:33,completed,Mmax=0.3 Smax=0.5 Smin=0.05 c1=2.0 c2=1.2 dseta=0.001 fdmax=0.1 fdmin=1.0e-25 function=10.0 lambd=0.7 n=50,0.3,0.5,0.05,2,1.2,0.001,0.1,1.00E-25,10,0.7,50,500000,9.348899841,92695168
0f8f89c8,dsregpsoLSGO,5/23/2023 18:49,0:11:31,completed,Mmax=0.3 Smax=0.5 Smin=0.05 c1=2.0 c2=0.9 dseta=0.001 fdmax=0.1 fdmin=1.0e-25 function=10.0 lambd=0.7 n=50,0.3,0.5,0.05,2,0.9,0.001,0.1,1.00E-25,10,0.7,50,500000,9.234100342,92711856
6df4418b,dsregpsoLSGO,5/23/2023 18:03,0:11:33,completed,Mmax=0.3 Smax=0.5 Smin=0.05 c1=2.0 c2=0.5 dseta=0.001 fdmax=0.1 fdmin=1.0e-25 function=10.0 lambd=0.7 n=50,0.3,0.5,0.05,2,0.5,0.001,0.1,1.00E-25,10,0.7,50,500000,9.16779995,92878144
8abe1f8b,dsregpsoLSGO,5/23/2023 17:05,0:11:36,completed,Mmax=0.3 Smax=0.5 Smin=0.05 c1=2.0 c2=0.0 dseta=0.001 fdmax=0.1 fdmin=1.0e-25 function=10.0 lambd=0.7 n=50,0.3,0.5,0.05,2,0,0.001,0.1,1.00E-25,10,0.7,50,500000,9.371500015,92932064
355e6500,dsregpsoLSGO,5/23/2023 17:17,0:11:35,completed,Mmax=0.3 Smax=0.5 Smin=0.05 c1=2.0 c2=0.1 dseta=0.001 fdmax=0.1 fdmin=1.0e-25 function=10.0 lambd=0.7 n=50,0.3,0.5,0.05,2,0.1,0.001,0.1,1.00E-25,10,0.7,50,500000,9.312399864,92938032
f326cae0,dsregpsoLSGO,5/23/2023 19:12,0:11:30,completed,Mmax=0.3 Smax=0.5 Smin=0.05 c1=2.0 c2=1.1 dseta=0.001 fdmax=0.1 fdmin=1.0e-25 function=10.0 lambd=0.7 n=50,0.3,0.5,0.05,2,1.1,0.001,0.1,1.00E-25,10,0.7,50,500000,9.309599876,92953904
ca6407c9,dsregpsoLSGO,5/23/2023 17:52,0:11:28,completed,Mmax=0.3 Smax=0.5 Smin=0.05 c1=2.0 c2=0.4 dseta=0.001 fdmax=0.1 fdmin=1.0e-25 function=10.0 lambd=0.7 n=50,0.3,0.5,0.05,2,0.4,0.001,0.1,1.00E-25,10,0.7,50,500000,9.245300293,93048712
b60edac9,dsregpsoLSGO,5/23/2023 17:40,0:11:30,completed,Mmax=0.3 Smax=0.5 Smin=0.05 c1=2.0 c2=0.3 dseta=0.001 fdmax=0.1 fdmin=1.0e-25 function=10.0 lambd=0.7 n=50,0.3,0.5,0.05,2,0.3,0.001,0.1,1.00E-25,10,0.7,50,500000,9.282099724,93121416
3928ff1e,dsregpsoLSGO,5/23/2023 19:58,0:11:34,completed,Mmax=0.3 Smax=0.5 Smin=0.05 c1=2.0 c2=2.0 dseta=0.001 fdmax=0.1 fdmin=1.0e-25 function=10.0 lambd=0.7 n=50,0.3,0.5,0.05,2,2,0.001,0.1,1.00E-25,10,0.7,50,500000,9.350399971,93134368
ecb95192,dsregpsoLSGO,5/23/2023 18:15,0:11:28,completed,Mmax=0.3 Smax=0.5 Smin=0.05 c1=2.0 c2=0.6 dseta=0.001 fdmax=0.1 fdmin=1.0e-25 function=10.0 lambd=0.7 n=50,0.3,0.5,0.05,2,0.6,0.001,0.1,1.00E-25,10,0.7,50,500000,9.337300301,93296640
