run,operation,started,time,status,label,Mmax,Smax,Smin,c1,c2,dseta,fdmax,fdmin,function,lambd,n,step,global_best,mean_global_best
b615acd2,dsregpsoLSGO,4/17/2023 9:54,0:04:44,completed,Mmax=0.4 Smax=0.9 Smin=0.05 c1=2.0 c2=1.5 dseta=0.01 fdmax=1.0e-10 fdmin=1.0e-50 function=7.0 lambd=0.3 n=50,0.4,0.9,0.05,2,1.5,0.01,1.00E-10,1.00E-50,7,0.3,50,500000,3.865700006,26964254
29966d0b,dsregpsoLSGO,4/17/2023 10:13,0:04:40,completed,Mmax=0.4 Smax=0.9 Smin=0.09 c1=2.0 c2=1.5 dseta=0.01 fdmax=1.0e-10 fdmin=1.0e-50 function=7.0 lambd=0.3 n=50,0.4,0.9,0.09,2,1.5,0.01,1.00E-10,1.00E-50,7,0.3,50,500000,2.930900097,31366074
acf478a1,dsregpsoLSGO,4/17/2023 10:04,0:04:50,completed,Mmax=0.4 Smax=0.9 Smin=0.07 c1=2.0 c2=1.5 dseta=0.01 fdmax=1.0e-10 fdmin=1.0e-50 function=7.0 lambd=0.3 n=50,0.4,0.9,0.07,2,1.5,0.01,1.00E-10,1.00E-50,7,0.3,50,500000,2.851599932,32122724
9e0cc52a,dsregpsoLSGO,4/17/2023 9:59,0:04:43,completed,Mmax=0.4 Smax=0.9 Smin=0.06 c1=2.0 c2=1.5 dseta=0.01 fdmax=1.0e-10 fdmin=1.0e-50 function=7.0 lambd=0.3 n=50,0.4,0.9,0.06,2,1.5,0.01,1.00E-10,1.00E-50,7,0.3,50,500000,3.513200045,33056548
fb94bdc1,dsregpsoLSGO,4/17/2023 10:08,0:04:43,completed,Mmax=0.4 Smax=0.9 Smin=0.08 c1=2.0 c2=1.5 dseta=0.01 fdmax=1.0e-10 fdmin=1.0e-50 function=7.0 lambd=0.3 n=50,0.4,0.9,0.08,2,1.5,0.01,1.00E-10,1.00E-50,7,0.3,50,500000,2.416500092,35870076
bdc1d90e,dsregpsoLSGO,4/17/2023 9:44,0:04:50,completed,Mmax=0.4 Smax=0.9 Smin=0.03 c1=2.0 c2=1.5 dseta=0.01 fdmax=1.0e-10 fdmin=1.0e-50 function=7.0 lambd=0.3 n=50,0.4,0.9,0.03,2,1.5,0.01,1.00E-10,1.00E-50,7,0.3,50,500000,3.522399902,36932520
c6e6ef03,dsregpsoLSGO,4/17/2023 9:40,0:04:38,completed,Mmax=0.4 Smax=0.9 Smin=0.02 c1=2.0 c2=1.5 dseta=0.01 fdmax=1.0e-10 fdmin=1.0e-50 function=7.0 lambd=0.3 n=50,0.4,0.9,0.02,2,1.5,0.01,1.00E-10,1.00E-50,7,0.3,50,500000,3.768300056,37141464
6b834b13,dsregpsoLSGO,4/17/2023 10:18,0:04:49,completed,Mmax=0.4 Smax=0.9 Smin=0.1 c1=2.0 c2=1.5 dseta=0.01 fdmax=1.0e-10 fdmin=1.0e-50 function=7.0 lambd=0.3 n=50,0.4,0.9,0.1,2,1.5,0.01,1.00E-10,1.00E-50,7,0.3,50,500000,4.571499825,38751852
5119c3f3,dsregpsoLSGO,4/17/2023 9:49,0:04:43,completed,Mmax=0.4 Smax=0.9 Smin=0.04 c1=2.0 c2=1.5 dseta=0.01 fdmax=1.0e-10 fdmin=1.0e-50 function=7.0 lambd=0.3 n=50,0.4,0.9,0.04,2,1.5,0.01,1.00E-10,1.00E-50,7,0.3,50,500000,3.988199949,40295796
108a2025,dsregpsoLSGO,4/17/2023 9:35,0:04:26,completed,Mmax=0.4 Smax=0.9 Smin=0.01 c1=2.0 c2=1.5 dseta=0.01 fdmax=1.0e-10 fdmin=1.0e-50 function=7.0 lambd=0.3 n=50,0.4,0.9,0.01,2,1.5,0.01,1.00E-10,1.00E-50,7,0.3,50,500000,4.673500061,49860292
