run,operation,started,time,status,label,Mmax,Smax,Smin,c1,c2,dseta,fdmax,fdmin,function,lambd,n,step,global_best,mean_global_best
500a65bf,dsregpsoLSGO,28/06/2023 15:57,00:08:30,completed,Mmax=0.5 Smax=0.5 Smin=0.05 c1=2.0 c2=1.0 dseta=0.5 fdmax=1 fdmin=1.0e-25 function=14.0 lambd=0.4 n=40,0.5,0.5,0.05,2,1,0.5,1,1.00E-25,14,0.4,40,500000,1.295300007,4395522560
69c36bed,dsregpsoLSGO,28/06/2023 16:06,00:08:30,completed,Mmax=0.5 Smax=0.5 Smin=0.05 c1=2.0 c2=1.0 dseta=0.5 fdmax=1 fdmin=1.0e-25 function=14.0 lambd=0.4 n=50,0.5,0.5,0.05,2,1,0.5,1,1.00E-25,14,0.4,50,500000,1.266000032,6919556096
3badaa1d,dsregpsoLSGO,28/06/2023 16:40,00:08:31,completed,Mmax=0.5 Smax=0.5 Smin=0.05 c1=2.0 c2=1.0 dseta=0.5 fdmax=1 fdmin=1.0e-25 function=14.0 lambd=0.4 n=90,0.5,0.5,0.05,2,1,0.5,1,1.00E-25,14,0.4,90,450000,7.001999855,7528866304
5006621c,dsregpsoLSGO,28/06/2023 16:49,00:08:34,completed,Mmax=0.5 Smax=0.5 Smin=0.05 c1=2.0 c2=1.0 dseta=0.5 fdmax=1 fdmin=1.0e-25 function=14.0 lambd=0.4 n=100,0.5,0.5,0.05,2,1,0.5,1,1.00E-25,14,0.4,100,500000,8.103899956,9016232960
6de9624e,dsregpsoLSGO,28/06/2023 16:14,00:08:35,completed,Mmax=0.5 Smax=0.5 Smin=0.05 c1=2.0 c2=1.0 dseta=0.5 fdmax=1 fdmin=1.0e-25 function=14.0 lambd=0.4 n=60,0.5,0.5,0.05,2,1,0.5,1,1.00E-25,14,0.4,60,480000,2.767299891,9802566656
95a6720d,dsregpsoLSGO,28/06/2023 16:31,00:08:39,completed,Mmax=0.5 Smax=0.5 Smin=0.05 c1=2.0 c2=1.0 dseta=0.5 fdmax=1 fdmin=1.0e-25 function=14.0 lambd=0.4 n=80,0.5,0.5,0.05,2,1,0.5,1,1.00E-25,14,0.4,80,500000,1.392099977,9955499008
ec1c9c00,dsregpsoLSGO,28/06/2023 16:23,00:08:32,completed,Mmax=0.5 Smax=0.5 Smin=0.05 c1=2.0 c2=1.0 dseta=0.5 fdmax=1 fdmin=1.0e-25 function=14.0 lambd=0.4 n=70,0.5,0.5,0.05,2,1,0.5,1,1.00E-25,14,0.4,70,490000,5.922200203,10202063872
94653f78,dsregpsoLSGO,28/06/2023 15:49,00:08:37,completed,Mmax=0.5 Smax=0.5 Smin=0.05 c1=2.0 c2=1.0 dseta=0.5 fdmax=1 fdmin=1.0e-25 function=14.0 lambd=0.4 n=30,0.5,0.5,0.05,2,1,0.5,1,1.00E-25,14,0.4,30,480000,1.157999992,10312869888
9e7cb37e,dsregpsoLSGO,28/06/2023 15:12,00:09:42,completed,Mmax=0.5 Smax=0.5 Smin=0.05 c1=2.0 c2=1.0 dseta=0.5 fdmax=1 fdmin=1.0e-25 function=14.0 lambd=0.4 n=5,0.5,0.5,0.05,2,1,0.5,1,1.00E-25,14,0.4,5,500000,1.508200049,19763220480
847aabaf,dsregpsoLSGO,28/06/2023 15:39,00:09:04,completed,Mmax=0.5 Smax=0.5 Smin=0.05 c1=2.0 c2=1.0 dseta=0.5 fdmax=1 fdmin=1.0e-25 function=14.0 lambd=0.4 n=20,0.5,0.5,0.05,2,1,0.5,1,1.00E-25,14,0.4,20,500000,3.702199936,23402786816
e50af5c8,dsregpsoLSGO,28/06/2023 19:55,00:08:57,completed,Mmax=0.5 Smax=0.5 Smin=0.05 c1=2.0 c2=1.0 dseta=0.5 fdmax=1 fdmin=1.0e-25 function=14.0 lambd=0.4 n=10,0.5,0.5,0.05,2,1,0.5,1,1.00E-25,14,0.4,10,500000,6.157000065,28489156608
fb17152d,dsregpsoLSGO,28/06/2023 14:58,00:13:59,completed,Mmax=0.5 Smax=0.5 Smin=0.05 c1=2.0 c2=1.0 dseta=0.5 fdmax=1 fdmin=1.0e-25 function=14.0 lambd=0.4 n=1,0.5,0.5,0.05,2,1,0.5,1,1.00E-25,14,0.4,1,500000,7.379700184,41425805312
