run,operation,started,time,status,label,Mmax,Smax,Smin,c1,c2,dseta,fdmax,fdmin,function,lambd,n,step,global_best,mean_global_best
2d0b3c74,dsregpsoLSGO,02/06/2023 08:42,00:01:52,completed,Mmax=0.7 Smax=0.5 Smin=0.05 c1=2.0 c2=1.0 dseta=0.001 fdmax=1.0e-25 fdmin=1.0e-25 function=12.0 lambd=0.7 n=50,0.7,0.5,0.05,2,1,0.001,1.00E-25,1.00E-25,12,0.7,50,500000,1.518000007,162157.0313
c98b1b0d,dsregpsoLSGO,02/06/2023 08:40,00:02:14,completed,Mmax=0.7 Smax=0.5 Smin=0.05 c1=2.0 c2=1.0 dseta=0.001 fdmax=1.0e-25 fdmin=1.0e-50 function=12.0 lambd=0.7 n=50,0.7,0.5,0.05,2,1,0.001,1.00E-25,1.00E-50,12,0.7,50,500000,2.006400108,168113.1406
0d453ccf,dsregpsoLSGO,02/06/2023 08:38,00:01:52,completed,Mmax=0.7 Smax=0.5 Smin=0.05 c1=2.0 c2=1.0 dseta=0.001 fdmax=1.0e-25 fdmin=1.0e-100 function=12.0 lambd=0.7 n=50,0.7,0.5,0.05,2,1,0.001,1.00E-25,1.00E-100,12,0.7,50,500000,2.006400108,168113.1406
4d561f01,dsregpsoLSGO,02/06/2023 08:36,00:01:53,completed,Mmax=0.7 Smax=0.5 Smin=0.05 c1=2.0 c2=1.0 dseta=0.001 fdmax=1.0e-25 fdmin=1.0e-200 function=12.0 lambd=0.7 n=50,0.7,0.5,0.05,2,1,0.001,1.00E-25,1.00E-200,12,0.7,50,500000,2.006400108,168113.1406
c9e1c15f,dsregpsoLSGO,02/06/2023 08:53,00:02:48,completed,Mmax=0.7 Smax=0.5 Smin=0.05 c1=2.0 c2=1.0 dseta=0.001 fdmax=1.0e-25 fdmin=1 function=12.0 lambd=0.7 n=50,0.7,0.5,0.05,2,1,0.001,1.00E-25,1,12,0.7,50,500000,7.267799854,7.43101E+12
73e6221d,dsregpsoLSGO,02/06/2023 08:50,00:02:48,completed,Mmax=0.7 Smax=0.5 Smin=0.05 c1=2.0 c2=1.0 dseta=0.001 fdmax=1.0e-25 fdmin=0.1 function=12.0 lambd=0.7 n=50,0.7,0.5,0.05,2,1,0.001,1.00E-25,0.1,12,0.7,50,500000,7.267799854,7.43101E+12
fe38cd77,dsregpsoLSGO,02/06/2023 08:47,00:02:47,completed,Mmax=0.7 Smax=0.5 Smin=0.05 c1=2.0 c2=1.0 dseta=0.001 fdmax=1.0e-25 fdmin=1.0e-05 function=12.0 lambd=0.7 n=50,0.7,0.5,0.05,2,1,0.001,1.00E-25,1.00E-05,12,0.7,50,500000,7.267799854,7.43101E+12
33daf635,dsregpsoLSGO,02/06/2023 08:44,00:03:15,completed,Mmax=0.7 Smax=0.5 Smin=0.05 c1=2.0 c2=1.0 dseta=0.001 fdmax=1.0e-25 fdmin=1.0e-10 function=12.0 lambd=0.7 n=50,0.7,0.5,0.05,2,1,0.001,1.00E-25,1.00E-10,12,0.7,50,500000,7.267799854,7.43101E+12
