run,operation,started,time,status,label,Mmax,Smax,Smin,c1,c2,dseta,fdmax,fdmin,function,lambd,n,step,global_best,mean_global_best
67e2cb63,dsregpsoLSGO,24/01/2023 15:52,00:07:19,completed,Mmax=0.7 Smax=0.5 Smin=0.05 c1=2.0 c2=1.5 dseta=0.5 fdmax=1.0e-05 fdmin=1.0e-100 function=3.0 lambd=0.7 n=50,0.7,0.5,0.05,2,1.5,0.5,1.00E-05,1.00E-100,3,0.7,50,500000,2.006500006,20.06527901
c013c3f0,dsregpsoLSGO,24/01/2023 15:44,00:07:32,completed,Mmax=0.7 Smax=0.5 Smin=0.05 c1=2.0 c2=1.0 dseta=0.5 fdmax=1.0e-05 fdmin=1.0e-100 function=3.0 lambd=0.7 n=50,0.7,0.5,0.05,2,1,0.5,1.00E-05,1.00E-100,3,0.7,50,500000,2.050899982,20.50889969
10d5af8d,dsregpsoLSGO,24/01/2023 15:37,00:07:29,completed,Mmax=0.7 Smax=0.5 Smin=0.05 c1=2.0 c2=0.5 dseta=0.5 fdmax=1.0e-05 fdmin=1.0e-100 function=3.0 lambd=0.7 n=50,0.7,0.5,0.05,2,0.5,0.5,1.00E-05,1.00E-100,3,0.7,50,500000,2.081399918,20.73833275
7e8ec43f,dsregpsoLSGO,24/01/2023 15:29,00:07:33,completed,Mmax=0.7 Smax=0.5 Smin=0.05 c1=2.0 c2=0.0 dseta=0.5 fdmax=1.0e-05 fdmin=1.0e-100 function=3.0 lambd=0.7 n=50,0.7,0.5,0.05,2,0,0.5,1.00E-05,1.00E-100,3,0.7,50,500000,2.086800098,20.84437561
36c1e832,dsregpsoLSGO,24/01/2023 15:59,00:07:38,completed,Mmax=0.7 Smax=0.5 Smin=0.05 c1=2.0 c2=2.0 dseta=0.5 fdmax=1.0e-05 fdmin=1.0e-100 function=3.0 lambd=0.7 n=50,0.7,0.5,0.05,2,2,0.5,1.00E-05,1.00E-100,3,0.7,50,500000,2.101599932,21.01064301
