run,operation,started,time,status,label,Mmax,Smax,Smin,c1,c2,dseta,fdmax,fdmin,function,lambd,n,step,global_best,mean_global_best
f0e7a5b9,dsregpsoLSGO,11/01/2023 11:10,00:08:19,completed,Mmax=0.1 Smax=0.5 Smin=0.05 c1=2.0 c2=1.5 dseta=0.01 fdmax=0.1 fdmin=1.0e-50 function=2.0 lambd=1.9 n=50,0.1,0.5,0.05,2,1.5,0.01,0.1,1.00E-50,2,1.9,50,500000,5.806000233,6007.324707
222bf252,dsregpsoLSGO,11/01/2023 10:53,00:08:26,completed,Mmax=0.1 Smax=0.3 Smin=0.05 c1=2.0 c2=1.5 dseta=0.01 fdmax=0.1 fdmin=1.0e-50 function=2.0 lambd=1.9 n=50,0.1,0.3,0.05,2,1.5,0.01,0.1,1.00E-50,2,1.9,50,500000,5.926700115,6011.408691
7c935fd5,dsregpsoLSGO,11/01/2023 11:01,00:08:39,completed,Mmax=0.1 Smax=0.4 Smin=0.05 c1=2.0 c2=1.5 dseta=0.01 fdmax=0.1 fdmin=1.0e-50 function=2.0 lambd=1.9 n=50,0.1,0.4,0.05,2,1.5,0.01,0.1,1.00E-50,2,1.9,50,500000,6.116399765,6263.352051
6c110d08,dsregpsoLSGO,11/01/2023 11:18,00:08:30,completed,Mmax=0.1 Smax=0.6 Smin=0.05 c1=2.0 c2=1.5 dseta=0.01 fdmax=0.1 fdmin=1.0e-50 function=2.0 lambd=1.9 n=50,0.1,0.6,0.05,2,1.5,0.01,0.1,1.00E-50,2,1.9,50,500000,6.037799835,6285.171875
d2b05bc7,dsregpsoLSGO,11/01/2023 11:27,00:08:29,completed,Mmax=0.1 Smax=0.7 Smin=0.05 c1=2.0 c2=1.5 dseta=0.01 fdmax=0.1 fdmin=1.0e-50 function=2.0 lambd=1.9 n=50,0.1,0.7,0.05,2,1.5,0.01,0.1,1.00E-50,2,1.9,50,500000,6.005599976,6466.566895
f3224b87,dsregpsoLSGO,11/01/2023 11:35,00:08:25,completed,Mmax=0.1 Smax=0.8 Smin=0.05 c1=2.0 c2=1.5 dseta=0.01 fdmax=0.1 fdmin=1.0e-50 function=2.0 lambd=1.9 n=50,0.1,0.8,0.05,2,1.5,0.01,0.1,1.00E-50,2,1.9,50,500000,6.42110014,6532.213867
328be7b1,dsregpsoLSGO,11/01/2023 11:52,00:08:20,completed,Mmax=0.1 Smax=1.0 Smin=0.05 c1=2.0 c2=1.5 dseta=0.01 fdmax=0.1 fdmin=1.0e-50 function=2.0 lambd=1.9 n=50,0.1,1,0.05,2,1.5,0.01,0.1,1.00E-50,2,1.9,50,500000,6.420300007,6568.664063
ae0ff807,dsregpsoLSGO,11/01/2023 10:44,00:08:22,completed,Mmax=0.1 Smax=0.2 Smin=0.05 c1=2.0 c2=1.5 dseta=0.01 fdmax=0.1 fdmin=1.0e-50 function=2.0 lambd=1.9 n=50,0.1,0.2,0.05,2,1.5,0.01,0.1,1.00E-50,2,1.9,50,500000,6.838699818,6594.014648
a566a77a,dsregpsoLSGO,11/01/2023 11:44,00:08:28,completed,Mmax=0.1 Smax=0.9 Smin=0.05 c1=2.0 c2=1.5 dseta=0.01 fdmax=0.1 fdmin=1.0e-50 function=2.0 lambd=1.9 n=50,0.1,0.9,0.05,2,1.5,0.01,0.1,1.00E-50,2,1.9,50,500000,6.956799984,6623.159668
179680d1,dsregpsoLSGO,11/01/2023 10:36,00:08:32,completed,Mmax=0.1 Smax=0.1 Smin=0.05 c1=2.0 c2=1.5 dseta=0.01 fdmax=0.1 fdmin=1.0e-50 function=2.0 lambd=1.9 n=50,0.1,0.1,0.05,2,1.5,0.01,0.1,1.00E-50,2,1.9,50,500000,7.403999805,7910.796387
