run,operation,started,time,status,label,Mmax,Smax,Smin,c1,c2,dseta,fdmax,fdmin,function,lambd,n,step,global_best,mean_global_best
eda79710,dsregpsoLSGO,02/01/2023 08:20,00:06:22,completed,Mmax=0.0 Smax=0.5 Smin=0.05 c1=2.0 c2=1.5 dseta=0.05 fdmax=1.0e-200 fdmin=1.0e-200 function=1.0 lambd=0.7 n=50,0,0.5,0.05,2,1.5,0.05,1.00E-200,1.00E-200,1,0.7,50,500000,2.01760006,2390949
ca61c1c4,dsregpsoLSGO,02/01/2023 08:27,00:07:07,completed,Mmax=0.1 Smax=0.5 Smin=0.05 c1=2.0 c2=1.5 dseta=0.05 fdmax=1.0e-200 fdmin=1.0e-200 function=1.0 lambd=0.7 n=50,0.1,0.5,0.05,2,1.5,0.05,1.00E-200,1.00E-200,1,0.7,50,500000,2.789700031,2510452.25
ec6c8521,dsregpsoLSGO,02/01/2023 08:41,00:06:59,completed,Mmax=0.3 Smax=0.5 Smin=0.05 c1=2.0 c2=1.5 dseta=0.05 fdmax=1.0e-200 fdmin=1.0e-200 function=1.0 lambd=0.7 n=50,0.3,0.5,0.05,2,1.5,0.05,1.00E-200,1.00E-200,1,0.7,50,500000,2.985300064,2808599.75
d953faaf,dsregpsoLSGO,02/01/2023 08:34,00:07:32,completed,Mmax=0.2 Smax=0.5 Smin=0.05 c1=2.0 c2=1.5 dseta=0.05 fdmax=1.0e-200 fdmin=1.0e-200 function=1.0 lambd=0.7 n=50,0.2,0.5,0.05,2,1.5,0.05,1.00E-200,1.00E-200,1,0.7,50,500000,2.310899973,2973273
1fffbd2d,dsregpsoLSGO,02/01/2023 08:48,00:07:07,completed,Mmax=0.4 Smax=0.5 Smin=0.05 c1=2.0 c2=1.5 dseta=0.05 fdmax=1.0e-200 fdmin=1.0e-200 function=1.0 lambd=0.7 n=50,0.4,0.5,0.05,2,1.5,0.05,1.00E-200,1.00E-200,1,0.7,50,500000,2.805399895,3190989.5
1d435ed6,dsregpsoLSGO,02/01/2023 09:03,00:07:04,completed,Mmax=0.6 Smax=0.5 Smin=0.05 c1=2.0 c2=1.5 dseta=0.05 fdmax=1.0e-200 fdmin=1.0e-200 function=1.0 lambd=0.7 n=50,0.6,0.5,0.05,2,1.5,0.05,1.00E-200,1.00E-200,1,0.7,50,500000,3.64470005,3409018
847791c3,dsregpsoLSGO,02/01/2023 08:55,00:07:17,completed,Mmax=0.5 Smax=0.5 Smin=0.05 c1=2.0 c2=1.5 dseta=0.05 fdmax=1.0e-200 fdmin=1.0e-200 function=1.0 lambd=0.7 n=50,0.5,0.5,0.05,2,1.5,0.05,1.00E-200,1.00E-200,1,0.7,50,500000,3.153399944,3610634
b4fac89b,dsregpsoLSGO,02/01/2023 09:10,00:06:42,completed,Mmax=0.7 Smax=0.5 Smin=0.05 c1=2.0 c2=1.5 dseta=0.05 fdmax=1.0e-200 fdmin=1.0e-200 function=1.0 lambd=0.7 n=50,0.7,0.5,0.05,2,1.5,0.05,1.00E-200,1.00E-200,1,0.7,50,500000,6.428100109,5120364.5
1b7507b2,dsregpsoLSGO,02/01/2023 09:16,00:06:53,completed,Mmax=0.8 Smax=0.5 Smin=0.05 c1=2.0 c2=1.5 dseta=0.05 fdmax=1.0e-200 fdmin=1.0e-200 function=1.0 lambd=0.7 n=50,0.8,0.5,0.05,2,1.5,0.05,1.00E-200,1.00E-200,1,0.7,50,500000,9.132599831,8147150.5
7d27785f,dsregpsoLSGO,02/01/2023 09:23,00:06:42,completed,Mmax=0.9 Smax=0.5 Smin=0.05 c1=2.0 c2=1.5 dseta=0.05 fdmax=1.0e-200 fdmin=1.0e-200 function=1.0 lambd=0.7 n=50,0.9,0.5,0.05,2,1.5,0.05,1.00E-200,1.00E-200,1,0.7,50,500000,1.061699986,10690862
9b92e5e6,dsregpsoLSGO,02/01/2023 09:30,00:06:51,completed,Mmax=1.0 Smax=0.5 Smin=0.05 c1=2.0 c2=1.5 dseta=0.05 fdmax=1.0e-200 fdmin=1.0e-200 function=1.0 lambd=0.7 n=50,1,0.5,0.05,2,1.5,0.05,1.00E-200,1.00E-200,1,0.7,50,500000,1.469699979,16963516
6212dcc1,dsregpsoLSGO,02/01/2023 09:37,00:06:35,completed,Mmax=1.1 Smax=0.5 Smin=0.05 c1=2.0 c2=1.5 dseta=0.05 fdmax=1.0e-200 fdmin=1.0e-200 function=1.0 lambd=0.7 n=50,1.1,0.5,0.05,2,1.5,0.05,1.00E-200,1.00E-200,1,0.7,50,500000,2.620100021,27689476
85169197,dsregpsoLSGO,02/01/2023 09:44,00:06:43,completed,Mmax=1.2 Smax=0.5 Smin=0.05 c1=2.0 c2=1.5 dseta=0.05 fdmax=1.0e-200 fdmin=1.0e-200 function=1.0 lambd=0.7 n=50,1.2,0.5,0.05,2,1.5,0.05,1.00E-200,1.00E-200,1,0.7,50,500000,4.238999844,38277932
524acdb2,dsregpsoLSGO,02/01/2023 09:50,00:06:35,completed,Mmax=1.3 Smax=0.5 Smin=0.05 c1=2.0 c2=1.5 dseta=0.05 fdmax=1.0e-200 fdmin=1.0e-200 function=1.0 lambd=0.7 n=50,1.3,0.5,0.05,2,1.5,0.05,1.00E-200,1.00E-200,1,0.7,50,500000,7.236199856,57741224
