run,operation,started,time,status,label,Mmax,Smax,Smin,c1,c2,dseta,fdmax,fdmin,function,lambd,n,step,global_best,mean_global_best
c8f52839,dsregpsoLSGO,3/14/2023 17:35,0:08:40,completed,Mmax=0.7 Smax=0.5 Smin=0.05 c1=2.0 c2=1.0 dseta=0.001 fdmax=0.1 fdmin=1.0e-50 function=4.0 lambd=0.7 n=50,0.7,0.5,0.05,2,1,0.001,0.1,1.00E-50,4,0.7,50,500000,2.471100092,53807955968
54050925,dsregpsoLSGO,3/14/2023 17:44,0:08:49,completed,Mmax=0.7 Smax=0.5 Smin=0.05 c1=2.0 c2=1.0 dseta=0.001 fdmax=1 fdmin=1.0e-50 function=4.0 lambd=0.7 n=50,0.7,0.5,0.05,2,1,0.001,1,1.00E-50,4,0.7,50,500000,6.928199768,89931145216
e5e9f08c,dsregpsoLSGO,3/14/2023 17:17,0:08:46,completed,Mmax=0.7 Smax=0.5 Smin=0.05 c1=2.0 c2=1.0 dseta=0.001 fdmax=1.0e-10 fdmin=1.0e-50 function=4.0 lambd=0.7 n=50,0.7,0.5,0.05,2,1,0.001,1.00E-10,1.00E-50,4,0.7,50,500000,1.23969996,95747039232
878a4011,dsregpsoLSGO,3/14/2023 17:09,0:08:43,completed,Mmax=0.7 Smax=0.5 Smin=0.05 c1=2.0 c2=1.0 dseta=0.001 fdmax=1.0e-25 fdmin=1.0e-50 function=4.0 lambd=0.7 n=50,0.7,0.5,0.05,2,1,0.001,1.00E-25,1.00E-50,4,0.7,50,500000,3.315299988,1.02493E+11
1.50E+86,dsregpsoLSGO,3/14/2023 17:26,0:08:46,completed,Mmax=0.7 Smax=0.5 Smin=0.05 c1=2.0 c2=1.0 dseta=0.001 fdmax=1.0e-05 fdmin=1.0e-50 function=4.0 lambd=0.7 n=50,0.7,0.5,0.05,2,1,0.001,1.00E-05,1.00E-50,4,0.7,50,500000,6.830599785,1.12417E+11
6ffff66a,dsregpsoLSGO,3/14/2023 17:00,0:08:42,completed,Mmax=0.7 Smax=0.5 Smin=0.05 c1=2.0 c2=1.0 dseta=0.001 fdmax=1.0e-50 fdmin=1.0e-50 function=4.0 lambd=0.7 n=50,0.7,0.5,0.05,2,1,0.001,1.00E-50,1.00E-50,4,0.7,50,500000,3.004499912,1.64104E+11
69c61432,dsregpsoLSGO,3/14/2023 16:50,0:09:56,completed,Mmax=0.7 Smax=0.5 Smin=0.05 c1=2.0 c2=1.0 dseta=0.001 fdmax=1.0e-100 fdmin=1.0e-50 function=4.0 lambd=0.7 n=50,0.7,0.5,0.05,2,1,0.001,1.00E-100,1.00E-50,4,0.7,50,500000,1.670099974,1.49868E+13
feb31f88,dsregpsoLSGO,3/14/2023 16:40,0:10:05,completed,Mmax=0.7 Smax=0.5 Smin=0.05 c1=2.0 c2=1.0 dseta=0.001 fdmax=1.0e-200 fdmin=1.0e-50 function=4.0 lambd=0.7 n=50,0.7,0.5,0.05,2,1,0.001,1.00E-200,1.00E-50,4,0.7,50,500000,1.670099974,1.49868E+13
