run,operation,started,time,status,label,Mmax,Smax,Smin,c1,c2,dseta,fdmax,fdmin,function,lambd,n,step,global_best,mean_global_best
16ec35c5,dsregpsoLSGO,05/06/2023 11:42,00:01:54,completed,Mmax=0.3 Smax=0.5 Smin=0.05 c1=2.0 c2=0.1 dseta=0.01 fdmax=0.1 fdmin=1.0e-25 function=12.0 lambd=0.7 n=50,0.3,0.5,0.05,2,0.1,0.01,0.1,1.00E-25,12,0.7,50,500000,6.670899868,6591.331543
2693fe93,dsregpsoLSGO,05/06/2023 11:44,00:02:01,completed,Mmax=0.3 Smax=0.5 Smin=0.05 c1=2.0 c2=0.2 dseta=0.01 fdmax=0.1 fdmin=1.0e-25 function=12.0 lambd=0.7 n=50,0.3,0.5,0.05,2,0.2,0.01,0.1,1.00E-25,12,0.7,50,500000,6.678100109,6632.833496
b5550607,dsregpsoLSGO,05/06/2023 11:46,00:01:55,completed,Mmax=0.3 Smax=0.5 Smin=0.05 c1=2.0 c2=0.3 dseta=0.01 fdmax=0.1 fdmin=1.0e-25 function=12.0 lambd=0.7 n=50,0.3,0.5,0.05,2,0.3,0.01,0.1,1.00E-25,12,0.7,50,500000,6.232299805,6722.208008
8faf474b,dsregpsoLSGO,05/06/2023 11:41,00:01:55,completed,Mmax=0.3 Smax=0.5 Smin=0.05 c1=2.0 c2=0.0 dseta=0.01 fdmax=0.1 fdmin=1.0e-25 function=12.0 lambd=0.7 n=50,0.3,0.5,0.05,2,0,0.01,0.1,1.00E-25,12,0.7,50,500000,6.395500183,7216.709961
7e337cd9,dsregpsoLSGO,05/06/2023 11:52,00:01:55,completed,Mmax=0.3 Smax=0.5 Smin=0.05 c1=2.0 c2=0.6 dseta=0.01 fdmax=0.1 fdmin=1.0e-25 function=12.0 lambd=0.7 n=50,0.3,0.5,0.05,2,0.6,0.01,0.1,1.00E-25,12,0.7,50,500000,7.356100082,7263.716309
21329bff,dsregpsoLSGO,05/06/2023 11:48,00:01:55,completed,Mmax=0.3 Smax=0.5 Smin=0.05 c1=2.0 c2=0.4 dseta=0.01 fdmax=0.1 fdmin=1.0e-25 function=12.0 lambd=0.7 n=50,0.3,0.5,0.05,2,0.4,0.01,0.1,1.00E-25,12,0.7,50,500000,6.491600037,7576.154785
685eff8b,dsregpsoLSGO,05/06/2023 11:56,00:01:54,completed,Mmax=0.3 Smax=0.5 Smin=0.05 c1=2.0 c2=0.8 dseta=0.01 fdmax=0.1 fdmin=1.0e-25 function=12.0 lambd=0.7 n=50,0.3,0.5,0.05,2,0.8,0.01,0.1,1.00E-25,12,0.7,50,500000,7.10559988,7903.035645
784adcf9,dsregpsoLSGO,05/06/2023 11:50,00:01:55,completed,Mmax=0.3 Smax=0.5 Smin=0.05 c1=2.0 c2=0.5 dseta=0.01 fdmax=0.1 fdmin=1.0e-25 function=12.0 lambd=0.7 n=50,0.3,0.5,0.05,2,0.5,0.01,0.1,1.00E-25,12,0.7,50,500000,7.60860014,8151.673828
70607861,dsregpsoLSGO,05/06/2023 11:54,00:01:55,completed,Mmax=0.3 Smax=0.5 Smin=0.05 c1=2.0 c2=0.7 dseta=0.01 fdmax=0.1 fdmin=1.0e-25 function=12.0 lambd=0.7 n=50,0.3,0.5,0.05,2,0.7,0.01,0.1,1.00E-25,12,0.7,50,500000,9.243200302,8223.970703
e3c00b70,dsregpsoLSGO,05/06/2023 11:58,00:01:54,completed,Mmax=0.3 Smax=0.5 Smin=0.05 c1=2.0 c2=0.9 dseta=0.01 fdmax=0.1 fdmin=1.0e-25 function=12.0 lambd=0.7 n=50,0.3,0.5,0.05,2,0.9,0.01,0.1,1.00E-25,12,0.7,50,500000,8.590600014,8251.253906
e8e2b25e,dsregpsoLSGO,05/06/2023 12:00,00:02:08,completed,Mmax=0.3 Smax=0.5 Smin=0.05 c1=2.0 c2=1.0 dseta=0.01 fdmax=0.1 fdmin=1.0e-25 function=12.0 lambd=0.7 n=50,0.3,0.5,0.05,2,1,0.01,0.1,1.00E-25,12,0.7,50,500000,8.806900024,8794.775391
5621380f,dsregpsoLSGO,05/06/2023 12:02,00:01:56,completed,Mmax=0.3 Smax=0.5 Smin=0.05 c1=2.0 c2=1.1 dseta=0.01 fdmax=0.1 fdmin=1.0e-25 function=12.0 lambd=0.7 n=50,0.3,0.5,0.05,2,1.1,0.01,0.1,1.00E-25,12,0.7,50,500000,9.41740036,8884.158203
f463192f,dsregpsoLSGO,05/06/2023 12:04,00:01:54,completed,Mmax=0.3 Smax=0.5 Smin=0.05 c1=2.0 c2=1.2 dseta=0.01 fdmax=0.1 fdmin=1.0e-25 function=12.0 lambd=0.7 n=50,0.3,0.5,0.05,2,1.2,0.01,0.1,1.00E-25,12,0.7,50,500000,9.205699921,9741.619141
79c0bec8,dsregpsoLSGO,05/06/2023 12:06,00:01:55,completed,Mmax=0.3 Smax=0.5 Smin=0.05 c1=2.0 c2=1.3 dseta=0.01 fdmax=0.1 fdmin=1.0e-25 function=12.0 lambd=0.7 n=50,0.3,0.5,0.05,2,1.3,0.01,0.1,1.00E-25,12,0.7,50,500000,9.759200096,12214.25195
e4b9351a,dsregpsoLSGO,05/06/2023 12:08,00:01:55,completed,Mmax=0.3 Smax=0.5 Smin=0.05 c1=2.0 c2=1.5 dseta=0.01 fdmax=0.1 fdmin=1.0e-25 function=12.0 lambd=0.7 n=50,0.3,0.5,0.05,2,1.5,0.01,0.1,1.00E-25,12,0.7,50,500000,1.656299949,15411.30176
57b5f374,dsregpsoLSGO,05/06/2023 12:10,00:01:53,completed,Mmax=0.3 Smax=0.5 Smin=0.05 c1=2.0 c2=2.0 dseta=0.01 fdmax=0.1 fdmin=1.0e-25 function=12.0 lambd=0.7 n=50,0.3,0.5,0.05,2,2,0.01,0.1,1.00E-25,12,0.7,50,500000,3.961999893,373719520
