run,operation,started,time,status,label,Mmax,Smax,Smin,c1,c2,dseta,fdmax,fdmin,function,lambd,n,step,global_best,mean_global_best
356902d3,dsregpsoLSGO,3/15/2023 9:43,0:07:05,completed,Mmax=0.0 Smax=0.5 Smin=0.05 c1=2.0 c2=1.0 dseta=0.001 fdmax=0.1 fdmin=1.0e-50 function=4.0 lambd=0.7 n=50,0,0.5,0.05,2,1,0.001,0.1,1.00E-50,4,0.7,50,500000,1.211500049,17408933888
358c786b,dsregpsoLSGO,3/15/2023 9:50,0:07:14,completed,Mmax=0.1 Smax=0.5 Smin=0.05 c1=2.0 c2=1.0 dseta=0.001 fdmax=0.1 fdmin=1.0e-50 function=4.0 lambd=0.7 n=50,0.1,0.5,0.05,2,1,0.001,0.1,1.00E-50,4,0.7,50,500000,1.647500038,17522452480
379a1281,dsregpsoLSGO,3/15/2023 9:57,0:07:04,completed,Mmax=0.2 Smax=0.5 Smin=0.05 c1=2.0 c2=1.0 dseta=0.001 fdmax=0.1 fdmin=1.0e-50 function=4.0 lambd=0.7 n=50,0.2,0.5,0.05,2,1,0.001,0.1,1.00E-50,4,0.7,50,500000,1.601799965,18940471296
11364c56,dsregpsoLSGO,3/15/2023 10:04,0:07:11,completed,Mmax=0.3 Smax=0.5 Smin=0.05 c1=2.0 c2=1.0 dseta=0.001 fdmax=0.1 fdmin=1.0e-50 function=4.0 lambd=0.7 n=50,0.3,0.5,0.05,2,1,0.001,0.1,1.00E-50,4,0.7,50,500000,1.543400049,20151119872
17d560aa,dsregpsoLSGO,3/15/2023 10:11,0:07:03,completed,Mmax=0.4 Smax=0.5 Smin=0.05 c1=2.0 c2=1.0 dseta=0.001 fdmax=0.1 fdmin=1.0e-50 function=4.0 lambd=0.7 n=50,0.4,0.5,0.05,2,1,0.001,0.1,1.00E-50,4,0.7,50,500000,1.812899947,23533168640
ed441b56,dsregpsoLSGO,3/15/2023 10:18,0:07:15,completed,Mmax=0.5 Smax=0.5 Smin=0.05 c1=2.0 c2=1.0 dseta=0.001 fdmax=0.1 fdmin=1.0e-50 function=4.0 lambd=0.7 n=50,0.5,0.5,0.05,2,1,0.001,0.1,1.00E-50,4,0.7,50,500000,2.301000118,24280418304
e83c0e75,dsregpsoLSGO,3/15/2023 10:26,0:07:03,completed,Mmax=0.6 Smax=0.5 Smin=0.05 c1=2.0 c2=1.0 dseta=0.001 fdmax=0.1 fdmin=1.0e-50 function=4.0 lambd=0.7 n=50,0.6,0.5,0.05,2,1,0.001,0.1,1.00E-50,4,0.7,50,500000,1.985800028,27910236160
52dac897,dsregpsoLSGO,3/15/2023 10:33,0:07:12,completed,Mmax=0.7 Smax=0.5 Smin=0.05 c1=2.0 c2=1.0 dseta=0.001 fdmax=0.1 fdmin=1.0e-50 function=4.0 lambd=0.7 n=50,0.7,0.5,0.05,2,1,0.001,0.1,1.00E-50,4,0.7,50,500000,2.471100092,53807955968
482990c6,dsregpsoLSGO,3/15/2023 10:47,0:07:13,completed,Mmax=0.9 Smax=0.5 Smin=0.05 c1=2.0 c2=1.0 dseta=0.001 fdmax=0.1 fdmin=1.0e-50 function=4.0 lambd=0.7 n=50,0.9,0.5,0.05,2,1,0.001,0.1,1.00E-50,4,0.7,50,500000,7.12130022,90876444672
f3cb8109,dsregpsoLSGO,3/15/2023 10:40,0:07:01,completed,Mmax=0.8 Smax=0.5 Smin=0.05 c1=2.0 c2=1.0 dseta=0.001 fdmax=0.1 fdmin=1.0e-50 function=4.0 lambd=0.7 n=50,0.8,0.5,0.05,2,1,0.001,0.1,1.00E-50,4,0.7,50,500000,1.220600009,1.29111E+11
4a45ee25,dsregpsoLSGO,3/15/2023 10:54,0:08:10,completed,Mmax=1.0 Smax=0.5 Smin=0.05 c1=2.0 c2=1.0 dseta=0.001 fdmax=0.1 fdmin=1.0e-50 function=4.0 lambd=0.7 n=50,1,0.5,0.05,2,1,0.001,0.1,1.00E-50,4,0.7,50,500000,2.360599995,2.19226E+11
9336b85f,dsregpsoLSGO,3/15/2023 11:20,0:08:59,completed,Mmax=1.3 Smax=0.5 Smin=0.05 c1=2.0 c2=1.0 dseta=0.001 fdmax=0.1 fdmin=1.0e-50 function=4.0 lambd=0.7 n=50,1.3,0.5,0.05,2,1,0.001,0.1,1.00E-50,4,0.7,50,500000,1.055600047,2.48345E+11
7873d799,dsregpsoLSGO,3/15/2023 11:11,0:09:01,completed,Mmax=1.2 Smax=0.5 Smin=0.05 c1=2.0 c2=1.0 dseta=0.001 fdmax=0.1 fdmin=1.0e-50 function=4.0 lambd=0.7 n=50,1.2,0.5,0.05,2,1,0.001,0.1,1.00E-50,4,0.7,50,500000,2.903100014,3.2371E+11
7ac3d4cb,dsregpsoLSGO,3/15/2023 11:02,0:08:57,completed,Mmax=1.1 Smax=0.5 Smin=0.05 c1=2.0 c2=1.0 dseta=0.001 fdmax=0.1 fdmin=1.0e-50 function=4.0 lambd=0.7 n=50,1.1,0.5,0.05,2,1,0.001,0.1,1.00E-50,4,0.7,50,500000,5.734899998,3.74996E+11
