run,operation,started,time,status,label,Mmax,Smax,Smin,c1,c2,dseta,fdmax,fdmin,function,lambd,n,step,global_best,mean_global_best
ee8aad95,dsregpsoLSGO,5/13/2023 10:12,0:11:50,completed,Mmax=1.2 Smax=0.3 Smin=0.05 c1=2.0 c2=2.0 dseta=0.1 fdmax=1.0e-25 fdmin=1.0e-25 function=9.0 lambd=1.3 n=50,1.2,0.3,0.05,2,2,0.1,1.00E-25,1.00E-25,9,1.3,50,500000,4.295599937,512021088
41cc5619,dsregpsoLSGO,5/13/2023 9:48,0:12:31,completed,Mmax=1.2 Smax=0.3 Smin=0.03 c1=2.0 c2=2.0 dseta=0.1 fdmax=1.0e-25 fdmin=1.0e-25 function=9.0 lambd=1.3 n=50,1.2,0.3,0.03,2,2,0.1,1.00E-25,1.00E-25,9,1.3,50,500000,4.836900234,582332928
710bd2ea,dsregpsoLSGO,5/13/2023 10:00,0:11:48,completed,Mmax=1.2 Smax=0.3 Smin=0.04 c1=2.0 c2=2.0 dseta=0.1 fdmax=1.0e-25 fdmin=1.0e-25 function=9.0 lambd=1.3 n=50,1.2,0.3,0.04,2,2,0.1,1.00E-25,1.00E-25,9,1.3,50,500000,7.004000187,603466688
ec7f425b,dsregpsoLSGO,5/13/2023 10:24,0:12:19,completed,Mmax=1.2 Smax=0.3 Smin=0.06 c1=2.0 c2=2.0 dseta=0.1 fdmax=1.0e-25 fdmin=1.0e-25 function=9.0 lambd=1.3 n=50,1.2,0.3,0.06,2,2,0.1,1.00E-25,1.00E-25,9,1.3,50,500000,8.121100426,614279040
4a00eea6,dsregpsoLSGO,5/13/2023 10:36,0:11:46,completed,Mmax=1.2 Smax=0.3 Smin=0.07 c1=2.0 c2=2.0 dseta=0.1 fdmax=1.0e-25 fdmin=1.0e-25 function=9.0 lambd=1.3 n=50,1.2,0.3,0.07,2,2,0.1,1.00E-25,1.00E-25,9,1.3,50,500000,6.563399792,720614848
f57c55d1,dsregpsoLSGO,5/13/2023 10:48,0:11:53,completed,Mmax=1.2 Smax=0.3 Smin=0.08 c1=2.0 c2=2.0 dseta=0.1 fdmax=1.0e-25 fdmin=1.0e-25 function=9.0 lambd=1.3 n=50,1.2,0.3,0.08,2,2,0.1,1.00E-25,1.00E-25,9,1.3,50,500000,9.902000427,752465856
6ea47a54,dsregpsoLSGO,5/13/2023 9:36,0:12:07,completed,Mmax=1.2 Smax=0.3 Smin=0.02 c1=2.0 c2=2.0 dseta=0.1 fdmax=1.0e-25 fdmin=1.0e-25 function=9.0 lambd=1.3 n=50,1.2,0.3,0.02,2,2,0.1,1.00E-25,1.00E-25,9,1.3,50,500000,1.514700055,781052352
8420095e,dsregpsoLSGO,5/13/2023 11:12,0:11:43,completed,Mmax=1.2 Smax=0.3 Smin=0.1 c1=2.0 c2=2.0 dseta=0.1 fdmax=1.0e-25 fdmin=1.0e-25 function=9.0 lambd=1.3 n=50,1.2,0.3,0.1,2,2,0.1,1.00E-25,1.00E-25,9,1.3,50,500000,1.004600048,846785280
da35a4f5,dsregpsoLSGO,5/13/2023 11:00,0:11:45,completed,Mmax=1.2 Smax=0.3 Smin=0.09 c1=2.0 c2=2.0 dseta=0.1 fdmax=1.0e-25 fdmin=1.0e-25 function=9.0 lambd=1.3 n=50,1.2,0.3,0.09,2,2,0.1,1.00E-25,1.00E-25,9,1.3,50,500000,7.974599838,847190592
87c85f4a,dsregpsoLSGO,5/13/2023 9:24,0:11:52,completed,Mmax=1.2 Smax=0.3 Smin=0.01 c1=2.0 c2=2.0 dseta=0.1 fdmax=1.0e-25 fdmin=1.0e-25 function=9.0 lambd=1.3 n=50,1.2,0.3,0.01,2,2,0.1,1.00E-25,1.00E-25,9,1.3,50,500000,9.959300041,1497175168
