run,operation,started,time,status,label,Mmax,Smax,Smin,c1,c2,dseta,fdmax,fdmin,function,lambd,n,step,global_best,mean_global_best
1bc0bd92,dsregpsoLSGO,4/10/2023 16:12,0:03:51,completed,Mmax=0.7 Smax=0.5 Smin=0.05 c1=2.0 c2=1.0 dseta=0.001 fdmax=1.0e-25 fdmin=1.0e-50 function=7.0 lambd=0.7 n=50,0.7,0.5,0.05,2,1,0.001,1.00E-25,1.00E-50,7,0.7,50,500000,1.149500012,500736320
372cd5d4,dsregpsoLSGO,4/10/2023 16:08,0:03:55,completed,Mmax=0.7 Smax=0.5 Smin=0.05 c1=2.0 c2=1.0 dseta=0.001 fdmax=1.0e-25 fdmin=1.0e-100 function=7.0 lambd=0.7 n=50,0.7,0.5,0.05,2,1,0.001,1.00E-25,1.00E-100,7,0.7,50,500000,1.149500012,500736320
152969df,dsregpsoLSGO,4/10/2023 16:04,0:03:49,completed,Mmax=0.7 Smax=0.5 Smin=0.05 c1=2.0 c2=1.0 dseta=0.001 fdmax=1.0e-25 fdmin=1.0e-200 function=7.0 lambd=0.7 n=50,0.7,0.5,0.05,2,1,0.001,1.00E-25,1.00E-200,7,0.7,50,500000,1.149500012,500736320
f432fa38,dsregpsoLSGO,4/10/2023 16:16,0:03:50,completed,Mmax=0.7 Smax=0.5 Smin=0.05 c1=2.0 c2=1.0 dseta=0.001 fdmax=1.0e-25 fdmin=1.0e-25 function=7.0 lambd=0.7 n=50,0.7,0.5,0.05,2,1,0.001,1.00E-25,1.00E-25,7,0.7,50,500000,5.568200111,1122324096
d1c03063,dsregpsoLSGO,4/10/2023 16:34,0:04:51,completed,Mmax=0.7 Smax=0.5 Smin=0.05 c1=2.0 c2=1.0 dseta=0.001 fdmax=1.0e-25 fdmin=1 function=7.0 lambd=0.7 n=50,0.7,0.5,0.05,2,1,0.001,1.00E-25,1,7,0.7,50,500000,2.916399956,2.78797E+15
8ea4dc6d,dsregpsoLSGO,4/10/2023 16:29,0:04:50,completed,Mmax=0.7 Smax=0.5 Smin=0.05 c1=2.0 c2=1.0 dseta=0.001 fdmax=1.0e-25 fdmin=0.1 function=7.0 lambd=0.7 n=50,0.7,0.5,0.05,2,1,0.001,1.00E-25,0.1,7,0.7,50,500000,2.916399956,2.78797E+15
17469c04,dsregpsoLSGO,4/10/2023 16:25,0:04:51,completed,Mmax=0.7 Smax=0.5 Smin=0.05 c1=2.0 c2=1.0 dseta=0.001 fdmax=1.0e-25 fdmin=1.0e-05 function=7.0 lambd=0.7 n=50,0.7,0.5,0.05,2,1,0.001,1.00E-25,1.00E-05,7,0.7,50,500000,2.916399956,2.78797E+15
49e18871,dsregpsoLSGO,4/10/2023 16:20,0:04:57,completed,Mmax=0.7 Smax=0.5 Smin=0.05 c1=2.0 c2=1.0 dseta=0.001 fdmax=1.0e-25 fdmin=1.0e-10 function=7.0 lambd=0.7 n=50,0.7,0.5,0.05,2,1,0.001,1.00E-25,1.00E-10,7,0.7,50,500000,2.916399956,2.78797E+15
