run,operation,started,time,status,label,Mmax,Smax,Smin,c1,c2,dseta,fdmax,fdmin,function,lambd,n,step,global_best,mean_global_best
852bab63,dsregpsoLSGO,11/01/2023 08:58,00:08:45,completed,Mmax=0.1 Smax=0.5 Smin=0.05 c1=2.0 c2=1.5 dseta=0.01 fdmax=0.1 fdmin=1.0e-50 function=2.0 lambd=1.9 n=50,0.1,0.5,0.05,2,1.5,0.01,0.1,1.00E-50,2,1.9,50,500000,5.806000233,6007.324707
c6ee6f52,dsregpsoLSGO,11/01/2023 09:07,00:08:40,completed,Mmax=0.1 Smax=0.5 Smin=0.05 c1=2.0 c2=1.5 dseta=0.01 fdmax=0.1 fdmin=1.0e-50 function=2.0 lambd=2.0 n=50,0.1,0.5,0.05,2,1.5,0.01,0.1,1.00E-50,2,2,50,500000,6.191100121,6111.060547
59a9a9e9,dsregpsoLSGO,11/01/2023 08:50,00:08:20,completed,Mmax=0.1 Smax=0.5 Smin=0.05 c1=2.0 c2=1.5 dseta=0.01 fdmax=0.1 fdmin=1.0e-50 function=2.0 lambd=1.8 n=50,0.1,0.5,0.05,2,1.5,0.01,0.1,1.00E-50,2,1.8,50,500000,6.190199852,6212.021484
360c24d8,dsregpsoLSGO,11/01/2023 08:34,00:07:53,completed,Mmax=0.1 Smax=0.5 Smin=0.05 c1=2.0 c2=1.5 dseta=0.01 fdmax=0.1 fdmin=1.0e-50 function=2.0 lambd=1.6 n=50,0.1,0.5,0.05,2,1.5,0.01,0.1,1.00E-50,2,1.6,50,500000,6.206099987,6384.509277
e6d6fce9,dsregpsoLSGO,11/01/2023 08:42,00:07:57,completed,Mmax=0.1 Smax=0.5 Smin=0.05 c1=2.0 c2=1.5 dseta=0.01 fdmax=0.1 fdmin=1.0e-50 function=2.0 lambd=1.7 n=50,0.1,0.5,0.05,2,1.5,0.01,0.1,1.00E-50,2,1.7,50,500000,6.58949995,6457.655762
7fdaf028,dsregpsoLSGO,11/01/2023 08:25,00:08:15,completed,Mmax=0.1 Smax=0.5 Smin=0.05 c1=2.0 c2=1.5 dseta=0.01 fdmax=0.1 fdmin=1.0e-50 function=2.0 lambd=1.5 n=50,0.1,0.5,0.05,2,1.5,0.01,0.1,1.00E-50,2,1.5,50,500000,6.93170023,6645.121094
615a7c61,dsregpsoLSGO,11/01/2023 08:17,00:08:08,completed,Mmax=0.1 Smax=0.5 Smin=0.05 c1=2.0 c2=1.5 dseta=0.01 fdmax=0.1 fdmin=1.0e-50 function=2.0 lambd=1.4 n=50,0.1,0.5,0.05,2,1.5,0.01,0.1,1.00E-50,2,1.4,50,500000,6.791500092,6699.971191
f0712622,dsregpsoLSGO,10/01/2023 18:04,00:10:48,completed,Mmax=0.1 Smax=0.5 Smin=0.05 c1=2.0 c2=1.5 dseta=0.01 fdmax=0.1 fdmin=1.0e-50 function=2.0 lambd=1.3 n=50,0.1,0.5,0.05,2,1.5,0.01,0.1,1.00E-50,2,1.3,50,500000,7.269299984,6739.525879
ddfeced2,dsregpsoLSGO,10/01/2023 17:43,00:10:01,completed,Mmax=0.1 Smax=0.5 Smin=0.05 c1=2.0 c2=1.5 dseta=0.01 fdmax=0.1 fdmin=1.0e-50 function=2.0 lambd=1.1 n=50,0.1,0.5,0.05,2,1.5,0.01,0.1,1.00E-50,2,1.1,50,500000,6.96570015,6872.362305
d8ee1766,dsregpsoLSGO,10/01/2023 17:53,00:10:25,completed,Mmax=0.1 Smax=0.5 Smin=0.05 c1=2.0 c2=1.5 dseta=0.01 fdmax=0.1 fdmin=1.0e-50 function=2.0 lambd=1.2 n=50,0.1,0.5,0.05,2,1.5,0.01,0.1,1.00E-50,2,1.2,50,500000,7.28910017,6901.145508
fd7771ae,dsregpsoLSGO,10/01/2023 17:32,00:11:03,completed,Mmax=0.1 Smax=0.5 Smin=0.05 c1=2.0 c2=1.5 dseta=0.01 fdmax=0.1 fdmin=1.0e-50 function=2.0 lambd=1.0 n=50,0.1,0.5,0.05,2,1.5,0.01,0.1,1.00E-50,2,1,50,500000,7.068500042,7176.873535
884233de,dsregpsoLSGO,10/01/2023 17:22,00:10:08,completed,Mmax=0.1 Smax=0.5 Smin=0.05 c1=2.0 c2=1.5 dseta=0.01 fdmax=0.1 fdmin=1.0e-50 function=2.0 lambd=0.9 n=50,0.1,0.5,0.05,2,1.5,0.01,0.1,1.00E-50,2,0.9,50,500000,7.391699791,7266.604004
d06aaae7,dsregpsoLSGO,10/01/2023 17:12,00:10:14,completed,Mmax=0.1 Smax=0.5 Smin=0.05 c1=2.0 c2=1.5 dseta=0.01 fdmax=0.1 fdmin=1.0e-50 function=2.0 lambd=0.8 n=50,0.1,0.5,0.05,2,1.5,0.01,0.1,1.00E-50,2,0.8,50,500000,7.711400032,7571.08252
bc5ec9f0,dsregpsoLSGO,10/01/2023 17:01,00:10:58,completed,Mmax=0.1 Smax=0.5 Smin=0.05 c1=2.0 c2=1.5 dseta=0.01 fdmax=0.1 fdmin=1.0e-50 function=2.0 lambd=0.7 n=50,0.1,0.5,0.05,2,1.5,0.01,0.1,1.00E-50,2,0.7,50,500000,7.902200222,7945.34668
07d476ab,dsregpsoLSGO,10/01/2023 16:51,00:10:11,completed,Mmax=0.1 Smax=0.5 Smin=0.05 c1=2.0 c2=1.5 dseta=0.01 fdmax=0.1 fdmin=1.0e-50 function=2.0 lambd=0.6 n=50,0.1,0.5,0.05,2,1.5,0.01,0.1,1.00E-50,2,0.6,50,500000,8.628100395,8388.467773
34d60020,dsregpsoLSGO,10/01/2023 16:40,00:10:08,completed,Mmax=0.1 Smax=0.5 Smin=0.05 c1=2.0 c2=1.5 dseta=0.01 fdmax=0.1 fdmin=1.0e-50 function=2.0 lambd=0.5 n=50,0.1,0.5,0.05,2,1.5,0.01,0.1,1.00E-50,2,0.5,50,500000,9.272600174,9017.982422
8e6705f4,dsregpsoLSGO,10/01/2023 16:29,00:10:59,completed,Mmax=0.1 Smax=0.5 Smin=0.05 c1=2.0 c2=1.5 dseta=0.01 fdmax=0.1 fdmin=1.0e-50 function=2.0 lambd=0.4 n=50,0.1,0.5,0.05,2,1.5,0.01,0.1,1.00E-50,2,0.4,50,500000,1.029099941,10165.36816
7b760afd,dsregpsoLSGO,10/01/2023 16:19,00:10:29,completed,Mmax=0.1 Smax=0.5 Smin=0.05 c1=2.0 c2=1.5 dseta=0.01 fdmax=0.1 fdmin=1.0e-50 function=2.0 lambd=0.3 n=50,0.1,0.5,0.05,2,1.5,0.01,0.1,1.00E-50,2,0.3,50,500000,1.176699996,11815.7832
35c05bf0,dsregpsoLSGO,10/01/2023 16:09,00:10:13,completed,Mmax=0.1 Smax=0.5 Smin=0.05 c1=2.0 c2=1.5 dseta=0.01 fdmax=0.1 fdmin=1.0e-50 function=2.0 lambd=0.2 n=50,0.1,0.5,0.05,2,1.5,0.01,0.1,1.00E-50,2,0.2,50,500000,1.528800011,14806.90039
6bdf8cf1,dsregpsoLSGO,10/01/2023 15:57,00:11:33,completed,Mmax=0.1 Smax=0.5 Smin=0.05 c1=2.0 c2=1.5 dseta=0.01 fdmax=0.1 fdmin=1.0e-50 function=2.0 lambd=0.1 n=50,0.1,0.5,0.05,2,1.5,0.01,0.1,1.00E-50,2,0.1,50,500000,2.077300072,21207.21289
