run,operation,started,time,status,label,Mmax,Smax,Smin,c1,c2,dseta,fdmax,fdmin,function,lambd,n,step,global_best,mean_global_best
6a1dd265,dsregpsoLSGO,3/21/2023 10:51,0:10:13,completed,Mmax=1.3 Smax=0.5 Smin=0.05 c1=2.0 c2=2.0 dseta=0.05 fdmax=1 fdmin=1.0e-50 function=5.0 lambd=0.7 n=50,1.3,0.5,0.05,2,2,0.05,1,1.00E-50,5,0.7,50,500000,1.735000014,12895415
7e682570,dsregpsoLSGO,3/21/2023 10:20,0:10:09,completed,Mmax=1.3 Smax=0.5 Smin=0.05 c1=2.0 c2=1.2 dseta=0.05 fdmax=1 fdmin=1.0e-50 function=5.0 lambd=0.7 n=50,1.3,0.5,0.05,2,1.2,0.05,1,1.00E-50,5,0.7,50,500000,2.664000034,23354826
bbe90b82,dsregpsoLSGO,3/21/2023 10:31,0:10:25,completed,Mmax=1.3 Smax=0.5 Smin=0.05 c1=2.0 c2=1.3 dseta=0.05 fdmax=1 fdmin=1.0e-50 function=5.0 lambd=0.7 n=50,1.3,0.5,0.05,2,1.3,0.05,1,1.00E-50,5,0.7,50,500000,2.54189992,23942868
a0a5466c,dsregpsoLSGO,3/21/2023 8:47,0:10:35,completed,Mmax=1.3 Smax=0.5 Smin=0.05 c1=2.0 c2=0.3 dseta=0.05 fdmax=1 fdmin=1.0e-50 function=5.0 lambd=0.7 n=50,1.3,0.5,0.05,2,0.3,0.05,1,1.00E-50,5,0.7,50,500000,2.170599937,24018654
643fdcbc,dsregpsoLSGO,3/21/2023 8:58,0:10:30,completed,Mmax=1.3 Smax=0.5 Smin=0.05 c1=2.0 c2=0.4 dseta=0.05 fdmax=1 fdmin=1.0e-50 function=5.0 lambd=0.7 n=50,1.3,0.5,0.05,2,0.4,0.05,1,1.00E-50,5,0.7,50,500000,2.040800095,24458762
346a9ebd,dsregpsoLSGO,3/21/2023 10:00,0:10:12,completed,Mmax=1.3 Smax=0.5 Smin=0.05 c1=2.0 c2=1.0 dseta=0.05 fdmax=1 fdmin=1.0e-50 function=5.0 lambd=0.7 n=50,1.3,0.5,0.05,2,1,0.05,1,1.00E-50,5,0.7,50,500000,3.165600061,25174112
4.25E+09,dsregpsoLSGO,3/21/2023 8:37,0:10:39,completed,Mmax=1.3 Smax=0.5 Smin=0.05 c1=2.0 c2=0.2 dseta=0.05 fdmax=1 fdmin=1.0e-50 function=5.0 lambd=0.7 n=50,1.3,0.5,0.05,2,0.2,0.05,1,1.00E-50,5,0.7,50,500000,2.240400076,26075952
06fd0a77,dsregpsoLSGO,3/21/2023 9:29,0:10:34,completed,Mmax=1.3 Smax=0.5 Smin=0.05 c1=2.0 c2=0.7 dseta=0.05 fdmax=1 fdmin=1.0e-50 function=5.0 lambd=0.7 n=50,1.3,0.5,0.05,2,0.7,0.05,1,1.00E-50,5,0.7,50,500000,2.659100056,26213768
0fc42352,dsregpsoLSGO,3/21/2023 8:16,0:10:33,completed,Mmax=1.3 Smax=0.5 Smin=0.05 c1=2.0 c2=0.0 dseta=0.05 fdmax=1 fdmin=1.0e-50 function=5.0 lambd=0.7 n=50,1.3,0.5,0.05,2,0,0.05,1,1.00E-50,5,0.7,50,500000,2.374200106,26377412
6cf42475,dsregpsoLSGO,3/21/2023 9:40,0:10:11,completed,Mmax=1.3 Smax=0.5 Smin=0.05 c1=2.0 c2=0.8 dseta=0.05 fdmax=1 fdmin=1.0e-50 function=5.0 lambd=0.7 n=50,1.3,0.5,0.05,2,0.8,0.05,1,1.00E-50,5,0.7,50,500000,2.816499949,26945324
21022689,dsregpsoLSGO,3/21/2023 9:50,0:10:13,completed,Mmax=1.3 Smax=0.5 Smin=0.05 c1=2.0 c2=0.9 dseta=0.05 fdmax=1 fdmin=1.0e-50 function=5.0 lambd=0.7 n=50,1.3,0.5,0.05,2,0.9,0.05,1,1.00E-50,5,0.7,50,500000,2.496799946,27339066
5d97480d,dsregpsoLSGO,3/21/2023 10:10,0:10:14,completed,Mmax=1.3 Smax=0.5 Smin=0.05 c1=2.0 c2=1.1 dseta=0.05 fdmax=1 fdmin=1.0e-50 function=5.0 lambd=0.7 n=50,1.3,0.5,0.05,2,1.1,0.05,1,1.00E-50,5,0.7,50,500000,2.325799942,27738184
c2559ab5,dsregpsoLSGO,3/21/2023 9:19,0:10:22,completed,Mmax=1.3 Smax=0.5 Smin=0.05 c1=2.0 c2=0.6 dseta=0.05 fdmax=1 fdmin=1.0e-50 function=5.0 lambd=0.7 n=50,1.3,0.5,0.05,2,0.6,0.05,1,1.00E-50,5,0.7,50,500000,3.051800013,27741878
b6121923,dsregpsoLSGO,3/21/2023 10:41,0:10:07,completed,Mmax=1.3 Smax=0.5 Smin=0.05 c1=2.0 c2=1.5 dseta=0.05 fdmax=1 fdmin=1.0e-50 function=5.0 lambd=0.7 n=50,1.3,0.5,0.05,2,1.5,0.05,1,1.00E-50,5,0.7,50,500000,2.778399944,27844106
30198cad,dsregpsoLSGO,3/21/2023 9:08,0:10:14,completed,Mmax=1.3 Smax=0.5 Smin=0.05 c1=2.0 c2=0.5 dseta=0.05 fdmax=1 fdmin=1.0e-50 function=5.0 lambd=0.7 n=50,1.3,0.5,0.05,2,0.5,0.05,1,1.00E-50,5,0.7,50,500000,2.661499977,28153834
14456465,dsregpsoLSGO,3/21/2023 8:26,0:10:26,completed,Mmax=1.3 Smax=0.5 Smin=0.05 c1=2.0 c2=0.1 dseta=0.05 fdmax=1 fdmin=1.0e-50 function=5.0 lambd=0.7 n=50,1.3,0.5,0.05,2,0.1,0.05,1,1.00E-50,5,0.7,50,500000,2.656800032,29763780
