run,operation,started,time,status,label,Mmax,Smax,Smin,c1,c2,dseta,fdmax,fdmin,function,lambd,n,step,global_best,mean_global_best
3faf9de6,dsregpsoLSGO,06/01/2023 16:52,00:07:48,completed,Mmax=0.7 Smax=0.5 Smin=0.05 c1=2.0 c2=1.0 dseta=0.01 fdmax=0.1 fdmin=1.0e-50 function=2.0 lambd=0.7 n=50,0.7,0.5,0.05,2,1,0.01,0.1,1.00E-50,2,0.7,50,500000,1.976400018,19721.82617
ed1df0dd,dsregpsoLSGO,06/01/2023 16:59,00:08:05,completed,Mmax=0.7 Smax=0.5 Smin=0.05 c1=2.0 c2=1.0 dseta=0.05 fdmax=0.1 fdmin=1.0e-50 function=2.0 lambd=0.7 n=50,0.7,0.5,0.05,2,1,0.05,0.1,1.00E-50,2,0.7,50,500000,1.978999972,20166.16211
28d99367,dsregpsoLSGO,06/01/2023 17:07,00:07:46,completed,Mmax=0.7 Smax=0.5 Smin=0.05 c1=2.0 c2=1.0 dseta=0.1 fdmax=0.1 fdmin=1.0e-50 function=2.0 lambd=0.7 n=50,0.7,0.5,0.05,2,1,0.1,0.1,1.00E-50,2,0.7,50,500000,2.131599903,20233.2793
d9e65768,dsregpsoLSGO,06/01/2023 16:44,00:07:50,completed,Mmax=0.7 Smax=0.5 Smin=0.05 c1=2.0 c2=1.0 dseta=0.001 fdmax=0.1 fdmin=1.0e-50 function=2.0 lambd=0.7 n=50,0.7,0.5,0.05,2,1,0.001,0.1,1.00E-50,2,0.7,50,500000,2.115999937,20788.9082
ae81c7e2,dsregpsoLSGO,06/01/2023 17:15,00:08:01,completed,Mmax=0.7 Smax=0.5 Smin=0.05 c1=2.0 c2=1.0 dseta=0.5 fdmax=0.1 fdmin=1.0e-50 function=2.0 lambd=0.7 n=50,0.7,0.5,0.05,2,1,0.5,0.1,1.00E-50,2,0.7,50,500000,2.062799931,21023.70117
1c6a542e,dsregpsoLSGO,06/01/2023 16:36,00:08:10,completed,Mmax=0.7 Smax=0.5 Smin=0.05 c1=2.0 c2=1.0 dseta=0.0001 fdmax=0.1 fdmin=1.0e-50 function=2.0 lambd=0.7 n=50,0.7,0.5,0.05,2,1,0.0001,0.1,1.00E-50,2,0.7,50,500000,2.279599905,24077.40234
adf68a63,dsregpsoLSGO,06/01/2023 16:27,00:08:41,completed,Mmax=0.7 Smax=0.5 Smin=0.05 c1=2.0 c2=1.0 dseta=1.0e-05 fdmax=0.1 fdmin=1.0e-50 function=2.0 lambd=0.7 n=50,0.7,0.5,0.05,2,1,1.00E-05,0.1,1.00E-50,2,0.7,50,500000,2.522799969,26076.85547
