run,operation,started,time,status,label,Mmax,Smax,Smin,c1,c2,dseta,fdmax,fdmin,function,lambd,n,step,global_best,mean_global_best
6493f860,dsregpsoLSGO,4/4/2023 17:14,0:08:54,completed,Mmax=0.7 Smax=0.8 Smin=0.05 c1=2.0 c2=0.8 dseta=0.001 fdmax=1.0e-25 fdmin=1.0e-50 function=6.0 lambd=0.7 n=50,0.7,0.8,0.05,2,0.8,0.001,1.00E-25,1.00E-50,6,0.7,50,500000,1.045400023,1021433.813
49d88056,dsregpsoLSGO,4/4/2023 16:43,0:11:28,completed,Mmax=0.7 Smax=0.5 Smin=0.05 c1=2.0 c2=0.8 dseta=0.001 fdmax=1.0e-25 fdmin=1.0e-50 function=6.0 lambd=0.7 n=50,0.7,0.5,0.05,2,0.8,0.001,1.00E-25,1.00E-50,6,0.7,50,500000,1.010499954,1022618.313
7fda6225,dsregpsoLSGO,4/4/2023 16:09,0:11:08,completed,Mmax=0.7 Smax=0.2 Smin=0.05 c1=2.0 c2=0.8 dseta=0.001 fdmax=1.0e-25 fdmin=1.0e-50 function=6.0 lambd=0.7 n=50,0.7,0.2,0.05,2,0.8,0.001,1.00E-25,1.00E-50,6,0.7,50,500000,1.029800057,1023882.125
be1c802e,dsregpsoLSGO,4/4/2023 17:22,0:09:53,completed,Mmax=0.7 Smax=0.9 Smin=0.05 c1=2.0 c2=0.8 dseta=0.001 fdmax=1.0e-25 fdmin=1.0e-50 function=6.0 lambd=0.7 n=50,0.7,0.9,0.05,2,0.8,0.001,1.00E-25,1.00E-50,6,0.7,50,500000,1.010200024,1025008.938
f9ddb925,dsregpsoLSGO,4/4/2023 17:32,0:09:47,completed,Mmax=0.7 Smax=1.0 Smin=0.05 c1=2.0 c2=0.8 dseta=0.001 fdmax=1.0e-25 fdmin=1.0e-50 function=6.0 lambd=0.7 n=50,0.7,1,0.05,2,0.8,0.001,1.00E-25,1.00E-50,6,0.7,50,500000,1.047600031,1027999.75
428ba9fb,dsregpsoLSGO,4/4/2023 16:32,0:11:27,completed,Mmax=0.7 Smax=0.4 Smin=0.05 c1=2.0 c2=0.8 dseta=0.001 fdmax=1.0e-25 fdmin=1.0e-50 function=6.0 lambd=0.7 n=50,0.7,0.4,0.05,2,0.8,0.001,1.00E-25,1.00E-50,6,0.7,50,500000,1.019999981,1028491.125
0f3b1bd6,dsregpsoLSGO,4/4/2023 16:54,0:10:10,completed,Mmax=0.7 Smax=0.6 Smin=0.05 c1=2.0 c2=0.8 dseta=0.001 fdmax=1.0e-25 fdmin=1.0e-50 function=6.0 lambd=0.7 n=50,0.7,0.6,0.05,2,0.8,0.001,1.00E-25,1.00E-50,6,0.7,50,500000,1.03610003,1028680.5
f1ab53e6,dsregpsoLSGO,4/4/2023 16:20,0:11:19,completed,Mmax=0.7 Smax=0.3 Smin=0.05 c1=2.0 c2=0.8 dseta=0.001 fdmax=1.0e-25 fdmin=1.0e-50 function=6.0 lambd=0.7 n=50,0.7,0.3,0.05,2,0.8,0.001,1.00E-25,1.00E-50,6,0.7,50,500000,1.024500012,1031312.688
0eb4a8c3,dsregpsoLSGO,4/4/2023 17:05,0:08:53,completed,Mmax=0.7 Smax=0.7 Smin=0.05 c1=2.0 c2=0.8 dseta=0.001 fdmax=1.0e-25 fdmin=1.0e-50 function=6.0 lambd=0.7 n=50,0.7,0.7,0.05,2,0.8,0.001,1.00E-25,1.00E-50,6,0.7,50,500000,1.045899987,1034023.813
a79dd10e,dsregpsoLSGO,4/4/2023 15:58,0:11:05,completed,Mmax=0.7 Smax=0.1 Smin=0.05 c1=2.0 c2=0.8 dseta=0.001 fdmax=1.0e-25 fdmin=1.0e-50 function=6.0 lambd=0.7 n=50,0.7,0.1,0.05,2,0.8,0.001,1.00E-25,1.00E-50,6,0.7,50,500000,1.037199974,1035221.875
