run,operation,started,time,status,label,Mmax,Smax,Smin,c1,c2,dseta,fdmax,fdmin,function,lambd,n,step,global_best,mean_global_best
cd641115,dsregpsoLSGO,4/29/2023 18:09,0:10:13,completed,Mmax=0.6 Smax=0.5 Smin=0.05 c1=2.0 c2=1.0 dseta=0.05 fdmax=1.0e-10 fdmin=1.0e-25 function=8.0 lambd=0.7 n=50,0.6,0.5,0.05,2,1,0.05,1.00E-10,1.00E-25,8,0.7,50,500000,1.51789999,2.12795E+14
41d2fa18,dsregpsoLSGO,4/29/2023 17:48,0:10:15,completed,Mmax=0.4 Smax=0.5 Smin=0.05 c1=2.0 c2=1.0 dseta=0.05 fdmax=1.0e-10 fdmin=1.0e-25 function=8.0 lambd=0.7 n=50,0.4,0.5,0.05,2,1,0.05,1.00E-10,1.00E-25,8,0.7,50,500000,2.344199896,2.13108E+14
0a92dc87,dsregpsoLSGO,4/29/2023 18:19,0:10:16,completed,Mmax=0.7 Smax=0.5 Smin=0.05 c1=2.0 c2=1.0 dseta=0.05 fdmax=1.0e-10 fdmin=1.0e-25 function=8.0 lambd=0.7 n=50,0.7,0.5,0.05,2,1,0.05,1.00E-10,1.00E-25,8,0.7,50,500000,1.386299968,2.32656E+14
921c89a7,dsregpsoLSGO,4/29/2023 17:59,0:10:10,completed,Mmax=0.5 Smax=0.5 Smin=0.05 c1=2.0 c2=1.0 dseta=0.05 fdmax=1.0e-10 fdmin=1.0e-25 function=8.0 lambd=0.7 n=50,0.5,0.5,0.05,2,1,0.05,1.00E-10,1.00E-25,8,0.7,50,500000,2.025099993,2.38159E+14
c676767a,dsregpsoLSGO,4/29/2023 17:38,0:10:27,completed,Mmax=0.3 Smax=0.5 Smin=0.05 c1=2.0 c2=1.0 dseta=0.05 fdmax=1.0e-10 fdmin=1.0e-25 function=8.0 lambd=0.7 n=50,0.3,0.5,0.05,2,1,0.05,1.00E-10,1.00E-25,8,0.7,50,500000,2.495699883,2.43637E+14
d96a701e,dsregpsoLSGO,4/29/2023 17:28,0:10:14,completed,Mmax=0.2 Smax=0.5 Smin=0.05 c1=2.0 c2=1.0 dseta=0.05 fdmax=1.0e-10 fdmin=1.0e-25 function=8.0 lambd=0.7 n=50,0.2,0.5,0.05,2,1,0.05,1.00E-10,1.00E-25,8,0.7,50,500000,2.844399929,2.6118E+14
987155ea,dsregpsoLSGO,4/29/2023 17:17,0:10:14,completed,Mmax=0.1 Smax=0.5 Smin=0.05 c1=2.0 c2=1.0 dseta=0.05 fdmax=1.0e-10 fdmin=1.0e-25 function=8.0 lambd=0.7 n=50,0.1,0.5,0.05,2,1,0.05,1.00E-10,1.00E-25,8,0.7,50,500000,3.463399887,3.04487E+14
c8d1e6d7,dsregpsoLSGO,4/29/2023 17:07,0:10:13,completed,Mmax=0.0 Smax=0.5 Smin=0.05 c1=2.0 c2=1.0 dseta=0.05 fdmax=1.0e-10 fdmin=1.0e-25 function=8.0 lambd=0.7 n=50,0,0.5,0.05,2,1,0.05,1.00E-10,1.00E-25,8,0.7,50,500000,4.237699986,3.3403E+14
cfb4055c,dsregpsoLSGO,4/29/2023 18:39,0:10:14,completed,Mmax=0.9 Smax=0.5 Smin=0.05 c1=2.0 c2=1.0 dseta=0.05 fdmax=1.0e-10 fdmin=1.0e-25 function=8.0 lambd=0.7 n=50,0.9,0.5,0.05,2,1,0.05,1.00E-10,1.00E-25,8,0.7,50,500000,2.087599993,8.30024E+14
49b4f227,dsregpsoLSGO,4/29/2023 18:29,0:10:14,completed,Mmax=0.8 Smax=0.5 Smin=0.05 c1=2.0 c2=1.0 dseta=0.05 fdmax=1.0e-10 fdmin=1.0e-25 function=8.0 lambd=0.7 n=50,0.8,0.5,0.05,2,1,0.05,1.00E-10,1.00E-25,8,0.7,50,500000,1.920699954,8.39075E+14
e1911e89,dsregpsoLSGO,4/29/2023 18:50,0:10:14,completed,Mmax=1.0 Smax=0.5 Smin=0.05 c1=2.0 c2=1.0 dseta=0.05 fdmax=1.0e-10 fdmin=1.0e-25 function=8.0 lambd=0.7 n=50,1,0.5,0.05,2,1,0.05,1.00E-10,1.00E-25,8,0.7,50,500000,6.65530014,2.22487E+15
4.15E+18,dsregpsoLSGO,4/29/2023 19:21,0:10:11,completed,Mmax=1.3 Smax=0.5 Smin=0.05 c1=2.0 c2=1.0 dseta=0.05 fdmax=1.0e-10 fdmin=1.0e-25 function=8.0 lambd=0.7 n=50,1.3,0.5,0.05,2,1,0.05,1.00E-10,1.00E-25,8,0.7,50,500000,6.600599766,2.33929E+15
e60af39f,dsregpsoLSGO,4/29/2023 19:10,0:10:20,completed,Mmax=1.2 Smax=0.5 Smin=0.05 c1=2.0 c2=1.0 dseta=0.05 fdmax=1.0e-10 fdmin=1.0e-25 function=8.0 lambd=0.7 n=50,1.2,0.5,0.05,2,1,0.05,1.00E-10,1.00E-25,8,0.7,50,500000,8.423199654,4.83384E+15
3155a02f,dsregpsoLSGO,4/29/2023 19:00,0:10:11,completed,Mmax=1.1 Smax=0.5 Smin=0.05 c1=2.0 c2=1.0 dseta=0.05 fdmax=1.0e-10 fdmin=1.0e-25 function=8.0 lambd=0.7 n=50,1.1,0.5,0.05,2,1,0.05,1.00E-10,1.00E-25,8,0.7,50,500000,5.019299984,
