run,operation,started,time,status,label,Mmax,Smax,Smin,c1,c2,dseta,fdmax,fdmin,function,lambd,n,step,global_best,mean_global_best
f656ee54,dsregpsoLSGO,08/06/2023 08:34,00:06:56,completed,Mmax=0.3 Smax=0.1 Smin=0.1 c1=2.0 c2=0.1 dseta=0.01 fdmax=0.1 fdmin=1.0e-25 function=12.0 lambd=1.3 n=1,0.3,0.1,0.1,2,0.1,0.01,0.1,1.00E-25,12,1.3,1,500000,3.792900085,3583.880127
4b942760,dsregpsoLSGO,08/06/2023 08:44,00:02:51,completed,Mmax=0.3 Smax=0.1 Smin=0.1 c1=2.0 c2=0.1 dseta=0.01 fdmax=0.1 fdmin=1.0e-25 function=12.0 lambd=1.3 n=10,0.3,0.1,0.1,2,0.1,0.01,0.1,1.00E-25,12,1.3,10,500000,3.355700016,3687.2229
178457da,dsregpsoLSGO,08/06/2023 08:49,00:02:00,completed,Mmax=0.3 Smax=0.1 Smin=0.1 c1=2.0 c2=0.1 dseta=0.01 fdmax=0.1 fdmin=1.0e-25 function=12.0 lambd=1.3 n=30,0.3,0.1,0.1,2,0.1,0.01,0.1,1.00E-25,12,1.3,30,480000,4.509900093,5583.455078
f1baf668,dsregpsoLSGO,08/06/2023 08:41,00:02:55,completed,Mmax=0.3 Smax=0.1 Smin=0.1 c1=2.0 c2=0.1 dseta=0.01 fdmax=0.1 fdmin=1.0e-25 function=12.0 lambd=1.3 n=5,0.3,0.1,0.1,2,0.1,0.01,0.1,1.00E-25,12,1.3,5,500000,6.748300076,5719.39209
310eb006,dsregpsoLSGO,08/06/2023 08:53,00:01:56,completed,Mmax=0.3 Smax=0.1 Smin=0.1 c1=2.0 c2=0.1 dseta=0.01 fdmax=0.1 fdmin=1.0e-25 function=12.0 lambd=1.3 n=50,0.3,0.1,0.1,2,0.1,0.01,0.1,1.00E-25,12,1.3,50,500000,5.66989994,5737.771973
b45b1c94,dsregpsoLSGO,08/06/2023 08:47,00:02:11,completed,Mmax=0.3 Smax=0.1 Smin=0.1 c1=2.0 c2=0.1 dseta=0.01 fdmax=0.1 fdmin=1.0e-25 function=12.0 lambd=1.3 n=20,0.3,0.1,0.1,2,0.1,0.01,0.1,1.00E-25,12,1.3,20,500000,4.264400005,6403.940918
67df5232,dsregpsoLSGO,08/06/2023 08:55,00:01:55,completed,Mmax=0.3 Smax=0.1 Smin=0.1 c1=2.0 c2=0.1 dseta=0.01 fdmax=0.1 fdmin=1.0e-25 function=12.0 lambd=1.3 n=60,0.3,0.1,0.1,2,0.1,0.01,0.1,1.00E-25,12,1.3,60,480000,7.249499798,7244.117676
a7cdd2cf,dsregpsoLSGO,08/06/2023 08:51,00:01:58,completed,Mmax=0.3 Smax=0.1 Smin=0.1 c1=2.0 c2=0.1 dseta=0.01 fdmax=0.1 fdmin=1.0e-25 function=12.0 lambd=1.3 n=40,0.3,0.1,0.1,2,0.1,0.01,0.1,1.00E-25,12,1.3,40,500000,4.855000019,7506.239746
637857ea,dsregpsoLSGO,08/06/2023 08:57,00:01:56,completed,Mmax=0.3 Smax=0.1 Smin=0.1 c1=2.0 c2=0.1 dseta=0.01 fdmax=0.1 fdmin=1.0e-25 function=12.0 lambd=1.3 n=70,0.3,0.1,0.1,2,0.1,0.01,0.1,1.00E-25,12,1.3,70,490000,8.288999557,7804.081543
266c360a,dsregpsoLSGO,08/06/2023 08:59,00:02:09,completed,Mmax=0.3 Smax=0.1 Smin=0.1 c1=2.0 c2=0.1 dseta=0.01 fdmax=0.1 fdmin=1.0e-25 function=12.0 lambd=1.3 n=80,0.3,0.1,0.1,2,0.1,0.01,0.1,1.00E-25,12,1.3,80,500000,9.453900337,10480.93164
fce3e624,dsregpsoLSGO,08/06/2023 09:01,00:02:10,completed,Mmax=0.3 Smax=0.1 Smin=0.1 c1=2.0 c2=0.1 dseta=0.01 fdmax=0.1 fdmin=1.0e-25 function=12.0 lambd=1.3 n=90,0.3,0.1,0.1,2,0.1,0.01,0.1,1.00E-25,12,1.3,90,450000,1.900200009,11741.34863
22e4a8ef,dsregpsoLSGO,08/06/2023 09:03,00:02:03,completed,Mmax=0.3 Smax=0.1 Smin=0.1 c1=2.0 c2=0.1 dseta=0.01 fdmax=0.1 fdmin=1.0e-25 function=12.0 lambd=1.3 n=100,0.3,0.1,0.1,2,0.1,0.01,0.1,1.00E-25,12,1.3,100,500000,1.865700006,18184.86328
