run,operation,started,time,status,label,Mmax,Smax,Smin,c1,c2,dseta,fdmax,fdmin,function,lambd,n,step,global_best,mean_global_best
bbfc2da3,dsregpsoLSGO,07/07/2023 10:33,00:05:51,completed,Mmax=0.4 Smax=0.5 Smin=0.05 c1=2.0 c2=1.3 dseta=0.01 fdmax=1.0e-25 fdmin=1.0e-50 function=15.0 lambd=0.6 n=50,0.4,0.5,0.05,2,1.3,0.01,1.00E-25,1.00E-50,15,0.6,50,500000,3.087599993,3011208.75
dfde0202,dsregpsoLSGO,07/07/2023 10:15,00:05:51,completed,Mmax=0.4 Smax=0.5 Smin=0.05 c1=2.0 c2=1.3 dseta=0.01 fdmax=1.0e-25 fdmin=1.0e-50 function=15.0 lambd=0.3 n=50,0.4,0.5,0.05,2,1.3,0.01,1.00E-25,1.00E-50,15,0.3,50,500000,2.923700094,3078019
7de1ae4c,dsregpsoLSGO,07/07/2023 10:27,00:05:46,completed,Mmax=0.4 Smax=0.5 Smin=0.05 c1=2.0 c2=1.3 dseta=0.01 fdmax=1.0e-25 fdmin=1.0e-50 function=15.0 lambd=0.5 n=50,0.4,0.5,0.05,2,1.3,0.01,1.00E-25,1.00E-50,15,0.5,50,500000,3.049400091,3106483.75
6d5ae7d1,dsregpsoLSGO,07/07/2023 10:21,00:05:43,completed,Mmax=0.4 Smax=0.5 Smin=0.05 c1=2.0 c2=1.3 dseta=0.01 fdmax=1.0e-25 fdmin=1.0e-50 function=15.0 lambd=0.4 n=50,0.4,0.5,0.05,2,1.3,0.01,1.00E-25,1.00E-50,15,0.4,50,500000,3.211400032,3110720.25
e2ab1dbc,dsregpsoLSGO,07/07/2023 10:44,00:05:51,completed,Mmax=0.4 Smax=0.5 Smin=0.05 c1=2.0 c2=1.3 dseta=0.01 fdmax=1.0e-25 fdmin=1.0e-50 function=15.0 lambd=0.8 n=50,0.4,0.5,0.05,2,1.3,0.01,1.00E-25,1.00E-50,15,0.8,50,500000,3.295599937,3118881.25
ae5c60a5,dsregpsoLSGO,07/07/2023 10:50,00:05:45,completed,Mmax=0.4 Smax=0.5 Smin=0.05 c1=2.0 c2=1.3 dseta=0.01 fdmax=1.0e-25 fdmin=1.0e-50 function=15.0 lambd=0.9 n=50,0.4,0.5,0.05,2,1.3,0.01,1.00E-25,1.00E-50,15,0.9,50,500000,3.48939991,3214746
8dae0aad,dsregpsoLSGO,07/07/2023 10:39,00:05:45,completed,Mmax=0.4 Smax=0.5 Smin=0.05 c1=2.0 c2=1.3 dseta=0.01 fdmax=1.0e-25 fdmin=1.0e-50 function=15.0 lambd=0.7 n=50,0.4,0.5,0.05,2,1.3,0.01,1.00E-25,1.00E-50,15,0.7,50,500000,3.398299932,3307488.25
df849908,dsregpsoLSGO,07/07/2023 11:08,00:05:44,completed,Mmax=0.4 Smax=0.5 Smin=0.05 c1=2.0 c2=1.3 dseta=0.01 fdmax=1.0e-25 fdmin=1.0e-50 function=15.0 lambd=1.2 n=50,0.4,0.5,0.05,2,1.3,0.01,1.00E-25,1.00E-50,15,1.2,50,500000,3.639100075,3404697.25
e38020b1,dsregpsoLSGO,07/07/2023 11:02,00:06:17,completed,Mmax=0.4 Smax=0.5 Smin=0.05 c1=2.0 c2=1.3 dseta=0.01 fdmax=1.0e-25 fdmin=1.0e-50 function=15.0 lambd=1.1 n=50,0.4,0.5,0.05,2,1.3,0.01,1.00E-25,1.00E-50,15,1.1,50,500000,3.261300087,3432390.75
3fe7d4fd,dsregpsoLSGO,07/07/2023 10:09,00:05:57,completed,Mmax=0.4 Smax=0.5 Smin=0.05 c1=2.0 c2=1.3 dseta=0.01 fdmax=1.0e-25 fdmin=1.0e-50 function=15.0 lambd=0.2 n=50,0.4,0.5,0.05,2,1.3,0.01,1.00E-25,1.00E-50,15,0.2,50,500000,3.456199884,3459087.5
e3d399b3,dsregpsoLSGO,07/07/2023 10:56,00:05:45,completed,Mmax=0.4 Smax=0.5 Smin=0.05 c1=2.0 c2=1.3 dseta=0.01 fdmax=1.0e-25 fdmin=1.0e-50 function=15.0 lambd=1.0 n=50,0.4,0.5,0.05,2,1.3,0.01,1.00E-25,1.00E-50,15,1,50,500000,3.427599907,3469215.5
04b6fb44,dsregpsoLSGO,07/07/2023 11:14,00:05:49,completed,Mmax=0.4 Smax=0.5 Smin=0.05 c1=2.0 c2=1.3 dseta=0.01 fdmax=1.0e-25 fdmin=1.0e-50 function=15.0 lambd=1.3 n=50,0.4,0.5,0.05,2,1.3,0.01,1.00E-25,1.00E-50,15,1.3,50,500000,4.004700184,3586425.25
b5d4dc6f,dsregpsoLSGO,07/07/2023 10:03,00:06:01,completed,Mmax=0.4 Smax=0.5 Smin=0.05 c1=2.0 c2=1.3 dseta=0.01 fdmax=1.0e-25 fdmin=1.0e-50 function=15.0 lambd=0.1 n=50,0.4,0.5,0.05,2,1.3,0.01,1.00E-25,1.00E-50,15,0.1,50,500000,5.104100227,5012124
