run,operation,started,time,status,label,Mmax,Smax,Smin,c1,c2,dseta,fdmax,fdmin,function,lambd,n,step,global_best,mean_global_best
2db36379,dsregpsoLSGO,04/01/2023 09:17,00:06:35,completed,Mmax=0.0 Smax=1.5 Smin=0.02 c1=2.0 c2=1.5 dseta=0.05 fdmax=1.0e-200 fdmin=1.0e-200 function=1.0 lambd=0.7 n=50,0,1.5,0.02,2,1.5,0.05,1.00E-200,1.00E-200,1,0.7,50,500000,2.24180007,2112664.75
d8b7ed0e,dsregpsoLSGO,04/01/2023 09:04,00:07:20,completed,Mmax=0.0 Smax=1.5 Smin=0.02 c1=2.0 c2=1.5 dseta=0.05 fdmax=1.0e-200 fdmin=1.0e-200 function=1.0 lambd=0.7 n=30,0,1.5,0.02,2,1.5,0.05,1.00E-200,1.00E-200,1,0.7,30,480000,2.734200001,2567658.75
f99c8833,dsregpsoLSGO,04/01/2023 09:11,00:06:24,completed,Mmax=0.0 Smax=1.5 Smin=0.02 c1=2.0 c2=1.5 dseta=0.05 fdmax=1.0e-200 fdmin=1.0e-200 function=1.0 lambd=0.7 n=40,0,1.5,0.02,2,1.5,0.05,1.00E-200,1.00E-200,1,0.7,40,500000,2.72510004,2895395.75
3cda9eff,dsregpsoLSGO,04/01/2023 08:56,00:07:29,completed,Mmax=0.0 Smax=1.5 Smin=0.02 c1=2.0 c2=1.5 dseta=0.05 fdmax=1.0e-200 fdmin=1.0e-200 function=1.0 lambd=0.7 n=20,0,1.5,0.02,2,1.5,0.05,1.00E-200,1.00E-200,1,0.7,20,500000,3.245599985,3764899.25
26cc1d9e,dsregpsoLSGO,04/01/2023 09:24,00:06:23,completed,Mmax=0.0 Smax=1.5 Smin=0.02 c1=2.0 c2=1.5 dseta=0.05 fdmax=1.0e-200 fdmin=1.0e-200 function=1.0 lambd=0.7 n=60,0,1.5,0.02,2,1.5,0.05,1.00E-200,1.00E-200,1,0.7,60,480000,5.818099976,4254375
631baa13,dsregpsoLSGO,04/01/2023 08:47,00:09:19,completed,Mmax=0.0 Smax=1.5 Smin=0.02 c1=2.0 c2=1.5 dseta=0.05 fdmax=1.0e-200 fdmin=1.0e-200 function=1.0 lambd=0.7 n=10,0,1.5,0.02,2,1.5,0.05,1.00E-200,1.00E-200,1,0.7,10,500000,5.024199963,4411877.5
1b5b1e34,dsregpsoLSGO,04/01/2023 09:30,00:06:43,completed,Mmax=0.0 Smax=1.5 Smin=0.02 c1=2.0 c2=1.5 dseta=0.05 fdmax=1.0e-200 fdmin=1.0e-200 function=1.0 lambd=0.7 n=70,0,1.5,0.02,2,1.5,0.05,1.00E-200,1.00E-200,1,0.7,70,490000,7.025100231,6481513.5
1e936c1d,dsregpsoLSGO,04/01/2023 08:37,00:09:52,completed,Mmax=0.0 Smax=1.5 Smin=0.02 c1=2.0 c2=1.5 dseta=0.05 fdmax=1.0e-200 fdmin=1.0e-200 function=1.0 lambd=0.7 n=5,0,1.5,0.02,2,1.5,0.05,1.00E-200,1.00E-200,1,0.7,5,500000,9.518699646,7888380
63f14338,dsregpsoLSGO,04/01/2023 09:37,00:06:58,completed,Mmax=0.0 Smax=1.5 Smin=0.02 c1=2.0 c2=1.5 dseta=0.05 fdmax=1.0e-200 fdmin=1.0e-200 function=1.0 lambd=0.7 n=80,0,1.5,0.02,2,1.5,0.05,1.00E-200,1.00E-200,1,0.7,80,500000,9.304200172,8946957
54582033,dsregpsoLSGO,04/01/2023 09:44,00:08:09,completed,Mmax=0.0 Smax=1.5 Smin=0.02 c1=2.0 c2=1.5 dseta=0.05 fdmax=1.0e-200 fdmin=1.0e-200 function=1.0 lambd=0.7 n=90,0,1.5,0.02,2,1.5,0.05,1.00E-200,1.00E-200,1,0.7,90,450000,1.915799975,17552608
2f47052a,dsregpsoLSGO,04/01/2023 09:52,00:08:39,completed,Mmax=0.0 Smax=1.5 Smin=0.02 c1=2.0 c2=1.5 dseta=0.05 fdmax=1.0e-200 fdmin=1.0e-200 function=1.0 lambd=0.7 n=100,0,1.5,0.02,2,1.5,0.05,1.00E-200,1.00E-200,1,0.7,100,500000,3.851599932,22848118
0b299ab2,dsregpsoLSGO,04/01/2023 08:25,00:11:56,completed,Mmax=0.0 Smax=1.5 Smin=0.02 c1=2.0 c2=1.5 dseta=0.05 fdmax=1.0e-200 fdmin=1.0e-200 function=1.0 lambd=0.7 n=1,0,1.5,0.02,2,1.5,0.05,1.00E-200,1.00E-200,1,0.7,1,500000,5.518099785,51036776
