run,operation,started,time,status,label,Mmax,Smax,Smin,c1,c2,dseta,fdmax,fdmin,function,lambd,n,step,global_best,mean_global_best
720cdb02,dsregpsoLSGO,4/11/2023 11:10,0:04:31,completed,Mmax=0.4 Smax=0.5 Smin=0.05 c1=2.0 c2=1.0 dseta=0.01 fdmax=1.0e-10 fdmin=1.0e-50 function=7.0 lambd=0.7 n=50,0.4,0.5,0.05,2,1,0.01,1.00E-10,1.00E-50,7,0.7,50,500000,4.346899986,42872060
3b6e8655,dsregpsoLSGO,4/11/2023 11:19,0:04:19,completed,Mmax=0.6 Smax=0.5 Smin=0.05 c1=2.0 c2=1.0 dseta=0.01 fdmax=1.0e-10 fdmin=1.0e-50 function=7.0 lambd=0.7 n=50,0.6,0.5,0.05,2,1,0.01,1.00E-10,1.00E-50,7,0.7,50,500000,2.945100069,51439144
4314b0ba,dsregpsoLSGO,4/11/2023 11:24,0:04:17,completed,Mmax=0.7 Smax=0.5 Smin=0.05 c1=2.0 c2=1.0 dseta=0.01 fdmax=1.0e-10 fdmin=1.0e-50 function=7.0 lambd=0.7 n=50,0.7,0.5,0.05,2,1,0.01,1.00E-10,1.00E-50,7,0.7,50,500000,3.15260005,52109500
70fd38f8,dsregpsoLSGO,4/11/2023 11:15,0:04:34,completed,Mmax=0.5 Smax=0.5 Smin=0.05 c1=2.0 c2=1.0 dseta=0.01 fdmax=1.0e-10 fdmin=1.0e-50 function=7.0 lambd=0.7 n=50,0.5,0.5,0.05,2,1,0.01,1.00E-10,1.00E-50,7,0.7,50,500000,5.353600025,53857828
da429c22,dsregpsoLSGO,4/11/2023 11:06,0:04:12,completed,Mmax=0.3 Smax=0.5 Smin=0.05 c1=2.0 c2=1.0 dseta=0.01 fdmax=1.0e-10 fdmin=1.0e-50 function=7.0 lambd=0.7 n=50,0.3,0.5,0.05,2,1,0.01,1.00E-10,1.00E-50,7,0.7,50,500000,6.077499866,56064852
aa71f7f1,dsregpsoLSGO,4/11/2023 11:02,0:03:57,completed,Mmax=0.2 Smax=0.5 Smin=0.05 c1=2.0 c2=1.0 dseta=0.01 fdmax=1.0e-10 fdmin=1.0e-50 function=7.0 lambd=0.7 n=50,0.2,0.5,0.05,2,1,0.01,1.00E-10,1.00E-50,7,0.7,50,500000,9.449199677,69912848
53d3af16,dsregpsoLSGO,4/11/2023 10:58,0:04:21,completed,Mmax=0.1 Smax=0.5 Smin=0.05 c1=2.0 c2=1.0 dseta=0.01 fdmax=1.0e-10 fdmin=1.0e-50 function=7.0 lambd=0.7 n=50,0.1,0.5,0.05,2,1,0.01,1.00E-10,1.00E-50,7,0.7,50,500000,1.100499988,77426656
1de15ea7,dsregpsoLSGO,4/11/2023 10:53,0:04:14,completed,Mmax=0.0 Smax=0.5 Smin=0.05 c1=2.0 c2=1.0 dseta=0.01 fdmax=1.0e-10 fdmin=1.0e-50 function=7.0 lambd=0.7 n=50,0,0.5,0.05,2,1,0.01,1.00E-10,1.00E-50,7,0.7,50,500000,7.423500061,82235848
5dfd14ec,dsregpsoLSGO,4/11/2023 11:28,0:04:38,completed,Mmax=0.8 Smax=0.5 Smin=0.05 c1=2.0 c2=1.0 dseta=0.01 fdmax=1.0e-10 fdmin=1.0e-50 function=7.0 lambd=0.7 n=50,0.8,0.5,0.05,2,1,0.01,1.00E-10,1.00E-50,7,0.7,50,500000,1.461099982,1038451328
41f98c08,dsregpsoLSGO,4/11/2023 11:33,0:04:43,completed,Mmax=0.9 Smax=0.5 Smin=0.05 c1=2.0 c2=1.0 dseta=0.01 fdmax=1.0e-10 fdmin=1.0e-50 function=7.0 lambd=0.7 n=50,0.9,0.5,0.05,2,1,0.01,1.00E-10,1.00E-50,7,0.7,50,500000,7.507699966,1660848640
c5af8f5c,dsregpsoLSGO,4/11/2023 11:37,0:04:22,completed,Mmax=1.0 Smax=0.5 Smin=0.05 c1=2.0 c2=1.0 dseta=0.01 fdmax=1.0e-10 fdmin=1.0e-50 function=7.0 lambd=0.7 n=50,1,0.5,0.05,2,1,0.01,1.00E-10,1.00E-50,7,0.7,50,500000,5.703499794,4377417728
768a6642,dsregpsoLSGO,4/11/2023 11:42,0:04:32,completed,Mmax=1.1 Smax=0.5 Smin=0.05 c1=2.0 c2=1.0 dseta=0.01 fdmax=1.0e-10 fdmin=1.0e-50 function=7.0 lambd=0.7 n=50,1.1,0.5,0.05,2,1,0.01,1.00E-10,1.00E-50,7,0.7,50,500000,2.529099941,14923141120
af9f9940,dsregpsoLSGO,4/11/2023 11:51,0:04:22,completed,Mmax=1.3 Smax=0.5 Smin=0.05 c1=2.0 c2=1.0 dseta=0.01 fdmax=1.0e-10 fdmin=1.0e-50 function=7.0 lambd=0.7 n=50,1.3,0.5,0.05,2,1,0.01,1.00E-10,1.00E-50,7,0.7,50,500000,8.011099815,15069594624
2c300272,dsregpsoLSGO,4/11/2023 11:46,0:04:26,completed,Mmax=1.2 Smax=0.5 Smin=0.05 c1=2.0 c2=1.0 dseta=0.01 fdmax=1.0e-10 fdmin=1.0e-50 function=7.0 lambd=0.7 n=50,1.2,0.5,0.05,2,1,0.01,1.00E-10,1.00E-50,7,0.7,50,500000,2.029299974,40047693824
