run,operation,started,time,status,label,Mmax,Smax,Smin,c1,c2,dseta,fdmax,fdmin,function,lambd,n,step,global_best,mean_global_best
a353e304,dsregpsoLSGO,07/07/2023 17:39,00:05:56,completed,Mmax=0.4 Smax=0.9 Smin=0.05 c1=2.0 c2=1.3 dseta=0.01 fdmax=1.0e-25 fdmin=1.0e-50 function=15.0 lambd=0.6 n=30,0.4,0.9,0.05,2,1.3,0.01,1.00E-25,1.00E-50,15,0.6,30,480000,2.743200064,2737459.5
c817ccf2,dsregpsoLSGO,07/07/2023 17:45,00:06:07,completed,Mmax=0.4 Smax=0.9 Smin=0.05 c1=2.0 c2=1.3 dseta=0.01 fdmax=1.0e-25 fdmin=1.0e-50 function=15.0 lambd=0.6 n=40,0.4,0.9,0.05,2,1.3,0.01,1.00E-25,1.00E-50,15,0.6,40,500000,3.032099962,2923020.5
2142a4a4,dsregpsoLSGO,07/07/2023 17:33,00:06:16,completed,Mmax=0.4 Smax=0.9 Smin=0.05 c1=2.0 c2=1.3 dseta=0.01 fdmax=1.0e-25 fdmin=1.0e-50 function=15.0 lambd=0.6 n=20,0.4,0.9,0.05,2,1.3,0.01,1.00E-25,1.00E-50,15,0.6,20,500000,3.098999977,2959512.75
9ae2326b,dsregpsoLSGO,07/07/2023 17:51,00:05:54,completed,Mmax=0.4 Smax=0.9 Smin=0.05 c1=2.0 c2=1.3 dseta=0.01 fdmax=1.0e-25 fdmin=1.0e-50 function=15.0 lambd=0.6 n=50,0.4,0.9,0.05,2,1.3,0.01,1.00E-25,1.00E-50,15,0.6,50,500000,2.958899975,2984476.5
49436d0e,dsregpsoLSGO,07/07/2023 17:57,00:05:56,completed,Mmax=0.4 Smax=0.9 Smin=0.05 c1=2.0 c2=1.3 dseta=0.01 fdmax=1.0e-25 fdmin=1.0e-50 function=15.0 lambd=0.6 n=60,0.4,0.9,0.05,2,1.3,0.01,1.00E-25,1.00E-50,15,0.6,60,480000,3.589400053,3457747
422d3c2c,dsregpsoLSGO,07/07/2023 17:26,00:06:41,completed,Mmax=0.4 Smax=0.9 Smin=0.05 c1=2.0 c2=1.3 dseta=0.01 fdmax=1.0e-25 fdmin=1.0e-50 function=15.0 lambd=0.6 n=10,0.4,0.9,0.05,2,1.3,0.01,1.00E-25,1.00E-50,15,0.6,10,500000,3.196799994,3635362
78fc5347,dsregpsoLSGO,07/07/2023 18:03,00:05:58,completed,Mmax=0.4 Smax=0.9 Smin=0.05 c1=2.0 c2=1.3 dseta=0.01 fdmax=1.0e-25 fdmin=1.0e-50 function=15.0 lambd=0.6 n=70,0.4,0.9,0.05,2,1.3,0.01,1.00E-25,1.00E-50,15,0.6,70,490000,3.779000044,3962928.75
d9564fa9,dsregpsoLSGO,07/07/2023 18:09,00:05:53,completed,Mmax=0.4 Smax=0.9 Smin=0.05 c1=2.0 c2=1.3 dseta=0.01 fdmax=1.0e-25 fdmin=1.0e-50 function=15.0 lambd=0.6 n=80,0.4,0.9,0.05,2,1.3,0.01,1.00E-25,1.00E-50,15,0.6,80,500000,4.708399773,4186078
794f8e22,dsregpsoLSGO,07/07/2023 17:19,00:06:53,completed,Mmax=0.4 Smax=0.9 Smin=0.05 c1=2.0 c2=1.3 dseta=0.01 fdmax=1.0e-25 fdmin=1.0e-50 function=15.0 lambd=0.6 n=5,0.4,0.9,0.05,2,1.3,0.01,1.00E-25,1.00E-50,15,0.6,5,500000,4.557700157,4506480.5
049e284f,dsregpsoLSGO,07/07/2023 18:15,00:06:05,completed,Mmax=0.4 Smax=0.9 Smin=0.05 c1=2.0 c2=1.3 dseta=0.01 fdmax=1.0e-25 fdmin=1.0e-50 function=15.0 lambd=0.6 n=90,0.4,0.9,0.05,2,1.3,0.01,1.00E-25,1.00E-50,15,0.6,90,450000,5.064400196,4640991
8e8dfe06,dsregpsoLSGO,07/07/2023 18:21,00:06:00,completed,Mmax=0.4 Smax=0.9 Smin=0.05 c1=2.0 c2=1.3 dseta=0.01 fdmax=1.0e-25 fdmin=1.0e-50 function=15.0 lambd=0.6 n=100,0.4,0.9,0.05,2,1.3,0.01,1.00E-25,1.00E-50,15,0.6,100,500000,5.367499828,5252047
2a9e1a56,dsregpsoLSGO,07/07/2023 17:08,00:10:41,completed,Mmax=0.4 Smax=0.9 Smin=0.05 c1=2.0 c2=1.3 dseta=0.01 fdmax=1.0e-25 fdmin=1.0e-50 function=15.0 lambd=0.6 n=1,0.4,0.9,0.05,2,1.3,0.01,1.00E-25,1.00E-50,15,0.6,1,500000,6.620299816,7088653
