run,operation,started,time,status,label,Mmax,Smax,Smin,c1,c2,dseta,fdmax,fdmin,function,lambd,n,step,global_best,mean_global_best
3b04ea03,dsregpsoLSGO,5/11/2023 14:33,0:10:39,completed,Mmax=1.2 Smax=0.5 Smin=0.05 c1=2.0 c2=2.0 dseta=0.1 fdmax=1.0e-25 fdmin=1.0e-25 function=9.0 lambd=0.7 n=50,1.2,0.5,0.05,2,2,0.1,1.00E-25,1.00E-25,9,0.7,50,500000,4.406799793,615110464
c507b0ee,dsregpsoLSGO,5/11/2023 14:22,0:10:26,completed,Mmax=1.2 Smax=0.5 Smin=0.05 c1=2.0 c2=1.5 dseta=0.1 fdmax=1.0e-25 fdmin=1.0e-25 function=9.0 lambd=0.7 n=50,1.2,0.5,0.05,2,1.5,0.1,1.00E-25,1.00E-25,9,0.7,50,500000,1.174800038,1380952064
19c293e5,dsregpsoLSGO,5/11/2023 14:12,0:10:28,completed,Mmax=1.2 Smax=0.5 Smin=0.05 c1=2.0 c2=1.3 dseta=0.1 fdmax=1.0e-25 fdmin=1.0e-25 function=9.0 lambd=0.7 n=50,1.2,0.5,0.05,2,1.3,0.1,1.00E-25,1.00E-25,9,0.7,50,500000,1.806800008,1434886144
d2224a15,dsregpsoLSGO,5/11/2023 13:41,0:10:29,completed,Mmax=1.2 Smax=0.5 Smin=0.05 c1=2.0 c2=1.0 dseta=0.1 fdmax=1.0e-25 fdmin=1.0e-25 function=9.0 lambd=0.7 n=50,1.2,0.5,0.05,2,1,0.1,1.00E-25,1.00E-25,9,0.7,50,500000,1.922799945,1538800128
3ad140ed,dsregpsoLSGO,5/11/2023 13:30,0:10:27,completed,Mmax=1.2 Smax=0.5 Smin=0.05 c1=2.0 c2=0.9 dseta=0.1 fdmax=1.0e-25 fdmin=1.0e-25 function=9.0 lambd=0.7 n=50,1.2,0.5,0.05,2,0.9,0.1,1.00E-25,1.00E-25,9,0.7,50,500000,1.406700015,1560646912
d491473c,dsregpsoLSGO,5/11/2023 13:51,0:10:20,completed,Mmax=1.2 Smax=0.5 Smin=0.05 c1=2.0 c2=1.1 dseta=0.1 fdmax=1.0e-25 fdmin=1.0e-25 function=9.0 lambd=0.7 n=50,1.2,0.5,0.05,2,1.1,0.1,1.00E-25,1.00E-25,9,0.7,50,500000,1.389999986,1612325504
f921c910,dsregpsoLSGO,5/11/2023 14:01,0:10:30,completed,Mmax=1.2 Smax=0.5 Smin=0.05 c1=2.0 c2=1.2 dseta=0.1 fdmax=1.0e-25 fdmin=1.0e-25 function=9.0 lambd=0.7 n=50,1.2,0.5,0.05,2,1.2,0.1,1.00E-25,1.00E-25,9,0.7,50,500000,2.029500008,1625816960
b505d70f,dsregpsoLSGO,5/11/2023 12:16,0:10:42,completed,Mmax=1.2 Smax=0.5 Smin=0.05 c1=2.0 c2=0.2 dseta=0.1 fdmax=1.0e-25 fdmin=1.0e-25 function=9.0 lambd=0.7 n=50,1.2,0.5,0.05,2,0.2,0.1,1.00E-25,1.00E-25,9,0.7,50,500000,1.302099943,1629586048
40bec10d,dsregpsoLSGO,5/11/2023 12:48,0:10:27,completed,Mmax=1.2 Smax=0.5 Smin=0.05 c1=2.0 c2=0.5 dseta=0.1 fdmax=1.0e-25 fdmin=1.0e-25 function=9.0 lambd=0.7 n=50,1.2,0.5,0.05,2,0.5,0.1,1.00E-25,1.00E-25,9,0.7,50,500000,1.251799941,1636358272
7b037bab,dsregpsoLSGO,5/11/2023 13:20,0:10:29,completed,Mmax=1.2 Smax=0.5 Smin=0.05 c1=2.0 c2=0.8 dseta=0.1 fdmax=1.0e-25 fdmin=1.0e-25 function=9.0 lambd=0.7 n=50,1.2,0.5,0.05,2,0.8,0.1,1.00E-25,1.00E-25,9,0.7,50,500000,1.426800013,1641888384
d0c50d32,dsregpsoLSGO,5/11/2023 13:09,0:10:23,completed,Mmax=1.2 Smax=0.5 Smin=0.05 c1=2.0 c2=0.7 dseta=0.1 fdmax=1.0e-25 fdmin=1.0e-25 function=9.0 lambd=0.7 n=50,1.2,0.5,0.05,2,0.7,0.1,1.00E-25,1.00E-25,9,0.7,50,500000,1.51970005,1720539136
0746f428,dsregpsoLSGO,5/11/2023 12:06,0:10:29,completed,Mmax=1.2 Smax=0.5 Smin=0.05 c1=2.0 c2=0.1 dseta=0.1 fdmax=1.0e-25 fdmin=1.0e-25 function=9.0 lambd=0.7 n=50,1.2,0.5,0.05,2,0.1,0.1,1.00E-25,1.00E-25,9,0.7,50,500000,1.33070004,1807512064
26a66295,dsregpsoLSGO,5/11/2023 12:38,0:10:27,completed,Mmax=1.2 Smax=0.5 Smin=0.05 c1=2.0 c2=0.4 dseta=0.1 fdmax=1.0e-25 fdmin=1.0e-25 function=9.0 lambd=0.7 n=50,1.2,0.5,0.05,2,0.4,0.1,1.00E-25,1.00E-25,9,0.7,50,500000,1.076300025,1817289344
1fa58460,dsregpsoLSGO,5/11/2023 12:27,0:10:33,completed,Mmax=1.2 Smax=0.5 Smin=0.05 c1=2.0 c2=0.3 dseta=0.1 fdmax=1.0e-25 fdmin=1.0e-25 function=9.0 lambd=0.7 n=50,1.2,0.5,0.05,2,0.3,0.1,1.00E-25,1.00E-25,9,0.7,50,500000,1.421599984,1819151104
38bf5558,dsregpsoLSGO,5/11/2023 11:55,0:10:29,completed,Mmax=1.2 Smax=0.5 Smin=0.05 c1=2.0 c2=0.0 dseta=0.1 fdmax=1.0e-25 fdmin=1.0e-25 function=9.0 lambd=0.7 n=50,1.2,0.5,0.05,2,0,0.1,1.00E-25,1.00E-25,9,0.7,50,500000,1.645799994,1823272576
62d13fc4,dsregpsoLSGO,5/11/2023 12:59,0:10:37,completed,Mmax=1.2 Smax=0.5 Smin=0.05 c1=2.0 c2=0.6 dseta=0.1 fdmax=1.0e-25 fdmin=1.0e-25 function=9.0 lambd=0.7 n=50,1.2,0.5,0.05,2,0.6,0.1,1.00E-25,1.00E-25,9,0.7,50,500000,1.085100055,1878542208
