run,operation,started,time,status,label,Mmax,Smax,Smin,c1,c2,dseta,fdmax,fdmin,function,lambd,n,step,global_best,mean_global_best
9b914c7b,dsregpsoLSGO,3/18/2023 12:11,0:08:14,completed,Mmax=0.7 Smax=0.5 Smin=0.05 c1=2.0 c2=1.0 dseta=0.05 fdmax=1 fdmin=1.0e-50 function=5.0 lambd=0.7 n=50,0.7,0.5,0.05,2,1,0.05,1,1.00E-50,5,0.7,50,500000,2.693799973,25917836
1bf71571,dsregpsoLSGO,3/18/2023 11:53,0:08:55,completed,Mmax=0.7 Smax=0.5 Smin=0.05 c1=2.0 c2=1.0 dseta=0.001 fdmax=1 fdmin=1.0e-50 function=5.0 lambd=0.7 n=50,0.7,0.5,0.05,2,1,0.001,1,1.00E-50,5,0.7,50,500000,2.709199905,26243848
b8fe0e07,dsregpsoLSGO,3/17/2023 17:35,0:10:08,completed,Mmax=0.7 Smax=0.5 Smin=0.05 c1=2.0 c2=1.0 dseta=0.001 fdmax=1 fdmin=1.0e-50 function=5.0 lambd=0.7 n=50,0.7,0.5,0.05,2,1,0.001,1,1.00E-50,5,0.7,50,500000,2.709199905,26243848
d57092d1,dsregpsoLSGO,3/17/2023 17:25,0:10:23,completed,Mmax=0.7 Smax=0.5 Smin=0.05 c1=2.0 c2=1.0 dseta=0.001 fdmax=0.1 fdmin=1.0e-50 function=5.0 lambd=0.7 n=50,0.7,0.5,0.05,2,1,0.001,0.1,1.00E-50,5,0.7,50,500000,2.690299988,27173130
88b4a20e,dsregpsoLSGO,3/17/2023 16:54,0:10:09,completed,Mmax=0.7 Smax=0.5 Smin=0.05 c1=2.0 c2=1.0 dseta=0.001 fdmax=1.0e-25 fdmin=1.0e-50 function=5.0 lambd=0.7 n=50,0.7,0.5,0.05,2,1,0.001,1.00E-25,1.00E-50,5,0.7,50,500000,2.689599991,27185588
5e144645,dsregpsoLSGO,3/17/2023 17:04,0:10:08,completed,Mmax=0.7 Smax=0.5 Smin=0.05 c1=2.0 c2=1.0 dseta=0.001 fdmax=1.0e-10 fdmin=1.0e-50 function=5.0 lambd=0.7 n=50,0.7,0.5,0.05,2,1,0.001,1.00E-10,1.00E-50,5,0.7,50,500000,2.689500093,27185614
29f4b57e,dsregpsoLSGO,3/17/2023 17:15,0:10:08,completed,Mmax=0.7 Smax=0.5 Smin=0.05 c1=2.0 c2=1.0 dseta=0.001 fdmax=1.0e-05 fdmin=1.0e-50 function=5.0 lambd=0.7 n=50,0.7,0.5,0.05,2,1,0.001,1.00E-05,1.00E-50,5,0.7,50,500000,2.689599991,27185666
ca237ff9,dsregpsoLSGO,3/18/2023 12:19,0:08:19,completed,Mmax=0.7 Smax=0.5 Smin=0.05 c1=2.0 c2=1.0 dseta=0.1 fdmax=1 fdmin=1.0e-50 function=5.0 lambd=0.7 n=50,0.7,0.5,0.05,2,1,0.1,1,1.00E-50,5,0.7,50,500000,2.581099987,27219204
04c20a5b,dsregpsoLSGO,3/18/2023 11:33,0:10:00,completed,Mmax=0.7 Smax=0.5 Smin=0.05 c1=2.0 c2=1.0 dseta=1.0e-05 fdmax=1 fdmin=1.0e-50 function=5.0 lambd=0.7 n=50,0.7,0.5,0.05,2,1,1.00E-05,1,1.00E-50,5,0.7,50,500000,2.593899965,27291394
71542155,dsregpsoLSGO,3/18/2023 12:27,0:08:23,completed,Mmax=0.7 Smax=0.5 Smin=0.05 c1=2.0 c2=1.0 dseta=0.5 fdmax=1 fdmin=1.0e-50 function=5.0 lambd=0.7 n=50,0.7,0.5,0.05,2,1,0.5,1,1.00E-50,5,0.7,50,500000,3.355400085,28258568
24d0b637,dsregpsoLSGO,3/18/2023 11:43,0:10:08,completed,Mmax=0.7 Smax=0.5 Smin=0.05 c1=2.0 c2=1.0 dseta=0.0001 fdmax=1 fdmin=1.0e-50 function=5.0 lambd=0.7 n=50,0.7,0.5,0.05,2,1,0.0001,1,1.00E-50,5,0.7,50,500000,2.568399906,29342448
8496e893,dsregpsoLSGO,3/17/2023 16:44,0:10:27,completed,Mmax=0.7 Smax=0.5 Smin=0.05 c1=2.0 c2=1.0 dseta=0.001 fdmax=1.0e-50 fdmin=1.0e-50 function=5.0 lambd=0.7 n=50,0.7,0.5,0.05,2,1,0.001,1.00E-50,1.00E-50,5,0.7,50,500000,3.03309989,29949680
c38b05a6,dsregpsoLSGO,3/18/2023 12:02,0:08:19,completed,Mmax=0.7 Smax=0.5 Smin=0.05 c1=2.0 c2=1.0 dseta=0.01 fdmax=1 fdmin=1.0e-50 function=5.0 lambd=0.7 n=50,0.7,0.5,0.05,2,1,0.01,1,1.00E-50,5,0.7,50,500000,3.305999994,30675034
e42e97b4,dsregpsoLSGO,3/17/2023 16:32,0:11:28,completed,Mmax=0.7 Smax=0.5 Smin=0.05 c1=2.0 c2=1.0 dseta=0.001 fdmax=1.0e-100 fdmin=1.0e-50 function=5.0 lambd=0.7 n=50,0.7,0.5,0.05,2,1,0.001,1.00E-100,1.00E-50,5,0.7,50,500000,6.248600006,61023592
17124c76,dsregpsoLSGO,3/17/2023 16:21,0:11:30,completed,Mmax=0.7 Smax=0.5 Smin=0.05 c1=2.0 c2=1.0 dseta=0.001 fdmax=1.0e-200 fdmin=1.0e-50 function=5.0 lambd=0.7 n=50,0.7,0.5,0.05,2,1,0.001,1.00E-200,1.00E-50,5,0.7,50,500000,6.248600006,61023592
