run,operation,started,time,status,label,Mmax,Smax,Smin,c1,c2,dseta,fdmax,fdmin,function,lambd,n,step,global_best,mean_global_best
2afc8b06,dsregpsoLSGO,5/12/2023 13:06,0:11:31,completed,Mmax=1.2 Smax=0.3 Smin=0.05 c1=2.0 c2=2.0 dseta=0.1 fdmax=1.0e-25 fdmin=1.0e-25 function=9.0 lambd=1.3 n=50,1.2,0.3,0.05,2,2,0.1,1.00E-25,1.00E-25,9,1.3,50,500000,4.295599937,512021088
937bff48,dsregpsoLSGO,5/12/2023 13:30,0:12:40,completed,Mmax=1.2 Smax=0.5 Smin=0.05 c1=2.0 c2=2.0 dseta=0.1 fdmax=1.0e-25 fdmin=1.0e-25 function=9.0 lambd=1.3 n=50,1.2,0.5,0.05,2,2,0.1,1.00E-25,1.00E-25,9,1.3,50,500000,6.30919981,552657600
221cdb03,dsregpsoLSGO,5/12/2023 13:55,0:12:07,completed,Mmax=1.2 Smax=0.7 Smin=0.05 c1=2.0 c2=2.0 dseta=0.1 fdmax=1.0e-25 fdmin=1.0e-25 function=9.0 lambd=1.3 n=50,1.2,0.7,0.05,2,2,0.1,1.00E-25,1.00E-25,9,1.3,50,500000,5.119699955,553783552
01f36ff5,dsregpsoLSGO,5/12/2023 12:55,0:11:53,completed,Mmax=1.2 Smax=0.2 Smin=0.05 c1=2.0 c2=2.0 dseta=0.1 fdmax=1.0e-25 fdmin=1.0e-25 function=9.0 lambd=1.3 n=50,1.2,0.2,0.05,2,2,0.1,1.00E-25,1.00E-25,9,1.3,50,500000,8.903699875,645025280
39726ff5,dsregpsoLSGO,5/12/2023 14:31,0:11:52,completed,Mmax=1.2 Smax=1.0 Smin=0.05 c1=2.0 c2=2.0 dseta=0.1 fdmax=1.0e-25 fdmin=1.0e-25 function=9.0 lambd=1.3 n=50,1.2,1,0.05,2,2,0.1,1.00E-25,1.00E-25,9,1.3,50,500000,4.540800095,663059456
d2bff46b,dsregpsoLSGO,5/12/2023 14:07,0:11:51,completed,Mmax=1.2 Smax=0.8 Smin=0.05 c1=2.0 c2=2.0 dseta=0.1 fdmax=1.0e-25 fdmin=1.0e-25 function=9.0 lambd=1.3 n=50,1.2,0.8,0.05,2,2,0.1,1.00E-25,1.00E-25,9,1.3,50,500000,1.478899956,677729792
314e0824,dsregpsoLSGO,5/12/2023 13:18,0:12:11,completed,Mmax=1.2 Smax=0.4 Smin=0.05 c1=2.0 c2=2.0 dseta=0.1 fdmax=1.0e-25 fdmin=1.0e-25 function=9.0 lambd=1.3 n=50,1.2,0.4,0.05,2,2,0.1,1.00E-25,1.00E-25,9,1.3,50,500000,9.376099586,711757376
615b8265,dsregpsoLSGO,5/12/2023 14:19,0:12:00,completed,Mmax=1.2 Smax=0.9 Smin=0.05 c1=2.0 c2=2.0 dseta=0.1 fdmax=1.0e-25 fdmin=1.0e-25 function=9.0 lambd=1.3 n=50,1.2,0.9,0.05,2,2,0.1,1.00E-25,1.00E-25,9,1.3,50,500000,3.888799906,723107712
3cb0cc30,dsregpsoLSGO,5/12/2023 13:43,0:12:19,completed,Mmax=1.2 Smax=0.6 Smin=0.05 c1=2.0 c2=2.0 dseta=0.1 fdmax=1.0e-25 fdmin=1.0e-25 function=9.0 lambd=1.3 n=50,1.2,0.6,0.05,2,2,0.1,1.00E-25,1.00E-25,9,1.3,50,500000,7.95510006,724178048
046a4f56,dsregpsoLSGO,5/12/2023 12:42,0:12:28,completed,Mmax=1.2 Smax=0.1 Smin=0.05 c1=2.0 c2=2.0 dseta=0.1 fdmax=1.0e-25 fdmin=1.0e-25 function=9.0 lambd=1.3 n=50,1.2,0.1,0.05,2,2,0.1,1.00E-25,1.00E-25,9,1.3,50,500000,8.429599762,874251648
