run,operation,started,time,status,label,Mmax,Smax,Smin,c1,c2,dseta,fdmax,fdmin,function,lambd,n,step,global_best,mean_global_best
2e428bc4,dsregpsoLSGO,17/06/2023 10:02,00:08:53,completed,Mmax=0.3 Smax=0.5 Smin=0.05 c1=2.0 c2=1.3 dseta=0.01 fdmax=0.1 fdmin=1.0e-50 function=13.0 lambd=0.5 n=50,0.3,0.5,0.05,2,1.3,0.01,0.1,1.00E-50,13,0.5,50,500000,1.75909996,1442338304
2972771a,dsregpsoLSGO,17/06/2023 10:29,00:08:51,completed,Mmax=0.3 Smax=0.5 Smin=0.08 c1=2.0 c2=1.3 dseta=0.01 fdmax=0.1 fdmin=1.0e-50 function=13.0 lambd=0.5 n=50,0.3,0.5,0.08,2,1.3,0.01,0.1,1.00E-50,13,0.5,50,500000,1.667899966,1454003200
0224c83c,dsregpsoLSGO,17/06/2023 10:47,00:08:52,completed,Mmax=0.3 Smax=0.5 Smin=0.1 c1=2.0 c2=1.3 dseta=0.01 fdmax=0.1 fdmin=1.0e-50 function=13.0 lambd=0.5 n=50,0.3,0.5,0.1,2,1.3,0.01,0.1,1.00E-50,13,0.5,50,500000,1.481299996,1532140800
e46fa934,dsregpsoLSGO,17/06/2023 10:38,00:08:49,completed,Mmax=0.3 Smax=0.5 Smin=0.09 c1=2.0 c2=1.3 dseta=0.01 fdmax=0.1 fdmin=1.0e-50 function=13.0 lambd=0.5 n=50,0.3,0.5,0.09,2,1.3,0.01,0.1,1.00E-50,13,0.5,50,500000,1.583999991,1585136000
068e5444,dsregpsoLSGO,17/06/2023 09:36,00:09:03,completed,Mmax=0.3 Smax=0.5 Smin=0.02 c1=2.0 c2=1.3 dseta=0.01 fdmax=0.1 fdmin=1.0e-50 function=13.0 lambd=0.5 n=50,0.3,0.5,0.02,2,1.3,0.01,0.1,1.00E-50,13,0.5,50,500000,1.528300047,1656957824
71fad412,dsregpsoLSGO,17/06/2023 10:11,00:08:52,completed,Mmax=0.3 Smax=0.5 Smin=0.06 c1=2.0 c2=1.3 dseta=0.01 fdmax=0.1 fdmin=1.0e-50 function=13.0 lambd=0.5 n=50,0.3,0.5,0.06,2,1.3,0.01,0.1,1.00E-50,13,0.5,50,500000,1.3125,1667832704
9fa5498b,dsregpsoLSGO,17/06/2023 09:54,00:08:47,completed,Mmax=0.3 Smax=0.5 Smin=0.04 c1=2.0 c2=1.3 dseta=0.01 fdmax=0.1 fdmin=1.0e-50 function=13.0 lambd=0.5 n=50,0.3,0.5,0.04,2,1.3,0.01,0.1,1.00E-50,13,0.5,50,500000,1.382699966,1672828288
7b1f1bed,dsregpsoLSGO,17/06/2023 10:20,00:08:46,completed,Mmax=0.3 Smax=0.5 Smin=0.07 c1=2.0 c2=1.3 dseta=0.01 fdmax=0.1 fdmin=1.0e-50 function=13.0 lambd=0.5 n=50,0.3,0.5,0.07,2,1.3,0.01,0.1,1.00E-50,13,0.5,50,500000,1.808899999,1674338432
b8d57a5c,dsregpsoLSGO,17/06/2023 09:45,00:08:52,completed,Mmax=0.3 Smax=0.5 Smin=0.03 c1=2.0 c2=1.3 dseta=0.01 fdmax=0.1 fdmin=1.0e-50 function=13.0 lambd=0.5 n=50,0.3,0.5,0.03,2,1.3,0.01,0.1,1.00E-50,13,0.5,50,500000,2.256900072,1806797568
0fa9a4bf,dsregpsoLSGO,17/06/2023 09:27,00:09:08,completed,Mmax=0.3 Smax=0.5 Smin=0.01 c1=2.0 c2=1.3 dseta=0.01 fdmax=0.1 fdmin=1.0e-50 function=13.0 lambd=0.5 n=50,0.3,0.5,0.01,2,1.3,0.01,0.1,1.00E-50,13,0.5,50,500000,2.194000006,2047719168
