run,operation,started,time,status,label,Mmax,Smax,Smin,c1,c2,dseta,fdmax,fdmin,function,lambd,n,step,global_best,mean_global_best
eb03712d,dsregpsoLSGO,4/3/2023 11:00,0:08:59,completed,Mmax=0.7 Smax=0.5 Smin=0.05 c1=2.0 c2=1.0 dseta=0.001 fdmax=1.0e-25 fdmin=1.0e-50 function=6.0 lambd=0.7 n=50,0.7,0.5,0.05,2,1,0.001,1.00E-25,1.00E-50,6,0.7,50,500000,1.042899966,1024286.25
95b201a3,dsregpsoLSGO,4/3/2023 10:51,0:08:54,completed,Mmax=0.6 Smax=0.5 Smin=0.05 c1=2.0 c2=1.0 dseta=0.001 fdmax=1.0e-25 fdmin=1.0e-50 function=6.0 lambd=0.7 n=50,0.6,0.5,0.05,2,1,0.001,1.00E-25,1.00E-50,6,0.7,50,500000,1.037299991,1026109.75
f57f44de,dsregpsoLSGO,4/3/2023 10:33,0:08:57,completed,Mmax=0.4 Smax=0.5 Smin=0.05 c1=2.0 c2=1.0 dseta=0.001 fdmax=1.0e-25 fdmin=1.0e-50 function=6.0 lambd=0.7 n=50,0.4,0.5,0.05,2,1,0.001,1.00E-25,1.00E-50,6,0.7,50,500000,1.023300052,1026829.063
d64b5d8f,dsregpsoLSGO,4/3/2023 11:18,0:08:57,completed,Mmax=0.9 Smax=0.5 Smin=0.05 c1=2.0 c2=1.0 dseta=0.001 fdmax=1.0e-25 fdmin=1.0e-50 function=6.0 lambd=0.7 n=50,0.9,0.5,0.05,2,1,0.001,1.00E-25,1.00E-50,6,0.7,50,500000,1.014999986,1027938.563
4424f325,dsregpsoLSGO,4/3/2023 11:09,0:08:54,completed,Mmax=0.8 Smax=0.5 Smin=0.05 c1=2.0 c2=1.0 dseta=0.001 fdmax=1.0e-25 fdmin=1.0e-50 function=6.0 lambd=0.7 n=50,0.8,0.5,0.05,2,1,0.001,1.00E-25,1.00E-50,6,0.7,50,500000,1.04400003,1028952.75
3.05E+14,dsregpsoLSGO,4/3/2023 11:27,0:08:57,completed,Mmax=1.0 Smax=0.5 Smin=0.05 c1=2.0 c2=1.0 dseta=0.001 fdmax=1.0e-25 fdmin=1.0e-50 function=6.0 lambd=0.7 n=50,1,0.5,0.05,2,1,0.001,1.00E-25,1.00E-50,6,0.7,50,500000,1.027500033,1032002
bcc9e750,dsregpsoLSGO,4/3/2023 10:42,0:09:00,completed,Mmax=0.5 Smax=0.5 Smin=0.05 c1=2.0 c2=1.0 dseta=0.001 fdmax=1.0e-25 fdmin=1.0e-50 function=6.0 lambd=0.7 n=50,0.5,0.5,0.05,2,1,0.001,1.00E-25,1.00E-50,6,0.7,50,500000,1.03579998,1032220.5
180959d7,dsregpsoLSGO,4/3/2023 10:15,0:08:59,completed,Mmax=0.2 Smax=0.5 Smin=0.05 c1=2.0 c2=1.0 dseta=0.001 fdmax=1.0e-25 fdmin=1.0e-50 function=6.0 lambd=0.7 n=50,0.2,0.5,0.05,2,1,0.001,1.00E-25,1.00E-50,6,0.7,50,500000,1.031499982,1034722.688
6f8b5f48,dsregpsoLSGO,4/3/2023 10:24,0:08:53,completed,Mmax=0.3 Smax=0.5 Smin=0.05 c1=2.0 c2=1.0 dseta=0.001 fdmax=1.0e-25 fdmin=1.0e-50 function=6.0 lambd=0.7 n=50,0.3,0.5,0.05,2,1,0.001,1.00E-25,1.00E-50,6,0.7,50,500000,1.034999967,1034761.188
8918c711,dsregpsoLSGO,4/3/2023 11:46,0:09:37,completed,Mmax=1.2 Smax=0.5 Smin=0.05 c1=2.0 c2=1.0 dseta=0.001 fdmax=1.0e-25 fdmin=1.0e-50 function=6.0 lambd=0.7 n=50,1.2,0.5,0.05,2,1,0.001,1.00E-25,1.00E-50,6,0.7,50,500000,1.027699947,1036954.813
f3e40820,dsregpsoLSGO,4/3/2023 11:36,0:09:31,completed,Mmax=1.1 Smax=0.5 Smin=0.05 c1=2.0 c2=1.0 dseta=0.001 fdmax=1.0e-25 fdmin=1.0e-50 function=6.0 lambd=0.7 n=50,1.1,0.5,0.05,2,1,0.001,1.00E-25,1.00E-50,6,0.7,50,500000,1.032699943,1037412.688
753d3fe2,dsregpsoLSGO,4/3/2023 10:06,0:09:14,completed,Mmax=0.1 Smax=0.5 Smin=0.05 c1=2.0 c2=1.0 dseta=0.001 fdmax=1.0e-25 fdmin=1.0e-50 function=6.0 lambd=0.7 n=50,0.1,0.5,0.05,2,1,0.001,1.00E-25,1.00E-50,6,0.7,50,500000,1.047399998,1039909.625
f7bdd92f,dsregpsoLSGO,4/3/2023 9:57,0:08:57,completed,Mmax=0.0 Smax=0.5 Smin=0.05 c1=2.0 c2=1.0 dseta=0.001 fdmax=1.0e-25 fdmin=1.0e-50 function=6.0 lambd=0.7 n=50,0,0.5,0.05,2,1,0.001,1.00E-25,1.00E-50,6,0.7,50,500000,1.043499947,1041721.375
b9cbe198,dsregpsoLSGO,4/3/2023 11:55,0:09:18,completed,Mmax=1.3 Smax=0.5 Smin=0.05 c1=2.0 c2=1.0 dseta=0.001 fdmax=1.0e-25 fdmin=1.0e-50 function=6.0 lambd=0.7 n=50,1.3,0.5,0.05,2,1,0.001,1.00E-25,1.00E-50,6,0.7,50,500000,1.049299955,1042760.313
