run,operation,started,time,status,label,Mmax,Smax,Smin,c1,c2,dseta,fdmax,fdmin,function,lambd,n,step,global_best,mean_global_best
dd8066e1,dsregpsoLSGO,4/4/2023 11:06,0:09:14,completed,Mmax=0.7 Smax=0.5 Smin=0.05 c1=2.0 c2=0.8 dseta=0.001 fdmax=1.0e-25 fdmin=1.0e-50 function=6.0 lambd=0.7 n=50,0.7,0.5,0.05,2,0.8,0.001,1.00E-25,1.00E-50,6,0.7,50,500000,1.010499954,1022618.313
eb28b7b4,dsregpsoLSGO,4/4/2023 11:24,0:09:17,completed,Mmax=0.7 Smax=0.5 Smin=0.05 c1=2.0 c2=1.0 dseta=0.001 fdmax=1.0e-25 fdmin=1.0e-50 function=6.0 lambd=0.7 n=50,0.7,0.5,0.05,2,1,0.001,1.00E-25,1.00E-50,6,0.7,50,500000,1.042899966,1024286.25
6a5acb7c,dsregpsoLSGO,4/4/2023 10:56,0:09:38,completed,Mmax=0.7 Smax=0.5 Smin=0.05 c1=2.0 c2=0.7 dseta=0.001 fdmax=1.0e-25 fdmin=1.0e-50 function=6.0 lambd=0.7 n=50,0.7,0.5,0.05,2,0.7,0.001,1.00E-25,1.00E-50,6,0.7,50,500000,1.00999999,1025505.5
f9517efa,dsregpsoLSGO,4/4/2023 10:47,0:08:47,completed,Mmax=0.7 Smax=0.5 Smin=0.05 c1=2.0 c2=0.6 dseta=0.001 fdmax=1.0e-25 fdmin=1.0e-50 function=6.0 lambd=0.7 n=50,0.7,0.5,0.05,2,0.6,0.001,1.00E-25,1.00E-50,6,0.7,50,500000,1.03550005,1025744.688
b92d674a,dsregpsoLSGO,4/4/2023 10:38,0:08:43,completed,Mmax=0.7 Smax=0.5 Smin=0.05 c1=2.0 c2=0.5 dseta=0.001 fdmax=1.0e-25 fdmin=1.0e-50 function=6.0 lambd=0.7 n=50,0.7,0.5,0.05,2,0.5,0.001,1.00E-25,1.00E-50,6,0.7,50,500000,1.051100016,1028502
bd0b7715,dsregpsoLSGO,4/4/2023 10:30,0:08:48,completed,Mmax=0.7 Smax=0.5 Smin=0.05 c1=2.0 c2=0.4 dseta=0.001 fdmax=1.0e-25 fdmin=1.0e-50 function=6.0 lambd=0.7 n=50,0.7,0.5,0.05,2,0.4,0.001,1.00E-25,1.00E-50,6,0.7,50,500000,1.033699989,1030812.75
aa0c37e2,dsregpsoLSGO,4/4/2023 11:15,0:09:25,completed,Mmax=0.7 Smax=0.5 Smin=0.05 c1=2.0 c2=0.9 dseta=0.001 fdmax=1.0e-25 fdmin=1.0e-50 function=6.0 lambd=0.7 n=50,0.7,0.5,0.05,2,0.9,0.001,1.00E-25,1.00E-50,6,0.7,50,500000,1.048799992,1031274.875
21a2e174,dsregpsoLSGO,4/4/2023 10:21,0:08:44,completed,Mmax=0.7 Smax=0.5 Smin=0.05 c1=2.0 c2=0.3 dseta=0.001 fdmax=1.0e-25 fdmin=1.0e-50 function=6.0 lambd=0.7 n=50,0.7,0.5,0.05,2,0.3,0.001,1.00E-25,1.00E-50,6,0.7,50,500000,1.047199965,1033069.313
221c1545,dsregpsoLSGO,4/4/2023 11:43,0:09:03,completed,Mmax=0.7 Smax=0.5 Smin=0.05 c1=2.0 c2=1.2 dseta=0.001 fdmax=1.0e-25 fdmin=1.0e-50 function=6.0 lambd=0.7 n=50,0.7,0.5,0.05,2,1.2,0.001,1.00E-25,1.00E-50,6,0.7,50,500000,1.041000009,1033472.938
6c4ad56f,dsregpsoLSGO,4/4/2023 9:53,0:10:00,completed,Mmax=0.7 Smax=0.5 Smin=0.05 c1=2.0 c2=0.0 dseta=0.001 fdmax=1.0e-25 fdmin=1.0e-50 function=6.0 lambd=0.7 n=50,0.7,0.5,0.05,2,0,0.001,1.00E-25,1.00E-50,6,0.7,50,500000,1.048799992,1034173.063
55001218,dsregpsoLSGO,4/4/2023 10:12,0:08:50,completed,Mmax=0.7 Smax=0.5 Smin=0.05 c1=2.0 c2=0.2 dseta=0.001 fdmax=1.0e-25 fdmin=1.0e-50 function=6.0 lambd=0.7 n=50,0.7,0.5,0.05,2,0.2,0.001,1.00E-25,1.00E-50,6,0.7,50,500000,1.045699954,1035400.75
6d8ea47b,dsregpsoLSGO,4/4/2023 10:03,0:09:15,completed,Mmax=0.7 Smax=0.5 Smin=0.05 c1=2.0 c2=0.1 dseta=0.001 fdmax=1.0e-25 fdmin=1.0e-50 function=6.0 lambd=0.7 n=50,0.7,0.5,0.05,2,0.1,0.001,1.00E-25,1.00E-50,6,0.7,50,500000,1.048599958,1035592.75
35b24195,dsregpsoLSGO,4/4/2023 11:52,0:08:46,completed,Mmax=0.7 Smax=0.5 Smin=0.05 c1=2.0 c2=1.3 dseta=0.001 fdmax=1.0e-25 fdmin=1.0e-50 function=6.0 lambd=0.7 n=50,0.7,0.5,0.05,2,1.3,0.001,1.00E-25,1.00E-50,6,0.7,50,500000,1.041200042,1037387.75
b6fc7329,dsregpsoLSGO,4/4/2023 11:33,0:09:09,completed,Mmax=0.7 Smax=0.5 Smin=0.05 c1=2.0 c2=1.1 dseta=0.001 fdmax=1.0e-25 fdmin=1.0e-50 function=6.0 lambd=0.7 n=50,0.7,0.5,0.05,2,1.1,0.001,1.00E-25,1.00E-50,6,0.7,50,500000,1.04519999,1040422.938
d912b392,dsregpsoLSGO,4/4/2023 12:01,0:08:38,completed,Mmax=0.7 Smax=0.5 Smin=0.05 c1=2.0 c2=1.5 dseta=0.001 fdmax=1.0e-25 fdmin=1.0e-50 function=6.0 lambd=0.7 n=50,0.7,0.5,0.05,2,1.5,0.001,1.00E-25,1.00E-50,6,0.7,50,500000,1.048400044,1050927
19a95148,dsregpsoLSGO,4/4/2023 12:09,0:08:36,completed,Mmax=0.7 Smax=0.5 Smin=0.05 c1=2.0 c2=2.0 dseta=0.001 fdmax=1.0e-25 fdmin=1.0e-50 function=6.0 lambd=0.7 n=50,0.7,0.5,0.05,2,2,0.001,1.00E-25,1.00E-50,6,0.7,50,500000,1.057399988,1056512
