run,operation,started,time,status,label,Mmax,Smax,Smin,c1,c2,dseta,fdmax,fdmin,function,lambd,n,step,global_best,mean_global_best
8e6a09e7,dsregpsoLSGO,07/07/2023 12:27,00:05:45,completed,Mmax=0.4 Smax=0.9 Smin=0.05 c1=2.0 c2=1.3 dseta=0.01 fdmax=1.0e-25 fdmin=1.0e-50 function=15.0 lambd=0.6 n=50,0.4,0.9,0.05,2,1.3,0.01,1.00E-25,1.00E-50,15,0.6,50,500000,2.958899975,2984476.5
d81b4d7a,dsregpsoLSGO,07/07/2023 12:03,00:05:55,completed,Mmax=0.4 Smax=0.5 Smin=0.05 c1=2.0 c2=1.3 dseta=0.01 fdmax=1.0e-25 fdmin=1.0e-50 function=15.0 lambd=0.6 n=50,0.4,0.5,0.05,2,1.3,0.01,1.00E-25,1.00E-50,15,0.6,50,500000,3.087599993,3011208.75
46b4ce20,dsregpsoLSGO,07/07/2023 12:09,00:05:44,completed,Mmax=0.4 Smax=0.6 Smin=0.05 c1=2.0 c2=1.3 dseta=0.01 fdmax=1.0e-25 fdmin=1.0e-50 function=15.0 lambd=0.6 n=50,0.4,0.6,0.05,2,1.3,0.01,1.00E-25,1.00E-50,15,0.6,50,500000,3.169500113,3052088.75
ea8b754d,dsregpsoLSGO,07/07/2023 11:57,00:05:46,completed,Mmax=0.4 Smax=0.4 Smin=0.05 c1=2.0 c2=1.3 dseta=0.01 fdmax=1.0e-25 fdmin=1.0e-50 function=15.0 lambd=0.6 n=50,0.4,0.4,0.05,2,1.3,0.01,1.00E-25,1.00E-50,15,0.6,50,500000,3.162100077,3066067.25
c111cd81,dsregpsoLSGO,07/07/2023 12:15,00:05:51,completed,Mmax=0.4 Smax=0.7 Smin=0.05 c1=2.0 c2=1.3 dseta=0.01 fdmax=1.0e-25 fdmin=1.0e-50 function=15.0 lambd=0.6 n=50,0.4,0.7,0.05,2,1.3,0.01,1.00E-25,1.00E-50,15,0.6,50,500000,3.133699894,3138948.5
d300b21d,dsregpsoLSGO,07/07/2023 12:32,00:05:49,completed,Mmax=0.4 Smax=1.0 Smin=0.05 c1=2.0 c2=1.3 dseta=0.01 fdmax=1.0e-25 fdmin=1.0e-50 function=15.0 lambd=0.6 n=50,0.4,1,0.05,2,1.3,0.01,1.00E-25,1.00E-50,15,0.6,50,500000,3.265100002,3144076.5
9d11e42b,dsregpsoLSGO,07/07/2023 12:21,00:05:43,completed,Mmax=0.4 Smax=0.8 Smin=0.05 c1=2.0 c2=1.3 dseta=0.01 fdmax=1.0e-25 fdmin=1.0e-50 function=15.0 lambd=0.6 n=50,0.4,0.8,0.05,2,1.3,0.01,1.00E-25,1.00E-50,15,0.6,50,500000,3.342400074,3183485.5
062e64e3,dsregpsoLSGO,07/07/2023 11:52,00:05:45,completed,Mmax=0.4 Smax=0.3 Smin=0.05 c1=2.0 c2=1.3 dseta=0.01 fdmax=1.0e-25 fdmin=1.0e-50 function=15.0 lambd=0.6 n=50,0.4,0.3,0.05,2,1.3,0.01,1.00E-25,1.00E-50,15,0.6,50,500000,3.414400101,3212812.5
2ac397b8,dsregpsoLSGO,07/07/2023 11:46,00:05:50,completed,Mmax=0.4 Smax=0.2 Smin=0.05 c1=2.0 c2=1.3 dseta=0.01 fdmax=1.0e-25 fdmin=1.0e-50 function=15.0 lambd=0.6 n=50,0.4,0.2,0.05,2,1.3,0.01,1.00E-25,1.00E-50,15,0.6,50,500000,3.301100016,3402053
dabff51b,dsregpsoLSGO,07/07/2023 11:40,00:05:49,completed,Mmax=0.4 Smax=0.1 Smin=0.05 c1=2.0 c2=1.3 dseta=0.01 fdmax=1.0e-25 fdmin=1.0e-50 function=15.0 lambd=0.6 n=50,0.4,0.1,0.05,2,1.3,0.01,1.00E-25,1.00E-50,15,0.6,50,500000,4.703800201,4958686
