run,operation,started,time,status,label,Mmax,Smax,Smin,c1,c2,dseta,fdmax,fdmin,function,lambd,n,step,global_best,mean_global_best
609711f3,dsregpsoLSGO,28/01/2023 12:59,00:07:43,completed,Mmax=0.1 Smax=0.1 Smin=0.05 c1=2.0 c2=1.5 dseta=0.5 fdmax=1.0e-05 fdmin=1.0e-100 function=3.0 lambd=0.2 n=50,0.1,0.1,0.05,2,1.5,0.5,1.00E-05,1.00E-100,3,0.2,50,500000,2.00090003,20.01505661
8c923dc1,dsregpsoLSGO,28/01/2023 13:35,00:09:55,completed,Mmax=0.1 Smax=0.1 Smin=0.09 c1=2.0 c2=1.5 dseta=0.5 fdmax=1.0e-05 fdmin=1.0e-100 function=3.0 lambd=0.2 n=50,0.1,0.1,0.09,2,1.5,0.5,1.00E-05,1.00E-100,3,0.2,50,500000,2.001600027,20.01975822
3cf469e2,dsregpsoLSGO,28/01/2023 13:26,00:09:22,completed,Mmax=0.1 Smax=0.1 Smin=0.08 c1=2.0 c2=1.5 dseta=0.5 fdmax=1.0e-05 fdmin=1.0e-100 function=3.0 lambd=0.2 n=50,0.1,0.1,0.08,2,1.5,0.5,1.00E-05,1.00E-100,3,0.2,50,500000,2.001499891,20.02028465
4b41c180,dsregpsoLSGO,28/01/2023 12:52,00:07:11,completed,Mmax=0.1 Smax=0.1 Smin=0.04 c1=2.0 c2=1.5 dseta=0.5 fdmax=1.0e-05 fdmin=1.0e-100 function=3.0 lambd=0.2 n=50,0.1,0.1,0.04,2,1.5,0.5,1.00E-05,1.00E-100,3,0.2,50,500000,2.004300117,20.02275848
4b090b3d,dsregpsoLSGO,28/01/2023 12:37,00:07:29,completed,Mmax=0.1 Smax=0.1 Smin=0.02 c1=2.0 c2=1.5 dseta=0.5 fdmax=1.0e-05 fdmin=1.0e-100 function=3.0 lambd=0.2 n=50,0.1,0.1,0.02,2,1.5,0.5,1.00E-05,1.00E-100,3,0.2,50,500000,2.001100063,20.02647972
fd91e871,dsregpsoLSGO,28/01/2023 13:07,00:09:13,completed,Mmax=0.1 Smax=0.1 Smin=0.06 c1=2.0 c2=1.5 dseta=0.5 fdmax=1.0e-05 fdmin=1.0e-100 function=3.0 lambd=0.2 n=50,0.1,0.1,0.06,2,1.5,0.5,1.00E-05,1.00E-100,3,0.2,50,500000,2.001300097,20.02728653
63c3492b,dsregpsoLSGO,28/01/2023 13:16,00:09:20,completed,Mmax=0.1 Smax=0.1 Smin=0.07 c1=2.0 c2=1.5 dseta=0.5 fdmax=1.0e-05 fdmin=1.0e-100 function=3.0 lambd=0.2 n=50,0.1,0.1,0.07,2,1.5,0.5,1.00E-05,1.00E-100,3,0.2,50,500000,2.002300024,20.02888298
96b511ba,dsregpsoLSGO,28/01/2023 12:28,00:09:26,completed,Mmax=0.1 Smax=0.1 Smin=0.01 c1=2.0 c2=1.5 dseta=0.5 fdmax=1.0e-05 fdmin=1.0e-100 function=3.0 lambd=0.2 n=50,0.1,0.1,0.01,2,1.5,0.5,1.00E-05,1.00E-100,3,0.2,50,500000,2.003900051,20.0293808
1c92366c,dsregpsoLSGO,28/01/2023 13:45,00:09:26,completed,Mmax=0.1 Smax=0.1 Smin=0.1 c1=2.0 c2=1.5 dseta=0.5 fdmax=1.0e-05 fdmin=1.0e-100 function=3.0 lambd=0.2 n=50,0.1,0.1,0.1,2,1.5,0.5,1.00E-05,1.00E-100,3,0.2,50,500000,2.00180006,20.03292084
c4153e67,dsregpsoLSGO,28/01/2023 12:45,00:07:32,completed,Mmax=0.1 Smax=0.1 Smin=0.03 c1=2.0 c2=1.5 dseta=0.5 fdmax=1.0e-05 fdmin=1.0e-100 function=3.0 lambd=0.2 n=50,0.1,0.1,0.03,2,1.5,0.5,1.00E-05,1.00E-100,3,0.2,50,500000,2.001300097,20.03294563
