run,operation,started,time,status,label,Mmax,Smax,Smin,c1,c2,dseta,fdmax,fdmin,function,lambd,n,step,global_best,mean_global_best
2b5eef59,dsregpsoLSGO,13/12/2022 13:28,00:06:56,completed,Mmax=0.7 Smax=0.5 Smin=0.05 c1=2.0 c2=1.5 dseta=0.05 fdmax=1.0e-200 fdmin=1.0e-200 function=1.0 lambd=0.7 n=50,0.7,0.5,0.05,2,1.5,0.05,1.00E-200,1.00E-200,1,0.7,50,500000,6.428100109,5120364.5
ce9776a1,dsregpsoLSGO,13/12/2022 13:21,00:07:10,completed,Mmax=0.7 Smax=0.5 Smin=0.05 c1=2.0 c2=1.0 dseta=0.05 fdmax=1.0e-200 fdmin=1.0e-200 function=1.0 lambd=0.7 n=50,0.7,0.5,0.05,2,1,0.05,1.00E-200,1.00E-200,1,0.7,50,500000,1.435199976,13594821
87be2127,dsregpsoLSGO,13/12/2022 13:13,00:07:54,completed,Mmax=0.7 Smax=0.5 Smin=0.05 c1=2.0 c2=0.5 dseta=0.05 fdmax=1.0e-200 fdmin=1.0e-200 function=1.0 lambd=0.7 n=50,0.7,0.5,0.05,2,0.5,0.05,1.00E-200,1.00E-200,1,0.7,50,500000,2.214099884,22646624
6b8da75d,dsregpsoLSGO,13/12/2022 13:04,00:08:32,completed,Mmax=0.7 Smax=0.5 Smin=0.05 c1=2.0 c2=0.0 dseta=0.05 fdmax=1.0e-200 fdmin=1.0e-200 function=1.0 lambd=0.7 n=50,0.7,0.5,0.05,2,0,0.05,1.00E-200,1.00E-200,1,0.7,50,500000,2.593499899,30002896
7fc829b8,dsregpsoLSGO,13/12/2022 13:35,00:07:13,completed,Mmax=0.7 Smax=0.5 Smin=0.05 c1=2.0 c2=2.0 dseta=0.05 fdmax=1.0e-200 fdmin=1.0e-200 function=1.0 lambd=0.7 n=50,0.7,0.5,0.05,2,2,0.05,1.00E-200,1.00E-200,1,0.7,50,500000,4.354000092,452452000
