run,operation,started,time,status,label,Mmax,Smax,Smin,c1,c2,dseta,fdmax,fdmin,function,lambd,n,step,global_best,mean_global_best
6d4a7485,dsregpsoLSGO,4/10/2023 17:16,0:04:27,completed,Mmax=0.7 Smax=0.5 Smin=0.05 c1=2.0 c2=1.0 dseta=0.001 fdmax=1.0e-10 fdmin=1.0e-50 function=7.0 lambd=0.7 n=50,0.7,0.5,0.05,2,1,0.001,1.00E-10,1.00E-50,7,0.7,50,500000,1.333799958,100550728
ddb6919c,dsregpsoLSGO,4/10/2023 17:26,0:04:29,completed,Mmax=0.7 Smax=0.5 Smin=0.05 c1=2.0 c2=1.0 dseta=0.001 fdmax=0.1 fdmin=1.0e-50 function=7.0 lambd=0.7 n=50,0.7,0.5,0.05,2,1,0.001,0.1,1.00E-50,7,0.7,50,500000,1.095399976,130732648
9cea6eb8,dsregpsoLSGO,4/10/2023 17:21,0:04:39,completed,Mmax=0.7 Smax=0.5 Smin=0.05 c1=2.0 c2=1.0 dseta=0.001 fdmax=1.0e-05 fdmin=1.0e-50 function=7.0 lambd=0.7 n=50,0.7,0.5,0.05,2,1,0.001,1.00E-05,1.00E-50,7,0.7,50,500000,1.325500011,153492368
04e708f5,dsregpsoLSGO,4/10/2023 17:30,0:04:31,completed,Mmax=0.7 Smax=0.5 Smin=0.05 c1=2.0 c2=1.0 dseta=0.001 fdmax=1 fdmin=1.0e-50 function=7.0 lambd=0.7 n=50,0.7,0.5,0.05,2,1,0.001,1,1.00E-50,7,0.7,50,500000,1.960100055,254917072
e1053914,dsregpsoLSGO,4/10/2023 17:12,0:04:41,completed,Mmax=0.7 Smax=0.5 Smin=0.05 c1=2.0 c2=1.0 dseta=0.001 fdmax=1.0e-25 fdmin=1.0e-50 function=7.0 lambd=0.7 n=50,0.7,0.5,0.05,2,1,0.001,1.00E-25,1.00E-50,7,0.7,50,500000,1.149500012,500736320
2b2c3214,dsregpsoLSGO,4/10/2023 17:07,0:05:05,completed,Mmax=0.7 Smax=0.5 Smin=0.05 c1=2.0 c2=1.0 dseta=0.001 fdmax=1.0e-50 fdmin=1.0e-50 function=7.0 lambd=0.7 n=50,0.7,0.5,0.05,2,1,0.001,1.00E-50,1.00E-50,7,0.7,50,500000,1.148900032,1476854784
65b19ca9,dsregpsoLSGO,4/10/2023 17:01,0:05:48,completed,Mmax=0.7 Smax=0.5 Smin=0.05 c1=2.0 c2=1.0 dseta=0.001 fdmax=1.0e-100 fdmin=1.0e-50 function=7.0 lambd=0.7 n=50,0.7,0.5,0.05,2,1,0.001,1.00E-100,1.00E-50,7,0.7,50,500000,2.916399956,2.78797E+15
9f94bed5,dsregpsoLSGO,4/10/2023 16:56,0:05:14,completed,Mmax=0.7 Smax=0.5 Smin=0.05 c1=2.0 c2=1.0 dseta=0.001 fdmax=1.0e-200 fdmin=1.0e-50 function=7.0 lambd=0.7 n=50,0.7,0.5,0.05,2,1,0.001,1.00E-200,1.00E-50,7,0.7,50,500000,2.916399956,2.78797E+15
