run,operation,started,time,status,label,Mmax,Smax,Smin,c1,c2,dseta,fdmax,fdmin,function,lambd,n,step,global_best,mean_global_best
46556045,dsregpsoLSGO,2022-12-07 10:07:26,0:08:44,completed,Mmax=0.7 Smax=0.5 Smin=0.05 c1=2.0 c2=1.0 dseta=0.001 fdmax=1.0e-25 fdmin=1 function=1.0 lambd=0.7 n=50,0.7,0.5,0.05,2.0,1.0,0.001,1e-25,1,1.0,0.7,50,500000,3.654400110244751,333840842752.0
2a6b6096,dsregpsoLSGO,2022-12-07 09:58:53,0:08:32,completed,Mmax=0.7 Smax=0.5 Smin=0.05 c1=2.0 c2=1.0 dseta=0.001 fdmax=1.0e-25 fdmin=0.1 function=1.0 lambd=0.7 n=50,0.7,0.5,0.05,2.0,1.0,0.001,1e-25,0.1,1.0,0.7,50,500000,3.654400110244751,333840842752.0
a624fd5b,dsregpsoLSGO,2022-12-07 09:50:09,0:08:43,completed,Mmax=0.7 Smax=0.5 Smin=0.05 c1=2.0 c2=1.0 dseta=0.001 fdmax=1.0e-25 fdmin=1.0e-05 function=1.0 lambd=0.7 n=50,0.7,0.5,0.05,2.0,1.0,0.001,1e-25,1e-05,1.0,0.7,50,500000,3.654400110244751,333840842752.0
f50e5389,dsregpsoLSGO,2022-12-07 09:41:11,0:08:57,completed,Mmax=0.7 Smax=0.5 Smin=0.05 c1=2.0 c2=1.0 dseta=0.001 fdmax=1.0e-25 fdmin=1.0e-10 function=1.0 lambd=0.7 n=50,0.7,0.5,0.05,2.0,1.0,0.001,1e-25,1e-10,1.0,0.7,50,500000,3.654400110244751,333840842752.0
d73af500,dsregpsoLSGO,2022-12-07 09:33:36,0:07:34,completed,Mmax=0.7 Smax=0.5 Smin=0.05 c1=2.0 c2=1.0 dseta=0.001 fdmax=1.0e-25 fdmin=1.0e-25 function=1.0 lambd=0.7 n=50,0.7,0.5,0.05,2.0,1.0,0.001,1e-25,1e-25,1.0,0.7,50,500000,6.571199893951416,62527016.0
a7b9a75d,dsregpsoLSGO,2022-12-07 09:26:58,0:06:38,completed,Mmax=0.7 Smax=0.5 Smin=0.05 c1=2.0 c2=1.0 dseta=0.001 fdmax=1.0e-25 fdmin=1.0e-50 function=1.0 lambd=0.7 n=50,0.7,0.5,0.05,2.0,1.0,0.001,1e-25,1e-50,1.0,0.7,50,500000,6.103300094604492,60459888.0
666b5063,dsregpsoLSGO,2022-12-07 09:20:13,0:06:43,completed,Mmax=0.7 Smax=0.5 Smin=0.05 c1=2.0 c2=1.0 dseta=0.001 fdmax=1.0e-25 fdmin=1.0e-100 function=1.0 lambd=0.7 n=50,0.7,0.5,0.05,2.0,1.0,0.001,1e-25,1e-100,1.0,0.7,50,500000,6.103300094604492,60459888.0
0753b60b,dsregpsoLSGO,2022-12-07 09:13:31,0:06:41,completed,Mmax=0.7 Smax=0.5 Smin=0.05 c1=2.0 c2=1.0 dseta=0.001 fdmax=1.0e-25 fdmin=1.0e-200 function=1.0 lambd=0.7 n=50,0.7,0.5,0.05,2.0,1.0,0.001,1e-25,1e-200,1.0,0.7,50,500000,6.103300094604492,60459888.0
