run,operation,started,time,status,label,Mmax,Smax,Smin,c1,c2,dseta,fdmax,fdmin,function,lambd,n,step,global_best,mean_global_best
332d206b,dsregpsoLSGO,24/06/2023 16:21,00:08:45,completed,Mmax=0.5 Smax=0.5 Smin=0.05 c1=2.0 c2=1.0 dseta=0.5 fdmax=1 fdmin=1.0e-25 function=14.0 lambd=0.7 n=50,0.5,0.5,0.05,2,1,0.5,1,1.00E-25,14,0.7,50,500000,1.180600047,10992588800
b15fedce,dsregpsoLSGO,24/06/2023 16:56,00:08:50,completed,Mmax=0.5 Smax=0.5 Smin=0.05 c1=2.0 c2=1.5 dseta=0.5 fdmax=1 fdmin=1.0e-25 function=14.0 lambd=0.7 n=50,0.5,0.5,0.05,2,1.5,0.5,1,1.00E-25,14,0.7,50,500000,1.735999942,11685191680
f21ccb75,dsregpsoLSGO,24/06/2023 16:30,00:08:49,completed,Mmax=0.5 Smax=0.5 Smin=0.05 c1=2.0 c2=1.1 dseta=0.5 fdmax=1 fdmin=1.0e-25 function=14.0 lambd=0.7 n=50,0.5,0.5,0.05,2,1.1,0.5,1,1.00E-25,14,0.7,50,500000,6.420700073,11994753024
967ca427,dsregpsoLSGO,24/06/2023 14:52,00:08:54,completed,Mmax=0.5 Smax=0.5 Smin=0.05 c1=2.0 c2=0.0 dseta=0.5 fdmax=1 fdmin=1.0e-25 function=14.0 lambd=0.7 n=50,0.5,0.5,0.05,2,0,0.5,1,1.00E-25,14,0.7,50,500000,1.189100027,12936704000
7605f675,dsregpsoLSGO,24/06/2023 16:47,00:08:51,completed,Mmax=0.5 Smax=0.5 Smin=0.05 c1=2.0 c2=1.3 dseta=0.5 fdmax=1 fdmin=1.0e-25 function=14.0 lambd=0.7 n=50,0.5,0.5,0.05,2,1.3,0.5,1,1.00E-25,14,0.7,50,500000,1.909399986,13069258752
3fe3122b,dsregpsoLSGO,24/06/2023 15:01,00:08:53,completed,Mmax=0.5 Smax=0.5 Smin=0.05 c1=2.0 c2=0.1 dseta=0.5 fdmax=1 fdmin=1.0e-25 function=14.0 lambd=0.7 n=50,0.5,0.5,0.05,2,0.1,0.5,1,1.00E-25,14,0.7,50,500000,1.354200006,15213468672
0d03290b,dsregpsoLSGO,24/06/2023 16:39,00:08:46,completed,Mmax=0.5 Smax=0.5 Smin=0.05 c1=2.0 c2=1.2 dseta=0.5 fdmax=1 fdmin=1.0e-25 function=14.0 lambd=0.7 n=50,0.5,0.5,0.05,2,1.2,0.5,1,1.00E-25,14,0.7,50,500000,1.423699975,20036734976
eac68198,dsregpsoLSGO,24/06/2023 16:12,00:08:51,completed,Mmax=0.5 Smax=0.5 Smin=0.05 c1=2.0 c2=0.9 dseta=0.5 fdmax=1 fdmin=1.0e-25 function=14.0 lambd=0.7 n=50,0.5,0.5,0.05,2,0.9,0.5,1,1.00E-25,14,0.7,50,500000,3.350500107,21447028736
23c0dc42,dsregpsoLSGO,24/06/2023 16:03,00:08:52,completed,Mmax=0.5 Smax=0.5 Smin=0.05 c1=2.0 c2=0.8 dseta=0.5 fdmax=1 fdmin=1.0e-25 function=14.0 lambd=0.7 n=50,0.5,0.5,0.05,2,0.8,0.5,1,1.00E-25,14,0.7,50,500000,1.824699998,22216701952
5d190cde,dsregpsoLSGO,24/06/2023 15:19,00:08:53,completed,Mmax=0.5 Smax=0.5 Smin=0.05 c1=2.0 c2=0.3 dseta=0.5 fdmax=1 fdmin=1.0e-25 function=14.0 lambd=0.7 n=50,0.5,0.5,0.05,2,0.3,0.5,1,1.00E-25,14,0.7,50,500000,2.154099941,22488489984
4e8fd683,dsregpsoLSGO,24/06/2023 15:10,00:08:48,completed,Mmax=0.5 Smax=0.5 Smin=0.05 c1=2.0 c2=0.2 dseta=0.5 fdmax=1 fdmin=1.0e-25 function=14.0 lambd=0.7 n=50,0.5,0.5,0.05,2,0.2,0.5,1,1.00E-25,14,0.7,50,500000,2.295700073,23188342784
a0b90e69,dsregpsoLSGO,24/06/2023 15:46,00:08:51,completed,Mmax=0.5 Smax=0.5 Smin=0.05 c1=2.0 c2=0.6 dseta=0.5 fdmax=1 fdmin=1.0e-25 function=14.0 lambd=0.7 n=50,0.5,0.5,0.05,2,0.6,0.5,1,1.00E-25,14,0.7,50,500000,2.868499994,26027218944
ff3cb0ba,dsregpsoLSGO,24/06/2023 15:54,00:08:46,completed,Mmax=0.5 Smax=0.5 Smin=0.05 c1=2.0 c2=0.7 dseta=0.5 fdmax=1 fdmin=1.0e-25 function=14.0 lambd=0.7 n=50,0.5,0.5,0.05,2,0.7,0.5,1,1.00E-25,14,0.7,50,500000,2.302200079,26529497088
b66ccd9e,dsregpsoLSGO,24/06/2023 15:28,00:08:51,completed,Mmax=0.5 Smax=0.5 Smin=0.05 c1=2.0 c2=0.4 dseta=0.5 fdmax=1 fdmin=1.0e-25 function=14.0 lambd=0.7 n=50,0.5,0.5,0.05,2,0.4,0.5,1,1.00E-25,14,0.7,50,500000,5.814400196,33634899968
14252bf2,dsregpsoLSGO,24/06/2023 15:37,00:08:46,completed,Mmax=0.5 Smax=0.5 Smin=0.05 c1=2.0 c2=0.5 dseta=0.5 fdmax=1 fdmin=1.0e-25 function=14.0 lambd=0.7 n=50,0.5,0.5,0.05,2,0.5,0.5,1,1.00E-25,14,0.7,50,500000,6.746900082,37199998976
21be75f9,dsregpsoLSGO,24/06/2023 17:05,00:08:47,completed,Mmax=0.5 Smax=0.5 Smin=0.05 c1=2.0 c2=2.0 dseta=0.5 fdmax=1 fdmin=1.0e-25 function=14.0 lambd=0.7 n=50,0.5,0.5,0.05,2,2,0.5,1,1.00E-25,14,0.7,50,500000,4.301300049,2.71474E+11
