run,operation,started,time,status,label,Mmax,Smax,Smin,c1,c2,dseta,fdmax,fdmin,function,lambd,n,step,global_best,mean_global_best
ce63c075,dsregpsoLSGO,24/01/2023 10:35,00:07:31,completed,Mmax=0.7 Smax=0.5 Smin=0.05 c1=2.0 c2=1.5 dseta=0.001 fdmax=1.0e-05 fdmin=1.0e-25 function=3.0 lambd=0.7 n=50,0.7,0.5,0.05,2,1.5,0.001,1.00E-05,1.00E-25,3,0.7,50,500000,2.007200003,20.06951141
d64c2363,dsregpsoLSGO,24/01/2023 10:27,00:07:35,completed,Mmax=0.7 Smax=0.5 Smin=0.05 c1=2.0 c2=1.5 dseta=0.001 fdmax=1.0e-05 fdmin=1.0e-50 function=3.0 lambd=0.7 n=50,0.7,0.5,0.05,2,1.5,0.001,1.00E-05,1.00E-50,3,0.7,50,500000,2.007200003,20.06951141
8911d0a9,dsregpsoLSGO,24/01/2023 10:20,00:07:30,completed,Mmax=0.7 Smax=0.5 Smin=0.05 c1=2.0 c2=1.5 dseta=0.001 fdmax=1.0e-05 fdmin=1.0e-100 function=3.0 lambd=0.7 n=50,0.7,0.5,0.05,2,1.5,0.001,1.00E-05,1.00E-100,3,0.7,50,500000,2.007200003,20.06951141
9812f193,dsregpsoLSGO,24/01/2023 10:12,00:07:34,completed,Mmax=0.7 Smax=0.5 Smin=0.05 c1=2.0 c2=1.5 dseta=0.001 fdmax=1.0e-05 fdmin=1.0e-200 function=3.0 lambd=0.7 n=50,0.7,0.5,0.05,2,1.5,0.001,1.00E-05,1.00E-200,3,0.7,50,500000,2.007200003,20.06951141
e3b908c4,dsregpsoLSGO,24/01/2023 10:42,00:07:28,completed,Mmax=0.7 Smax=0.5 Smin=0.05 c1=2.0 c2=1.5 dseta=0.001 fdmax=1.0e-05 fdmin=1.0e-10 function=3.0 lambd=0.7 n=50,0.7,0.5,0.05,2,1.5,0.001,1.00E-05,1.00E-10,3,0.7,50,500000,2.007699966,20.09067345
b79c5b7a,dsregpsoLSGO,24/01/2023 10:50,00:07:31,completed,Mmax=0.7 Smax=0.5 Smin=0.05 c1=2.0 c2=1.5 dseta=0.001 fdmax=1.0e-05 fdmin=1.0e-05 function=3.0 lambd=0.7 n=50,0.7,0.5,0.05,2,1.5,0.001,1.00E-05,1.00E-05,3,0.7,50,500000,2.005700111,20.09090424
990bb512,dsregpsoLSGO,24/01/2023 10:57,00:08:45,completed,Mmax=0.7 Smax=0.5 Smin=0.05 c1=2.0 c2=1.5 dseta=0.001 fdmax=1.0e-05 fdmin=0.1 function=3.0 lambd=0.7 n=50,0.7,0.5,0.05,2,1.5,0.001,1.00E-05,0.1,3,0.7,50,500000,2.165600061,21.64372444
007bdddf,dsregpsoLSGO,24/01/2023 11:06,00:08:36,completed,Mmax=0.7 Smax=0.5 Smin=0.05 c1=2.0 c2=1.5 dseta=0.001 fdmax=1.0e-05 fdmin=1 function=3.0 lambd=0.7 n=50,0.7,0.5,0.05,2,1.5,0.001,1.00E-05,1,3,0.7,50,500000,2.165600061,21.65636253
