run,operation,started,time,status,label,Mmax,Smax,Smin,c1,c2,dseta,fdmax,fdmin,function,lambd,n,step,global_best,mean_global_best
781403c6,dsregpsoLSGO,5/31/2023 14:41,0:08:47,completed,Mmax=0.2 Smax=0.5 Smin=0.04 c1=2.0 c2=1.3 dseta=0.01 fdmax=1 fdmin=1.0e-50 function=11.0 lambd=0.5 n=50,0.2,0.5,0.04,2,1.3,0.01,1,1.00E-50,11,0.5,50,500000,1.187000036,1205883904
7d73a0b1,dsregpsoLSGO,5/31/2023 14:14,0:08:49,completed,Mmax=0.2 Smax=0.5 Smin=0.01 c1=2.0 c2=1.3 dseta=0.01 fdmax=1 fdmin=1.0e-50 function=11.0 lambd=0.5 n=50,0.2,0.5,0.01,2,1.3,0.01,1,1.00E-50,11,0.5,50,500000,1.045899987,1222189184
dfe58baf,dsregpsoLSGO,5/31/2023 14:49,0:08:42,completed,Mmax=0.2 Smax=0.5 Smin=0.05 c1=2.0 c2=1.3 dseta=0.01 fdmax=1 fdmin=1.0e-50 function=11.0 lambd=0.5 n=50,0.2,0.5,0.05,2,1.3,0.01,1,1.00E-50,11,0.5,50,500000,1.266800046,1291321344
2fd091dc,dsregpsoLSGO,5/31/2023 14:23,0:08:52,completed,Mmax=0.2 Smax=0.5 Smin=0.02 c1=2.0 c2=1.3 dseta=0.01 fdmax=1 fdmin=1.0e-50 function=11.0 lambd=0.5 n=50,0.2,0.5,0.02,2,1.3,0.01,1,1.00E-50,11,0.5,50,500000,1.069399953,1313855488
d367bc2f,dsregpsoLSGO,5/31/2023 14:32,0:08:42,completed,Mmax=0.2 Smax=0.5 Smin=0.03 c1=2.0 c2=1.3 dseta=0.01 fdmax=1 fdmin=1.0e-50 function=11.0 lambd=0.5 n=50,0.2,0.5,0.03,2,1.3,0.01,1,1.00E-50,11,0.5,50,500000,1.101500034,1326194688
81b18e8a,dsregpsoLSGO,5/31/2023 15:25,0:08:48,completed,Mmax=0.2 Smax=0.5 Smin=0.09 c1=2.0 c2=1.3 dseta=0.01 fdmax=1 fdmin=1.0e-50 function=11.0 lambd=0.5 n=50,0.2,0.5,0.09,2,1.3,0.01,1,1.00E-50,11,0.5,50,500000,1.205800056,1366015872
9b9a82e3,dsregpsoLSGO,5/31/2023 15:33,0:08:44,completed,Mmax=0.2 Smax=0.5 Smin=0.1 c1=2.0 c2=1.3 dseta=0.01 fdmax=1 fdmin=1.0e-50 function=11.0 lambd=0.5 n=50,0.2,0.5,0.1,2,1.3,0.01,1,1.00E-50,11,0.5,50,500000,1.331900001,1373456000
a0b9349c,dsregpsoLSGO,5/31/2023 15:07,0:08:47,completed,Mmax=0.2 Smax=0.5 Smin=0.07 c1=2.0 c2=1.3 dseta=0.01 fdmax=1 fdmin=1.0e-50 function=11.0 lambd=0.5 n=50,0.2,0.5,0.07,2,1.3,0.01,1,1.00E-50,11,0.5,50,500000,1.421800017,1392479872
7410a0d3,dsregpsoLSGO,5/31/2023 15:16,0:08:44,completed,Mmax=0.2 Smax=0.5 Smin=0.08 c1=2.0 c2=1.3 dseta=0.01 fdmax=1 fdmin=1.0e-50 function=11.0 lambd=0.5 n=50,0.2,0.5,0.08,2,1.3,0.01,1,1.00E-50,11,0.5,50,500000,1.176300049,1414345472
9888f105,dsregpsoLSGO,5/31/2023 14:58,0:08:49,completed,Mmax=0.2 Smax=0.5 Smin=0.06 c1=2.0 c2=1.3 dseta=0.01 fdmax=1 fdmin=1.0e-50 function=11.0 lambd=0.5 n=50,0.2,0.5,0.06,2,1.3,0.01,1,1.00E-50,11,0.5,50,500000,1.225499988,1434631552
