run,operation,started,time,status,label,Mmax,Smax,Smin,c1,c2,dseta,fdmax,fdmin,function,lambd,n,step,global_best,mean_global_best
aa433369,dsregpsoLSGO,3/16/2023 11:16,0:09:08,completed,Mmax=0.0 Smax=0.5 Smin=0.05 c1=2.0 c2=1.0 dseta=0.001 fdmax=0.1 fdmin=1.0e-50 function=4.0 lambd=1.0 n=50,0,0.5,0.05,2,1,0.001,0.1,1.00E-50,4,1,50,500000,1.35800004,16031933440
cc78c565,dsregpsoLSGO,3/16/2023 12:01,0:08:52,completed,Mmax=0.0 Smax=0.5 Smin=0.1 c1=2.0 c2=1.0 dseta=0.001 fdmax=0.1 fdmin=1.0e-50 function=4.0 lambd=1.0 n=50,0,0.5,0.1,2,1,0.001,0.1,1.00E-50,4,1,50,500000,1.209400058,16631523328
e71947df,dsregpsoLSGO,3/16/2023 11:44,0:09:01,completed,Mmax=0.0 Smax=0.5 Smin=0.08 c1=2.0 c2=1.0 dseta=0.001 fdmax=0.1 fdmin=1.0e-50 function=4.0 lambd=1.0 n=50,0,0.5,0.08,2,1,0.001,0.1,1.00E-50,4,1,50,500000,1.281700015,17026741248
a402872d,dsregpsoLSGO,3/16/2023 11:35,0:08:52,completed,Mmax=0.0 Smax=0.5 Smin=0.07 c1=2.0 c2=1.0 dseta=0.001 fdmax=0.1 fdmin=1.0e-50 function=4.0 lambd=1.0 n=50,0,0.5,0.07,2,1,0.001,0.1,1.00E-50,4,1,50,500000,1.324000001,17297848320
1dbde9fe,dsregpsoLSGO,3/16/2023 11:07,0:08:54,completed,Mmax=0.0 Smax=0.5 Smin=0.04 c1=2.0 c2=1.0 dseta=0.001 fdmax=0.1 fdmin=1.0e-50 function=4.0 lambd=1.0 n=50,0,0.5,0.04,2,1,0.001,0.1,1.00E-50,4,1,50,500000,1.31400001,17397526528
ef4234c5,dsregpsoLSGO,3/16/2023 11:53,0:08:45,completed,Mmax=0.0 Smax=0.5 Smin=0.09 c1=2.0 c2=1.0 dseta=0.001 fdmax=0.1 fdmin=1.0e-50 function=4.0 lambd=1.0 n=50,0,0.5,0.09,2,1,0.001,0.1,1.00E-50,4,1,50,500000,1.325500011,17844946944
8a77b5fd,dsregpsoLSGO,3/16/2023 10:49,0:09:10,completed,Mmax=0.0 Smax=0.5 Smin=0.02 c1=2.0 c2=1.0 dseta=0.001 fdmax=0.1 fdmin=1.0e-50 function=4.0 lambd=1.0 n=50,0,0.5,0.02,2,1,0.001,0.1,1.00E-50,4,1,50,500000,1.120100021,19680899072
96e15d95,dsregpsoLSGO,3/16/2023 10:58,0:08:57,completed,Mmax=0.0 Smax=0.5 Smin=0.03 c1=2.0 c2=1.0 dseta=0.001 fdmax=0.1 fdmin=1.0e-50 function=4.0 lambd=1.0 n=50,0,0.5,0.03,2,1,0.001,0.1,1.00E-50,4,1,50,500000,1.647199988,19941767168
c8424361,dsregpsoLSGO,3/16/2023 11:26,0:09:07,completed,Mmax=0.0 Smax=0.5 Smin=0.06 c1=2.0 c2=1.0 dseta=0.001 fdmax=0.1 fdmin=1.0e-50 function=4.0 lambd=1.0 n=50,0,0.5,0.06,2,1,0.001,0.1,1.00E-50,4,1,50,500000,1.460399985,21340436480
30f1bf5c,dsregpsoLSGO,3/16/2023 10:40,0:09:04,completed,Mmax=0.0 Smax=0.5 Smin=0.01 c1=2.0 c2=1.0 dseta=0.001 fdmax=0.1 fdmin=1.0e-50 function=4.0 lambd=1.0 n=50,0,0.5,0.01,2,1,0.001,0.1,1.00E-50,4,1,50,500000,1.982300043,30889543680
