run,operation,started,time,status,label,Mmax,Smax,Smin,c1,c2,dseta,fdmax,fdmin,function,lambd,n,step,global_best,mean_global_best
db75d67d,dsregpsoLSGO,03/01/2023 15:58,00:07:49,completed,Mmax=0.0 Smax=1.5 Smin=0.02 c1=2.0 c2=1.5 dseta=0.05 fdmax=1.0e-200 fdmin=1.0e-200 function=1.0 lambd=0.7 n=50,0,1.5,0.02,2,1.5,0.05,1.00E-200,1.00E-200,1,0.7,50,500000,2.24180007,2112664.75
f24240a4,dsregpsoLSGO,03/01/2023 16:21,00:08:42,completed,Mmax=0.0 Smax=1.5 Smin=0.05 c1=2.0 c2=1.5 dseta=0.05 fdmax=1.0e-200 fdmin=1.0e-200 function=1.0 lambd=0.7 n=50,0,1.5,0.05,2,1.5,0.05,1.00E-200,1.00E-200,1,0.7,50,500000,2.070300102,2251830.25
f6574e6d,dsregpsoLSGO,03/01/2023 16:05,00:06:52,completed,Mmax=0.0 Smax=1.5 Smin=0.03 c1=2.0 c2=1.5 dseta=0.05 fdmax=1.0e-200 fdmin=1.0e-200 function=1.0 lambd=0.7 n=50,0,1.5,0.03,2,1.5,0.05,1.00E-200,1.00E-200,1,0.7,50,500000,2.650099993,2374018.75
cea97595,dsregpsoLSGO,03/01/2023 16:37,00:06:31,completed,Mmax=0.0 Smax=1.5 Smin=0.07 c1=2.0 c2=1.5 dseta=0.05 fdmax=1.0e-200 fdmin=1.0e-200 function=1.0 lambd=0.7 n=50,0,1.5,0.07,2,1.5,0.05,1.00E-200,1.00E-200,1,0.7,50,500000,2.777100086,2433033.25
dea2c8ab,dsregpsoLSGO,03/01/2023 15:49,00:08:24,completed,Mmax=0.0 Smax=1.5 Smin=0.01 c1=2.0 c2=1.5 dseta=0.05 fdmax=1.0e-200 fdmin=1.0e-200 function=1.0 lambd=0.7 n=50,0,1.5,0.01,2,1.5,0.05,1.00E-200,1.00E-200,1,0.7,50,500000,1.816100001,2558733.5
5c071b18,dsregpsoLSGO,03/01/2023 16:29,00:07:36,completed,Mmax=0.0 Smax=1.5 Smin=0.06 c1=2.0 c2=1.5 dseta=0.05 fdmax=1.0e-200 fdmin=1.0e-200 function=1.0 lambd=0.7 n=50,0,1.5,0.06,2,1.5,0.05,1.00E-200,1.00E-200,1,0.7,50,500000,2.414299965,2655671
d54cb979,dsregpsoLSGO,03/01/2023 16:56,00:06:19,completed,Mmax=0.0 Smax=1.5 Smin=0.1 c1=2.0 c2=1.5 dseta=0.05 fdmax=1.0e-200 fdmin=1.0e-200 function=1.0 lambd=0.7 n=50,0,1.5,0.1,2,1.5,0.05,1.00E-200,1.00E-200,1,0.7,50,500000,2.259500027,2784520.75
da87608e,dsregpsoLSGO,03/01/2023 16:43,00:06:24,completed,Mmax=0.0 Smax=1.5 Smin=0.08 c1=2.0 c2=1.5 dseta=0.05 fdmax=1.0e-200 fdmin=1.0e-200 function=1.0 lambd=0.7 n=50,0,1.5,0.08,2,1.5,0.05,1.00E-200,1.00E-200,1,0.7,50,500000,1.835299969,3022466.5
45ec0087,dsregpsoLSGO,03/01/2023 16:12,00:08:17,completed,Mmax=0.0 Smax=1.5 Smin=0.04 c1=2.0 c2=1.5 dseta=0.05 fdmax=1.0e-200 fdmin=1.0e-200 function=1.0 lambd=0.7 n=50,0,1.5,0.04,2,1.5,0.05,1.00E-200,1.00E-200,1,0.7,50,500000,2.665999889,3097882.25
c6d0829c,dsregpsoLSGO,03/01/2023 16:50,00:06:23,completed,Mmax=0.0 Smax=1.5 Smin=0.09 c1=2.0 c2=1.5 dseta=0.05 fdmax=1.0e-200 fdmin=1.0e-200 function=1.0 lambd=0.7 n=50,0,1.5,0.09,2,1.5,0.05,1.00E-200,1.00E-200,1,0.7,50,500000,2.363300085,3307043.25
