run,operation,started,time,status,label,Mmax,Smax,Smin,c1,c2,dseta,fdmax,fdmin,function,lambd,n,step,global_best,mean_global_best
4005521c,dsregpsoLSGO,16/06/2023 09:57,00:08:51,completed,Mmax=0.3 Smax=0.5 Smin=0.05 c1=2.0 c2=1.3 dseta=0.01 fdmax=0.1 fdmin=1.0e-50 function=13.0 lambd=0.5 n=50,0.3,0.5,0.05,2,1.3,0.01,0.1,1.00E-50,13,0.5,50,500000,1.75909996,1442338304
f3a0f211,dsregpsoLSGO,16/06/2023 10:06,00:08:45,completed,Mmax=0.3 Smax=0.5 Smin=0.05 c1=2.0 c2=1.3 dseta=0.01 fdmax=0.1 fdmin=1.0e-50 function=13.0 lambd=0.6 n=50,0.3,0.5,0.05,2,1.3,0.01,0.1,1.00E-50,13,0.6,50,500000,1.693400025,1738110208
c9e91c42,dsregpsoLSGO,16/06/2023 09:30,00:09:01,completed,Mmax=0.3 Smax=0.5 Smin=0.05 c1=2.0 c2=1.3 dseta=0.01 fdmax=0.1 fdmin=1.0e-50 function=13.0 lambd=0.2 n=50,0.3,0.5,0.05,2,1.3,0.01,0.1,1.00E-50,13,0.2,50,500000,2.068700075,1749374080
143d6f44,dsregpsoLSGO,16/06/2023 09:48,00:08:50,completed,Mmax=0.3 Smax=0.5 Smin=0.05 c1=2.0 c2=1.3 dseta=0.01 fdmax=0.1 fdmin=1.0e-50 function=13.0 lambd=0.4 n=50,0.3,0.5,0.05,2,1.3,0.01,0.1,1.00E-50,13,0.4,50,500000,1.672500014,1760725376
27afae65,dsregpsoLSGO,16/06/2023 09:39,00:08:47,completed,Mmax=0.3 Smax=0.5 Smin=0.05 c1=2.0 c2=1.3 dseta=0.01 fdmax=0.1 fdmin=1.0e-50 function=13.0 lambd=0.3 n=50,0.3,0.5,0.05,2,1.3,0.01,0.1,1.00E-50,13,0.3,50,500000,1.426599979,1769195648
f37797b0,dsregpsoLSGO,16/06/2023 10:23,00:08:45,completed,Mmax=0.3 Smax=0.5 Smin=0.05 c1=2.0 c2=1.3 dseta=0.01 fdmax=0.1 fdmin=1.0e-50 function=13.0 lambd=0.8 n=50,0.3,0.5,0.05,2,1.3,0.01,0.1,1.00E-50,13,0.8,50,500000,2.243900061,1778669696
03d6ba44,dsregpsoLSGO,16/06/2023 10:14,00:08:51,completed,Mmax=0.3 Smax=0.5 Smin=0.05 c1=2.0 c2=1.3 dseta=0.01 fdmax=0.1 fdmin=1.0e-50 function=13.0 lambd=0.7 n=50,0.3,0.5,0.05,2,1.3,0.01,0.1,1.00E-50,13,0.7,50,500000,1.529700041,1879489664
259873fe,dsregpsoLSGO,16/06/2023 10:32,00:08:52,completed,Mmax=0.3 Smax=0.5 Smin=0.05 c1=2.0 c2=1.3 dseta=0.01 fdmax=0.1 fdmin=1.0e-50 function=13.0 lambd=0.9 n=50,0.3,0.5,0.05,2,1.3,0.01,0.1,1.00E-50,13,0.9,50,500000,2.037400007,1943262592
78a795d6,dsregpsoLSGO,16/06/2023 11:07,00:08:45,completed,Mmax=0.3 Smax=0.5 Smin=0.05 c1=2.0 c2=1.3 dseta=0.01 fdmax=0.1 fdmin=1.0e-50 function=13.0 lambd=1.3 n=50,0.3,0.5,0.05,2,1.3,0.01,0.1,1.00E-50,13,1.3,50,500000,2.032399893,1974199552
4c161b68,dsregpsoLSGO,16/06/2023 10:59,00:08:50,completed,Mmax=0.3 Smax=0.5 Smin=0.05 c1=2.0 c2=1.3 dseta=0.01 fdmax=0.1 fdmin=1.0e-50 function=13.0 lambd=1.2 n=50,0.3,0.5,0.05,2,1.3,0.01,0.1,1.00E-50,13,1.2,50,500000,1.774500012,2052024064
2bb7ee36,dsregpsoLSGO,16/06/2023 10:41,00:08:47,completed,Mmax=0.3 Smax=0.5 Smin=0.05 c1=2.0 c2=1.3 dseta=0.01 fdmax=0.1 fdmin=1.0e-50 function=13.0 lambd=1.0 n=50,0.3,0.5,0.05,2,1.3,0.01,0.1,1.00E-50,13,1,50,500000,3.35739994,2205848320
81b896b6,dsregpsoLSGO,16/06/2023 10:50,00:08:47,completed,Mmax=0.3 Smax=0.5 Smin=0.05 c1=2.0 c2=1.3 dseta=0.01 fdmax=0.1 fdmin=1.0e-50 function=13.0 lambd=1.1 n=50,0.3,0.5,0.05,2,1.3,0.01,0.1,1.00E-50,13,1.1,50,500000,2.504600048,2393568768
048433ca,dsregpsoLSGO,16/06/2023 09:21,00:08:58,completed,Mmax=0.3 Smax=0.5 Smin=0.05 c1=2.0 c2=1.3 dseta=0.01 fdmax=0.1 fdmin=1.0e-50 function=13.0 lambd=0.1 n=50,0.3,0.5,0.05,2,1.3,0.01,0.1,1.00E-50,13,0.1,50,500000,4.741799831,3619312128
