run,operation,started,time,status,label,Mmax,Smax,Smin,c1,c2,dseta,fdmax,fdmin,function,lambd,n,step,global_best,mean_global_best
30b41a1a,dsregpsoLSGO,3/22/2023 10:32,0:10:44,completed,Mmax=1.3 Smax=0.5 Smin=0.05 c1=2.0 c2=2.0 dseta=0.05 fdmax=1 fdmin=1.0e-50 function=5.0 lambd=1.3 n=50,1.3,0.5,0.05,2,2,0.05,1,1.00E-50,5,1.3,50,500000,7.335499763,9699687
ccec1136,dsregpsoLSGO,3/22/2023 10:00,0:10:44,completed,Mmax=1.3 Smax=0.5 Smin=0.05 c1=2.0 c2=2.0 dseta=0.05 fdmax=1 fdmin=1.0e-50 function=5.0 lambd=1.0 n=50,1.3,0.5,0.05,2,2,0.05,1,1.00E-50,5,1,50,500000,1.044800043,9727373
6e13975c,dsregpsoLSGO,3/22/2023 10:21,0:10:47,completed,Mmax=1.3 Smax=0.5 Smin=0.05 c1=2.0 c2=2.0 dseta=0.05 fdmax=1 fdmin=1.0e-50 function=5.0 lambd=1.2 n=50,1.3,0.5,0.05,2,2,0.05,1,1.00E-50,5,1.2,50,500000,7.19990015,10358321
6e0c1aa6,dsregpsoLSGO,3/22/2023 10:11,0:10:41,completed,Mmax=1.3 Smax=0.5 Smin=0.05 c1=2.0 c2=2.0 dseta=0.05 fdmax=1 fdmin=1.0e-50 function=5.0 lambd=1.1 n=50,1.3,0.5,0.05,2,2,0.05,1,1.00E-50,5,1.1,50,500000,6.203499794,10929560
e4316750,dsregpsoLSGO,3/22/2023 9:39,0:10:37,completed,Mmax=1.3 Smax=0.5 Smin=0.05 c1=2.0 c2=2.0 dseta=0.05 fdmax=1 fdmin=1.0e-50 function=5.0 lambd=0.8 n=50,1.3,0.5,0.05,2,2,0.05,1,1.00E-50,5,0.8,50,500000,1.851500034,12774833
b23aba6a,dsregpsoLSGO,3/22/2023 9:28,0:10:38,completed,Mmax=1.3 Smax=0.5 Smin=0.05 c1=2.0 c2=2.0 dseta=0.05 fdmax=1 fdmin=1.0e-50 function=5.0 lambd=0.7 n=50,1.3,0.5,0.05,2,2,0.05,1,1.00E-50,5,0.7,50,500000,1.735000014,12895415
55855b96,dsregpsoLSGO,3/22/2023 9:49,0:10:48,completed,Mmax=1.3 Smax=0.5 Smin=0.05 c1=2.0 c2=2.0 dseta=0.05 fdmax=1 fdmin=1.0e-50 function=5.0 lambd=0.9 n=50,1.3,0.5,0.05,2,2,0.05,1,1.00E-50,5,0.9,50,500000,1.267400026,12929446
34376d17,dsregpsoLSGO,3/22/2023 9:17,0:10:46,completed,Mmax=1.3 Smax=0.5 Smin=0.05 c1=2.0 c2=2.0 dseta=0.05 fdmax=1 fdmin=1.0e-50 function=5.0 lambd=0.6 n=50,1.3,0.5,0.05,2,2,0.05,1,1.00E-50,5,0.6,50,500000,1.630499959,14717145
39490bf3,dsregpsoLSGO,3/22/2023 8:56,0:10:44,completed,Mmax=1.3 Smax=0.5 Smin=0.05 c1=2.0 c2=2.0 dseta=0.05 fdmax=1 fdmin=1.0e-50 function=5.0 lambd=0.4 n=50,1.3,0.5,0.05,2,2,0.05,1,1.00E-50,5,0.4,50,500000,2.629199982,16985922
6982c54c,dsregpsoLSGO,3/22/2023 9:06,0:10:41,completed,Mmax=1.3 Smax=0.5 Smin=0.05 c1=2.0 c2=2.0 dseta=0.05 fdmax=1 fdmin=1.0e-50 function=5.0 lambd=0.5 n=50,1.3,0.5,0.05,2,2,0.05,1,1.00E-50,5,0.5,50,500000,1.109799981,17622098
76771095,dsregpsoLSGO,3/22/2023 8:45,0:10:46,completed,Mmax=1.3 Smax=0.5 Smin=0.05 c1=2.0 c2=2.0 dseta=0.05 fdmax=1 fdmin=1.0e-50 function=5.0 lambd=0.3 n=50,1.3,0.5,0.05,2,2,0.05,1,1.00E-50,5,0.3,50,500000,2.498899937,19120134
33fd1a4a,dsregpsoLSGO,3/22/2023 8:34,0:10:39,completed,Mmax=1.3 Smax=0.5 Smin=0.05 c1=2.0 c2=2.0 dseta=0.05 fdmax=1 fdmin=1.0e-50 function=5.0 lambd=0.2 n=50,1.3,0.5,0.05,2,2,0.05,1,1.00E-50,5,0.2,50,500000,1.765499949,22837846
c6cc3e09,dsregpsoLSGO,3/22/2023 8:24,0:10:40,completed,Mmax=1.3 Smax=0.5 Smin=0.05 c1=2.0 c2=2.0 dseta=0.05 fdmax=1 fdmin=1.0e-50 function=5.0 lambd=0.1 n=50,1.3,0.5,0.05,2,2,0.05,1,1.00E-50,5,0.1,50,500000,2.465199947,23116754
