run,operation,started,time,status,label,Mmax,Smax,Smin,c1,c2,dseta,fdmax,fdmin,function,lambd,n,step,global_best,mean_global_best
716bf642,dsregpsoLSGO,5/19/2023 14:53,0:11:57,completed,Mmax=0.3 Smax=0.5 Smin=0.05 c1=2.0 c2=1.0 dseta=0.001 fdmax=0.1 fdmin=1.0e-25 function=10.0 lambd=0.7 n=50,0.3,0.5,0.05,2,1,0.001,0.1,1.00E-25,10,0.7,50,500000,9.311699867,92262496
3deb3498,dsregpsoLSGO,5/19/2023 14:31,0:11:06,completed,Mmax=0.1 Smax=0.5 Smin=0.05 c1=2.0 c2=1.0 dseta=0.001 fdmax=0.1 fdmin=1.0e-25 function=10.0 lambd=0.7 n=50,0.1,0.5,0.05,2,1,0.001,0.1,1.00E-25,10,0.7,50,500000,9.278900146,92337856
6ea13177,dsregpsoLSGO,5/19/2023 15:41,0:11:58,completed,Mmax=0.7 Smax=0.5 Smin=0.05 c1=2.0 c2=1.0 dseta=0.001 fdmax=0.1 fdmin=1.0e-25 function=10.0 lambd=0.7 n=50,0.7,0.5,0.05,2,1,0.001,0.1,1.00E-25,10,0.7,50,500000,9.23239994,92474776
adc1ac51,dsregpsoLSGO,5/19/2023 15:05,0:11:56,completed,Mmax=0.4 Smax=0.5 Smin=0.05 c1=2.0 c2=1.0 dseta=0.001 fdmax=0.1 fdmin=1.0e-25 function=10.0 lambd=0.7 n=50,0.4,0.5,0.05,2,1,0.001,0.1,1.00E-25,10,0.7,50,500000,9.340999603,92597632
ae191294,dsregpsoLSGO,5/19/2023 15:53,0:11:57,completed,Mmax=0.8 Smax=0.5 Smin=0.05 c1=2.0 c2=1.0 dseta=0.001 fdmax=0.1 fdmin=1.0e-25 function=10.0 lambd=0.7 n=50,0.8,0.5,0.05,2,1,0.001,0.1,1.00E-25,10,0.7,50,500000,9.218600273,92625000
cca88363,dsregpsoLSGO,5/19/2023 15:29,0:12:00,completed,Mmax=0.6 Smax=0.5 Smin=0.05 c1=2.0 c2=1.0 dseta=0.001 fdmax=0.1 fdmin=1.0e-25 function=10.0 lambd=0.7 n=50,0.6,0.5,0.05,2,1,0.001,0.1,1.00E-25,10,0.7,50,500000,9.204000473,92650896
ab95b222,dsregpsoLSGO,5/19/2023 16:29,0:12:08,completed,Mmax=1.1 Smax=0.5 Smin=0.05 c1=2.0 c2=1.0 dseta=0.001 fdmax=0.1 fdmin=1.0e-25 function=10.0 lambd=0.7 n=50,1.1,0.5,0.05,2,1,0.001,0.1,1.00E-25,10,0.7,50,500000,9.242400169,92809664
0c24a8ec,dsregpsoLSGO,5/19/2023 16:05,0:12:01,completed,Mmax=0.9 Smax=0.5 Smin=0.05 c1=2.0 c2=1.0 dseta=0.001 fdmax=0.1 fdmin=1.0e-25 function=10.0 lambd=0.7 n=50,0.9,0.5,0.05,2,1,0.001,0.1,1.00E-25,10,0.7,50,500000,9.398900032,92835320
3093fc7e,dsregpsoLSGO,5/19/2023 16:41,0:12:02,completed,Mmax=1.2 Smax=0.5 Smin=0.05 c1=2.0 c2=1.0 dseta=0.001 fdmax=0.1 fdmin=1.0e-25 function=10.0 lambd=0.7 n=50,1.2,0.5,0.05,2,1,0.001,0.1,1.00E-25,10,0.7,50,500000,9.343500137,92877992
6d66bfb9,dsregpsoLSGO,5/19/2023 16:53,0:11:59,completed,Mmax=1.3 Smax=0.5 Smin=0.05 c1=2.0 c2=1.0 dseta=0.001 fdmax=0.1 fdmin=1.0e-25 function=10.0 lambd=0.7 n=50,1.3,0.5,0.05,2,1,0.001,0.1,1.00E-25,10,0.7,50,500000,9.302000046,92885456
b1c312b0,dsregpsoLSGO,5/19/2023 15:17,0:11:59,completed,Mmax=0.5 Smax=0.5 Smin=0.05 c1=2.0 c2=1.0 dseta=0.001 fdmax=0.1 fdmin=1.0e-25 function=10.0 lambd=0.7 n=50,0.5,0.5,0.05,2,1,0.001,0.1,1.00E-25,10,0.7,50,500000,9.31210041,92907920
dc0795c6,dsregpsoLSGO,5/19/2023 14:42,0:11:03,completed,Mmax=0.2 Smax=0.5 Smin=0.05 c1=2.0 c2=1.0 dseta=0.001 fdmax=0.1 fdmin=1.0e-25 function=10.0 lambd=0.7 n=50,0.2,0.5,0.05,2,1,0.001,0.1,1.00E-25,10,0.7,50,500000,9.228699684,92920288
5a66201b,dsregpsoLSGO,5/19/2023 16:17,0:12:05,completed,Mmax=1.0 Smax=0.5 Smin=0.05 c1=2.0 c2=1.0 dseta=0.001 fdmax=0.1 fdmin=1.0e-25 function=10.0 lambd=0.7 n=50,1,0.5,0.05,2,1,0.001,0.1,1.00E-25,10,0.7,50,500000,9.319899559,92933704
2ee115d4,dsregpsoLSGO,5/19/2023 14:19,0:11:18,completed,Mmax=0.0 Smax=0.5 Smin=0.05 c1=2.0 c2=1.0 dseta=0.001 fdmax=0.1 fdmin=1.0e-25 function=10.0 lambd=0.7 n=50,0,0.5,0.05,2,1,0.001,0.1,1.00E-25,10,0.7,50,500000,9.285400391,92936040
