run,operation,started,time,status,label,Mmax,Smax,Smin,c1,c2,dseta,fdmax,fdmin,function,lambd,n,step,global_best,mean_global_best
dfda737c,dsregpsoLSGO,3/16/2023 9:02,0:08:50,completed,Mmax=0.0 Smax=0.5 Smin=0.05 c1=2.0 c2=1.0 dseta=0.001 fdmax=0.1 fdmin=1.0e-50 function=4.0 lambd=1.0 n=50,0,0.5,0.05,2,1,0.001,0.1,1.00E-50,4,1,50,500000,1.35800004,16031933440
207093ab,dsregpsoLSGO,3/16/2023 8:45,0:08:39,completed,Mmax=0.0 Smax=0.3 Smin=0.05 c1=2.0 c2=1.0 dseta=0.001 fdmax=0.1 fdmin=1.0e-50 function=4.0 lambd=1.0 n=50,0,0.3,0.05,2,1,0.001,0.1,1.00E-50,4,1,50,500000,1.319200039,16172521472
31c85c28,dsregpsoLSGO,3/16/2023 8:53,0:08:35,completed,Mmax=0.0 Smax=0.4 Smin=0.05 c1=2.0 c2=1.0 dseta=0.001 fdmax=0.1 fdmin=1.0e-50 function=4.0 lambd=1.0 n=50,0,0.4,0.05,2,1,0.001,0.1,1.00E-50,4,1,50,500000,1.270400047,18026268672
d9587486,dsregpsoLSGO,3/16/2023 9:20,0:09:02,completed,Mmax=0.0 Smax=0.7 Smin=0.05 c1=2.0 c2=1.0 dseta=0.001 fdmax=0.1 fdmin=1.0e-50 function=4.0 lambd=1.0 n=50,0,0.7,0.05,2,1,0.001,0.1,1.00E-50,4,1,50,500000,1.341599941,18739339264
1a0be9c5,dsregpsoLSGO,3/16/2023 9:29,0:08:52,completed,Mmax=0.0 Smax=0.8 Smin=0.05 c1=2.0 c2=1.0 dseta=0.001 fdmax=0.1 fdmin=1.0e-50 function=4.0 lambd=1.0 n=50,0,0.8,0.05,2,1,0.001,0.1,1.00E-50,4,1,50,500000,1.360700011,19607263232
271a4744,dsregpsoLSGO,3/16/2023 8:27,0:08:45,completed,Mmax=0.0 Smax=0.1 Smin=0.05 c1=2.0 c2=1.0 dseta=0.001 fdmax=0.1 fdmin=1.0e-50 function=4.0 lambd=1.0 n=50,0,0.1,0.05,2,1,0.001,0.1,1.00E-50,4,1,50,500000,1.770099998,20227377152
50c94545,dsregpsoLSGO,3/16/2023 9:46,0:08:56,completed,Mmax=0.0 Smax=1.0 Smin=0.05 c1=2.0 c2=1.0 dseta=0.001 fdmax=0.1 fdmin=1.0e-50 function=4.0 lambd=1.0 n=50,0,1,0.05,2,1,0.001,0.1,1.00E-50,4,1,50,500000,1.222900033,20520697856
f579dbc7,dsregpsoLSGO,3/16/2023 9:38,0:08:49,completed,Mmax=0.0 Smax=0.9 Smin=0.05 c1=2.0 c2=1.0 dseta=0.001 fdmax=0.1 fdmin=1.0e-50 function=4.0 lambd=1.0 n=50,0,0.9,0.05,2,1,0.001,0.1,1.00E-50,4,1,50,500000,1.585800052,20805130240
620e8a2d,dsregpsoLSGO,3/16/2023 9:11,0:08:59,completed,Mmax=0.0 Smax=0.6 Smin=0.05 c1=2.0 c2=1.0 dseta=0.001 fdmax=0.1 fdmin=1.0e-50 function=4.0 lambd=1.0 n=50,0,0.6,0.05,2,1,0.001,0.1,1.00E-50,4,1,50,500000,1.543300033,21680060416
f380b8f2,dsregpsoLSGO,3/16/2023 8:36,0:09:00,completed,Mmax=0.0 Smax=0.2 Smin=0.05 c1=2.0 c2=1.0 dseta=0.001 fdmax=0.1 fdmin=1.0e-50 function=4.0 lambd=1.0 n=50,0,0.2,0.05,2,1,0.001,0.1,1.00E-50,4,1,50,500000,1.634699941,22434549760
