run,operation,started,time,status,label,Mmax,Smax,Smin,c1,c2,dseta,fdmax,fdmin,function,lambd,n,step,global_best,mean_global_best
c5ae2306,dsregpsoLSGO,31/01/2023 09:02,00:09:59,completed,Mmax=0.1 Smax=0.1 Smin=0.05 c1=2.0 c2=1.5 dseta=0.5 fdmax=1.0e-05 fdmin=1.0e-100 function=3.0 lambd=0.2 n=20,0.1,0.1,0.05,2,1.5,0.5,1.00E-05,1.00E-100,3,0.2,20,500000,2.001499891,20.00866127
a744ae9e,dsregpsoLSGO,31/01/2023 08:52,00:10:25,completed,Mmax=0.1 Smax=0.1 Smin=0.05 c1=2.0 c2=1.5 dseta=0.5 fdmax=1.0e-05 fdmin=1.0e-100 function=3.0 lambd=0.2 n=10,0.1,0.1,0.05,2,1.5,0.5,1.00E-05,1.00E-100,3,0.2,10,500000,2.001600027,20.01068878
92fcade5,dsregpsoLSGO,31/01/2023 09:32,00:09:40,completed,Mmax=0.1 Smax=0.1 Smin=0.05 c1=2.0 c2=1.5 dseta=0.5 fdmax=1.0e-05 fdmin=1.0e-100 function=3.0 lambd=0.2 n=50,0.1,0.1,0.05,2,1.5,0.5,1.00E-05,1.00E-100,3,0.2,50,500000,2.00090003,20.01505661
9d88b41d,dsregpsoLSGO,31/01/2023 08:41,00:11:04,completed,Mmax=0.1 Smax=0.1 Smin=0.05 c1=2.0 c2=1.5 dseta=0.5 fdmax=1.0e-05 fdmin=1.0e-100 function=3.0 lambd=0.2 n=5,0.1,0.1,0.05,2,1.5,0.5,1.00E-05,1.00E-100,3,0.2,5,500000,2.002199888,20.01632309
2e4076c2,dsregpsoLSGO,31/01/2023 09:12,00:09:53,completed,Mmax=0.1 Smax=0.1 Smin=0.05 c1=2.0 c2=1.5 dseta=0.5 fdmax=1.0e-05 fdmin=1.0e-100 function=3.0 lambd=0.2 n=30,0.1,0.1,0.05,2,1.5,0.5,1.00E-05,1.00E-100,3,0.2,30,480000,2.002899885,20.01861191
851aed7f,dsregpsoLSGO,31/01/2023 09:22,00:09:45,completed,Mmax=0.1 Smax=0.1 Smin=0.05 c1=2.0 c2=1.5 dseta=0.5 fdmax=1.0e-05 fdmin=1.0e-100 function=3.0 lambd=0.2 n=40,0.1,0.1,0.05,2,1.5,0.5,1.00E-05,1.00E-100,3,0.2,40,500000,2.002199888,20.02313805
5608738a,dsregpsoLSGO,31/01/2023 09:42,00:09:37,completed,Mmax=0.1 Smax=0.1 Smin=0.05 c1=2.0 c2=1.5 dseta=0.5 fdmax=1.0e-05 fdmin=1.0e-100 function=3.0 lambd=0.2 n=60,0.1,0.1,0.05,2,1.5,0.5,1.00E-05,1.00E-100,3,0.2,60,480000,2.007699966,20.04189873
491f7be8,dsregpsoLSGO,31/01/2023 10:01,00:09:38,completed,Mmax=0.1 Smax=0.1 Smin=0.05 c1=2.0 c2=1.5 dseta=0.5 fdmax=1.0e-05 fdmin=1.0e-100 function=3.0 lambd=0.2 n=80,0.1,0.1,0.05,2,1.5,0.5,1.00E-05,1.00E-100,3,0.2,80,500000,2.006000042,20.05473137
118fe4f5,dsregpsoLSGO,31/01/2023 08:25,00:16:24,completed,Mmax=0.1 Smax=0.1 Smin=0.05 c1=2.0 c2=1.5 dseta=0.5 fdmax=1.0e-05 fdmin=1.0e-100 function=3.0 lambd=0.2 n=1,0.1,0.1,0.05,2,1.5,0.5,1.00E-05,1.00E-100,3,0.2,1,500000,2.008899927,20.067379
f561d2d4,dsregpsoLSGO,31/01/2023 09:51,00:09:36,completed,Mmax=0.1 Smax=0.1 Smin=0.05 c1=2.0 c2=1.5 dseta=0.5 fdmax=1.0e-05 fdmin=1.0e-100 function=3.0 lambd=0.2 n=70,0.1,0.1,0.05,2,1.5,0.5,1.00E-05,1.00E-100,3,0.2,70,490000,2.004499912,20.0690937
56512817,dsregpsoLSGO,31/01/2023 10:11,00:09:42,completed,Mmax=0.1 Smax=0.1 Smin=0.05 c1=2.0 c2=1.5 dseta=0.5 fdmax=1.0e-05 fdmin=1.0e-100 function=3.0 lambd=0.2 n=90,0.1,0.1,0.05,2,1.5,0.5,1.00E-05,1.00E-100,3,0.2,90,450000,2.014800072,20.11803818
6bf60311,dsregpsoLSGO,31/01/2023 10:20,00:09:51,completed,Mmax=0.1 Smax=0.1 Smin=0.05 c1=2.0 c2=1.5 dseta=0.5 fdmax=1.0e-05 fdmin=1.0e-100 function=3.0 lambd=0.2 n=100,0.1,0.1,0.05,2,1.5,0.5,1.00E-05,1.00E-100,3,0.2,100,500000,2.010299921,20.14836884
