run,operation,started,time,status,label,Mmax,Smax,Smin,c1,c2,dseta,fdmax,fdmin,function,lambd,n,step,global_best,mean_global_best
9b61b20b,dsregpsoLSGO,14/06/2023 17:22,00:08:49,completed,Mmax=0.7 Smax=0.5 Smin=0.05 c1=2.0 c2=1.0 dseta=0.01 fdmax=0.1 fdmin=1.0e-50 function=13.0 lambd=0.7 n=50,0.7,0.5,0.05,2,1,0.01,0.1,1.00E-50,13,0.7,50,500000,2.40989995,2967488000
12f41eef,dsregpsoLSGO,14/06/2023 17:31,00:08:57,completed,Mmax=0.7 Smax=0.5 Smin=0.05 c1=2.0 c2=1.0 dseta=0.05 fdmax=0.1 fdmin=1.0e-50 function=13.0 lambd=0.7 n=50,0.7,0.5,0.05,2,1,0.05,0.1,1.00E-50,13,0.7,50,500000,4.131999969,3332330752
d086e169,dsregpsoLSGO,14/06/2023 17:48,00:08:54,completed,Mmax=0.7 Smax=0.5 Smin=0.05 c1=2.0 c2=1.0 dseta=0.5 fdmax=0.1 fdmin=1.0e-50 function=13.0 lambd=0.7 n=50,0.7,0.5,0.05,2,1,0.5,0.1,1.00E-50,13,0.7,50,500000,5.526400089,5598060032
a07d5209,dsregpsoLSGO,14/06/2023 17:40,00:08:49,completed,Mmax=0.7 Smax=0.5 Smin=0.05 c1=2.0 c2=1.0 dseta=0.1 fdmax=0.1 fdmin=1.0e-50 function=13.0 lambd=0.7 n=50,0.7,0.5,0.05,2,1,0.1,0.1,1.00E-50,13,0.7,50,500000,1.247300029,6112018944
37cbc53f,dsregpsoLSGO,14/06/2023 17:13,00:08:58,completed,Mmax=0.7 Smax=0.5 Smin=0.05 c1=2.0 c2=1.0 dseta=0.001 fdmax=0.1 fdmin=1.0e-50 function=13.0 lambd=0.7 n=50,0.7,0.5,0.05,2,1,0.001,0.1,1.00E-50,13,0.7,50,500000,8.342000008,8696799232
818b7e16,dsregpsoLSGO,14/06/2023 17:04,00:08:59,completed,Mmax=0.7 Smax=0.5 Smin=0.05 c1=2.0 c2=1.0 dseta=0.0001 fdmax=0.1 fdmin=1.0e-50 function=13.0 lambd=0.7 n=50,0.7,0.5,0.05,2,1,0.0001,0.1,1.00E-50,13,0.7,50,500000,2.027699947,1.2909E+11
d85eb0bc,dsregpsoLSGO,14/06/2023 16:54,00:09:27,completed,Mmax=0.7 Smax=0.5 Smin=0.05 c1=2.0 c2=1.0 dseta=1.0e-05 fdmax=0.1 fdmin=1.0e-50 function=13.0 lambd=0.7 n=50,0.7,0.5,0.05,2,1,1.00E-05,0.1,1.00E-50,13,0.7,50,500000,8.484800339,2.40205E+11
