run,operation,started,time,status,label,Mmax,Smax,Smin,c1,c2,dseta,fdmax,fdmin,function,lambd,n,step,global_best,mean_global_best
b7b5d7ea,dsregpsoLSGO,04/07/2023 10:52,00:05:51,completed,Mmax=0.7 Smax=0.5 Smin=0.05 c1=2.0 c2=1.0 dseta=0.001 fdmax=1.0e-25 fdmin=1.0e-50 function=15.0 lambd=0.7 n=50,0.7,0.5,0.05,2,1,0.001,1.00E-25,1.00E-50,15,0.7,50,500000,5.665800095,5651509
4cc9ba5e,dsregpsoLSGO,04/07/2023 10:46,00:05:44,completed,Mmax=0.7 Smax=0.5 Smin=0.05 c1=2.0 c2=1.0 dseta=0.001 fdmax=1.0e-25 fdmin=1.0e-100 function=15.0 lambd=0.7 n=50,0.7,0.5,0.05,2,1,0.001,1.00E-25,1.00E-100,15,0.7,50,500000,5.665800095,5651509
f0233823,dsregpsoLSGO,04/07/2023 10:41,00:05:42,completed,Mmax=0.7 Smax=0.5 Smin=0.05 c1=2.0 c2=1.0 dseta=0.001 fdmax=1.0e-25 fdmin=1.0e-200 function=15.0 lambd=0.7 n=50,0.7,0.5,0.05,2,1,0.001,1.00E-25,1.00E-200,15,0.7,50,500000,5.665800095,5651509
ea013689,dsregpsoLSGO,04/07/2023 10:58,00:05:42,completed,Mmax=0.7 Smax=0.5 Smin=0.05 c1=2.0 c2=1.0 dseta=0.001 fdmax=1.0e-25 fdmin=1.0e-25 function=15.0 lambd=0.7 n=50,0.7,0.5,0.05,2,1,0.001,1.00E-25,1.00E-25,15,0.7,50,500000,5.586200237,6561938
36303cad,dsregpsoLSGO,04/07/2023 11:24,00:06:46,completed,Mmax=0.7 Smax=0.5 Smin=0.05 c1=2.0 c2=1.0 dseta=0.001 fdmax=1.0e-25 fdmin=1 function=15.0 lambd=0.7 n=50,0.7,0.5,0.05,2,1,0.001,1.00E-25,1,15,0.7,50,500000,2.4223001,
6a07da81,dsregpsoLSGO,04/07/2023 11:17,00:06:51,completed,Mmax=0.7 Smax=0.5 Smin=0.05 c1=2.0 c2=1.0 dseta=0.001 fdmax=1.0e-25 fdmin=0.1 function=15.0 lambd=0.7 n=50,0.7,0.5,0.05,2,1,0.001,1.00E-25,0.1,15,0.7,50,500000,2.4223001,
f82779d4,dsregpsoLSGO,04/07/2023 11:10,00:06:46,completed,Mmax=0.7 Smax=0.5 Smin=0.05 c1=2.0 c2=1.0 dseta=0.001 fdmax=1.0e-25 fdmin=1.0e-05 function=15.0 lambd=0.7 n=50,0.7,0.5,0.05,2,1,0.001,1.00E-25,1.00E-05,15,0.7,50,500000,2.4223001,
af88b096,dsregpsoLSGO,04/07/2023 11:04,00:06:52,completed,Mmax=0.7 Smax=0.5 Smin=0.05 c1=2.0 c2=1.0 dseta=0.001 fdmax=1.0e-25 fdmin=1.0e-10 function=15.0 lambd=0.7 n=50,0.7,0.5,0.05,2,1,0.001,1.00E-25,1.00E-10,15,0.7,50,500000,2.4223001,
