run,operation,started,time,status,label,Mmax,Smax,Smin,c1,c2,dseta,fdmax,fdmin,function,lambd,n,step,global_best,mean_global_best
5769d125,dsregpsoLSGO,3/23/2023 17:29,00:10:19,completed,Mmax=1.3 Smax=0.3 Smin=0.05 c1=2.0 c2=2.0 dseta=0.05 fdmax=1 fdmin=1.0e-50 function=5.0 lambd=1.3 n=40,1.3,0.3,0.05,2,2,0.05,1,1.00E-50,5,1.3,40,500000,7.124199867,6608512.5
d4903807,dsregpsoLSGO,3/23/2023 17:18,00:10:48,completed,Mmax=1.3 Smax=0.3 Smin=0.05 c1=2.0 c2=2.0 dseta=0.05 fdmax=1 fdmin=1.0e-50 function=5.0 lambd=1.3 n=30,1.3,0.3,0.05,2,2,0.05,1,1.00E-50,5,1.3,30,480000,8.540200233,6951993
489cf8f0,dsregpsoLSGO,3/23/2023 17:49,00:10:19,completed,Mmax=1.3 Smax=0.3 Smin=0.05 c1=2.0 c2=2.0 dseta=0.05 fdmax=1 fdmin=1.0e-50 function=5.0 lambd=1.3 n=60,1.3,0.3,0.05,2,2,0.05,1,1.00E-50,5,1.3,60,480000,8.013799667,7006400.5
24a9ca95,dsregpsoLSGO,3/23/2023 17:39,00:10:16,completed,Mmax=1.3 Smax=0.3 Smin=0.05 c1=2.0 c2=2.0 dseta=0.05 fdmax=1 fdmin=1.0e-50 function=5.0 lambd=1.3 n=50,1.3,0.3,0.05,2,2,0.05,1,1.00E-50,5,1.3,50,500000,6.22329998,7992010.5
76542657,dsregpsoLSGO,3/23/2023 16:44,00:11:42,completed,Mmax=1.3 Smax=0.3 Smin=0.05 c1=2.0 c2=2.0 dseta=0.05 fdmax=1 fdmin=1.0e-50 function=5.0 lambd=1.3 n=5,1.3,0.3,0.05,2,2,0.05,1,1.00E-50,5,1.3,5,500000,7.851900101,8265670.5
b0294616,dsregpsoLSGO,3/23/2023 17:07,00:10:28,completed,Mmax=1.3 Smax=0.3 Smin=0.05 c1=2.0 c2=2.0 dseta=0.05 fdmax=1 fdmin=1.0e-50 function=5.0 lambd=1.3 n=20,1.3,0.3,0.05,2,2,0.05,1,1.00E-50,5,1.3,20,500000,5.875899792,8496974
af12288c,dsregpsoLSGO,3/23/2023 18:00,00:10:30,completed,Mmax=1.3 Smax=0.3 Smin=0.05 c1=2.0 c2=2.0 dseta=0.05 fdmax=1 fdmin=1.0e-50 function=5.0 lambd=1.3 n=70,1.3,0.3,0.05,2,2,0.05,1,1.00E-50,5,1.3,70,490000,8.058899879,9425736
4805b17a,dsregpsoLSGO,3/23/2023 16:56,00:11:33,completed,Mmax=1.3 Smax=0.3 Smin=0.05 c1=2.0 c2=2.0 dseta=0.05 fdmax=1 fdmin=1.0e-50 function=5.0 lambd=1.3 n=10,1.3,0.3,0.05,2,2,0.05,1,1.00E-50,5,1.3,10,500000,8.619799614,9934388
539cca44,dsregpsoLSGO,3/23/2023 18:31,00:10:31,completed,Mmax=1.3 Smax=0.3 Smin=0.05 c1=2.0 c2=2.0 dseta=0.05 fdmax=1 fdmin=1.0e-50 function=5.0 lambd=1.3 n=100,1.3,0.3,0.05,2,2,0.05,1,1.00E-50,5,1.3,100,500000,8.609900475,10360152
ec1806c4,dsregpsoLSGO,3/23/2023 18:10,00:10:38,completed,Mmax=1.3 Smax=0.3 Smin=0.05 c1=2.0 c2=2.0 dseta=0.05 fdmax=1 fdmin=1.0e-50 function=5.0 lambd=1.3 n=80,1.3,0.3,0.05,2,2,0.05,1,1.00E-50,5,1.3,80,500000,4.717700005,10514531
9eb3279a,dsregpsoLSGO,3/23/2023 18:21,00:10:23,completed,Mmax=1.3 Smax=0.3 Smin=0.05 c1=2.0 c2=2.0 dseta=0.05 fdmax=1 fdmin=1.0e-50 function=5.0 lambd=1.3 n=90,1.3,0.3,0.05,2,2,0.05,1,1.00E-50,5,1.3,90,450000,8.944499969,12086379
c081d740,dsregpsoLSGO,3/23/2023 16:27,00:16:43,completed,Mmax=1.3 Smax=0.3 Smin=0.05 c1=2.0 c2=2.0 dseta=0.05 fdmax=1 fdmin=1.0e-50 function=5.0 lambd=1.3 n=1,1.3,0.3,0.05,2,2,0.05,1,1.00E-50,5,1.3,1,500000,1.375,17885116
