run,operation,started,time,status,label,Mmax,Smax,Smin,c1,c2,dseta,fdmax,fdmin,function,lambd,n,step,global_best,mean_global_best
f775c634,dsregpsoLSGO,5/10/2023 10:05,0:10:17,completed,Mmax=0.7 Smax=0.5 Smin=0.05 c1=2.0 c2=1.0 dseta=0.001 fdmax=1.0e-25 fdmin=1.0e-25 function=9.0 lambd=0.7 n=50,0.7,0.5,0.05,2,1,0.001,1.00E-25,1.00E-25,9,0.7,50,500000,2.182199955,1952145024
3c0dbeb1,dsregpsoLSGO,5/10/2023 9:55,0:10:11,completed,Mmax=0.7 Smax=0.5 Smin=0.05 c1=2.0 c2=1.0 dseta=0.001 fdmax=1.0e-25 fdmin=1.0e-50 function=9.0 lambd=0.7 n=50,0.7,0.5,0.05,2,1,0.001,1.00E-25,1.00E-50,9,0.7,50,500000,2.448999882,2309581312
bee74c31,dsregpsoLSGO,5/10/2023 9:45,0:10:26,completed,Mmax=0.7 Smax=0.5 Smin=0.05 c1=2.0 c2=1.0 dseta=0.001 fdmax=1.0e-25 fdmin=1.0e-100 function=9.0 lambd=0.7 n=50,0.7,0.5,0.05,2,1,0.001,1.00E-25,1.00E-100,9,0.7,50,500000,2.448999882,2309581312
69d7a90a,dsregpsoLSGO,5/10/2023 9:34,0:10:28,completed,Mmax=0.7 Smax=0.5 Smin=0.05 c1=2.0 c2=1.0 dseta=0.001 fdmax=1.0e-25 fdmin=1.0e-200 function=9.0 lambd=0.7 n=50,0.7,0.5,0.05,2,1,0.001,1.00E-25,1.00E-200,9,0.7,50,500000,2.448999882,2309581312
062fe707,dsregpsoLSGO,5/10/2023 10:50,0:11:17,completed,Mmax=0.7 Smax=0.5 Smin=0.05 c1=2.0 c2=1.0 dseta=0.001 fdmax=1.0e-25 fdmin=1 function=9.0 lambd=0.7 n=50,0.7,0.5,0.05,2,1,0.001,1.00E-25,1,9,0.7,50,500000,4.125899792,4585529344
ee76bd79,dsregpsoLSGO,5/10/2023 10:38,0:11:13,completed,Mmax=0.7 Smax=0.5 Smin=0.05 c1=2.0 c2=1.0 dseta=0.001 fdmax=1.0e-25 fdmin=0.1 function=9.0 lambd=0.7 n=50,0.7,0.5,0.05,2,1,0.001,1.00E-25,0.1,9,0.7,50,500000,4.125899792,4585529344
27b385dd,dsregpsoLSGO,5/10/2023 10:27,0:11:17,completed,Mmax=0.7 Smax=0.5 Smin=0.05 c1=2.0 c2=1.0 dseta=0.001 fdmax=1.0e-25 fdmin=1.0e-05 function=9.0 lambd=0.7 n=50,0.7,0.5,0.05,2,1,0.001,1.00E-25,1.00E-05,9,0.7,50,500000,4.125899792,4585529344
81d58630,dsregpsoLSGO,5/10/2023 10:16,0:11:20,completed,Mmax=0.7 Smax=0.5 Smin=0.05 c1=2.0 c2=1.0 dseta=0.001 fdmax=1.0e-25 fdmin=1.0e-10 function=9.0 lambd=0.7 n=50,0.7,0.5,0.05,2,1,0.001,1.00E-25,1.00E-10,9,0.7,50,500000,4.125899792,4585529344
