run,operation,started,time,status,label,Mmax,Smax,Smin,c1,c2,dseta,fdmax,fdmin,function,lambd,n,step,global_best,mean_global_best
560ac6d4,dsregpsoLSGO,27/01/2023 08:33,00:09:31,completed,Mmax=0.1 Smax=0.1 Smin=0.05 c1=2.0 c2=1.5 dseta=0.5 fdmax=1.0e-05 fdmin=1.0e-100 function=3.0 lambd=0.2 n=50,0.1,0.1,0.05,2,1.5,0.5,1.00E-05,1.00E-100,3,0.2,50,500000,2.00090003,20.01505661
fd317568,dsregpsoLSGO,27/01/2023 09:40,00:09:45,completed,Mmax=0.1 Smax=0.8 Smin=0.05 c1=2.0 c2=1.5 dseta=0.5 fdmax=1.0e-05 fdmin=1.0e-100 function=3.0 lambd=0.2 n=50,0.1,0.8,0.05,2,1.5,0.5,1.00E-05,1.00E-100,3,0.2,50,500000,2.002599955,20.01686668
06d21b3e,dsregpsoLSGO,27/01/2023 09:50,00:09:45,completed,Mmax=0.1 Smax=0.9 Smin=0.05 c1=2.0 c2=1.5 dseta=0.5 fdmax=1.0e-05 fdmin=1.0e-100 function=3.0 lambd=0.2 n=50,0.1,0.9,0.05,2,1.5,0.5,1.00E-05,1.00E-100,3,0.2,50,500000,2.002000093,20.01730156
b8d71caf,dsregpsoLSGO,27/01/2023 15:48,00:09:54,completed,Mmax=0.1 Smax=0.05 Smin=0.05 c1=2.0 c2=1.5 dseta=0.5 fdmax=1.0e-05 fdmin=1.0e-100 function=3.0 lambd=0.2 n=50,0.1,0.05,0.05,2,1.5,0.5,1.00E-05,1.00E-100,3,0.2,50,500000,2.003400087,20.01961327
07f4b859,dsregpsoLSGO,27/01/2023 08:43,00:09:41,completed,Mmax=0.1 Smax=0.2 Smin=0.05 c1=2.0 c2=1.5 dseta=0.5 fdmax=1.0e-05 fdmin=1.0e-100 function=3.0 lambd=0.2 n=50,0.1,0.2,0.05,2,1.5,0.5,1.00E-05,1.00E-100,3,0.2,50,500000,2.001300097,20.01961708
5a2f0843,dsregpsoLSGO,27/01/2023 09:59,00:09:59,completed,Mmax=0.1 Smax=1.0 Smin=0.05 c1=2.0 c2=1.5 dseta=0.5 fdmax=1.0e-05 fdmin=1.0e-100 function=3.0 lambd=0.2 n=50,0.1,1,0.05,2,1.5,0.5,1.00E-05,1.00E-100,3,0.2,50,500000,2.005100012,20.02477264
329dfaee,dsregpsoLSGO,27/01/2023 09:02,00:09:26,completed,Mmax=0.1 Smax=0.4 Smin=0.05 c1=2.0 c2=1.5 dseta=0.5 fdmax=1.0e-05 fdmin=1.0e-100 function=3.0 lambd=0.2 n=50,0.1,0.4,0.05,2,1.5,0.5,1.00E-05,1.00E-100,3,0.2,50,500000,2.003499985,20.02621078
30cab67e,dsregpsoLSGO,27/01/2023 09:21,00:09:31,completed,Mmax=0.1 Smax=0.6 Smin=0.05 c1=2.0 c2=1.5 dseta=0.5 fdmax=1.0e-05 fdmin=1.0e-100 function=3.0 lambd=0.2 n=50,0.1,0.6,0.05,2,1.5,0.5,1.00E-05,1.00E-100,3,0.2,50,500000,2.003400087,20.02635765
043775f9,dsregpsoLSGO,27/01/2023 09:11,00:09:22,completed,Mmax=0.1 Smax=0.5 Smin=0.05 c1=2.0 c2=1.5 dseta=0.5 fdmax=1.0e-05 fdmin=1.0e-100 function=3.0 lambd=0.2 n=50,0.1,0.5,0.05,2,1.5,0.5,1.00E-05,1.00E-100,3,0.2,50,500000,2.00270009,20.02645302
b06541cd,dsregpsoLSGO,27/01/2023 16:17,00:09:59,completed,Mmax=0.1 Smax=0.08 Smin=0.05 c1=2.0 c2=1.5 dseta=0.5 fdmax=1.0e-05 fdmin=1.0e-100 function=3.0 lambd=0.2 n=50,0.1,0.08,0.05,2,1.5,0.5,1.00E-05,1.00E-100,3,0.2,50,500000,2.003000021,20.02687645
8644049e,dsregpsoLSGO,27/01/2023 16:27,00:10:23,completed,Mmax=0.1 Smax=0.09 Smin=0.05 c1=2.0 c2=1.5 dseta=0.5 fdmax=1.0e-05 fdmin=1.0e-100 function=3.0 lambd=0.2 n=50,0.1,0.09,0.05,2,1.5,0.5,1.00E-05,1.00E-100,3,0.2,50,500000,2.004499912,20.03057671
9f2371d2,dsregpsoLSGO,27/01/2023 09:30,00:09:48,completed,Mmax=0.1 Smax=0.7 Smin=0.05 c1=2.0 c2=1.5 dseta=0.5 fdmax=1.0e-05 fdmin=1.0e-100 function=3.0 lambd=0.2 n=50,0.1,0.7,0.05,2,1.5,0.5,1.00E-05,1.00E-100,3,0.2,50,500000,2.003400087,20.03370094
4d5ec4a0,dsregpsoLSGO,27/01/2023 16:07,00:09:56,completed,Mmax=0.1 Smax=0.07 Smin=0.05 c1=2.0 c2=1.5 dseta=0.5 fdmax=1.0e-05 fdmin=1.0e-100 function=3.0 lambd=0.2 n=50,0.1,0.07,0.05,2,1.5,0.5,1.00E-05,1.00E-100,3,0.2,50,500000,2.003499985,20.03372765
d816e811,dsregpsoLSGO,27/01/2023 15:58,00:09:55,completed,Mmax=0.1 Smax=0.06 Smin=0.05 c1=2.0 c2=1.5 dseta=0.5 fdmax=1.0e-05 fdmin=1.0e-100 function=3.0 lambd=0.2 n=50,0.1,0.06,0.05,2,1.5,0.5,1.00E-05,1.00E-100,3,0.2,50,500000,2.006400108,20.03426933
d5e9447d,dsregpsoLSGO,27/01/2023 08:52,00:09:22,completed,Mmax=0.1 Smax=0.3 Smin=0.05 c1=2.0 c2=1.5 dseta=0.5 fdmax=1.0e-05 fdmin=1.0e-100 function=3.0 lambd=0.2 n=50,0.1,0.3,0.05,2,1.5,0.5,1.00E-05,1.00E-100,3,0.2,50,500000,2.003099918,20.03479385
