run,operation,started,time,status,label,Mmax,Smax,Smin,c1,c2,dseta,fdmax,fdmin,function,lambd,n,step,global_best,mean_global_best
0a716cfc,dsregpsoLSGO,09/12/2022 15:04,00:09:25,completed,Mmax=0.7 Smax=0.5 Smin=0.05 c1=2.0 c2=1.0 dseta=0.05 fdmax=1.0e-200 fdmin=1.0e-200 function=1.0 lambd=0.7 n=50,0.7,0.5,0.05,2,1,0.05,1.00E-200,1.00E-200,1,0.7,50,500000,1.435199976,13594821
0bf4a8ac,dsregpsoLSGO,09/12/2022 14:56,00:08:07,completed,Mmax=0.7 Smax=0.5 Smin=0.05 c1=2.0 c2=1.0 dseta=0.01 fdmax=1.0e-200 fdmin=1.0e-200 function=1.0 lambd=0.7 n=50,0.7,0.5,0.05,2,1,0.01,1.00E-200,1.00E-200,1,0.7,50,500000,1.230499983,14016469
e85c0216,dsregpsoLSGO,09/12/2022 15:23,00:09:44,completed,Mmax=0.7 Smax=0.5 Smin=0.05 c1=2.0 c2=1.0 dseta=0.5 fdmax=1.0e-200 fdmin=1.0e-200 function=1.0 lambd=0.7 n=50,0.7,0.5,0.05,2,1,0.5,1.00E-200,1.00E-200,1,0.7,50,500000,1.483299971,14313245
36148a90,dsregpsoLSGO,09/12/2022 15:14,00:09:38,completed,Mmax=0.7 Smax=0.5 Smin=0.05 c1=2.0 c2=1.0 dseta=0.1 fdmax=1.0e-200 fdmin=1.0e-200 function=1.0 lambd=0.7 n=50,0.7,0.5,0.05,2,1,0.1,1.00E-200,1.00E-200,1,0.7,50,500000,1.556300044,15707787
508a03d4,dsregpsoLSGO,09/12/2022 14:49,00:07:01,completed,Mmax=0.7 Smax=0.5 Smin=0.05 c1=2.0 c2=1.0 dseta=0.001 fdmax=1.0e-200 fdmin=1.0e-200 function=1.0 lambd=0.7 n=50,0.7,0.5,0.05,2,1,0.001,1.00E-200,1.00E-200,1,0.7,50,500000,6.223400116,59086456
744ad547,dsregpsoLSGO,09/12/2022 14:42,00:06:50,completed,Mmax=0.7 Smax=0.5 Smin=0.05 c1=2.0 c2=1.0 dseta=0.0001 fdmax=1.0e-200 fdmin=1.0e-200 function=1.0 lambd=0.7 n=50,0.7,0.5,0.05,2,1,0.0001,1.00E-200,1.00E-200,1,0.7,50,500000,5.312300205,487993760
66022f29,dsregpsoLSGO,09/12/2022 14:35,00:07:14,completed,Mmax=0.7 Smax=0.5 Smin=0.05 c1=2.0 c2=1.0 dseta=1.0e-05 fdmax=1.0e-200 fdmin=1.0e-200 function=1.0 lambd=0.7 n=50,0.7,0.5,0.05,2,1,1.00E-05,1.00E-200,1.00E-200,1,0.7,50,500000,2.380399942,2040738560
