run,operation,started,time,status,label,Mmax,Smax,Smin,c1,c2,dseta,fdmax,fdmin,function,lambd,n,step,global_best,mean_global_best
0ec08785,dsregpsoLSGO,4/29/2023 20:50,0:10:19,completed,Mmax=0.6 Smax=0.5 Smin=0.05 c1=2.0 c2=0.6 dseta=0.05 fdmax=1.0e-10 fdmin=1.0e-25 function=8.0 lambd=0.7 n=50,0.6,0.5,0.05,2,0.6,0.05,1.00E-10,1.00E-25,8,0.7,50,500000,2.248699903,2.02754E+14
88c7b2df,dsregpsoLSGO,4/29/2023 21:51,0:10:08,completed,Mmax=0.6 Smax=0.5 Smin=0.05 c1=2.0 c2=1.2 dseta=0.05 fdmax=1.0e-10 fdmin=1.0e-25 function=8.0 lambd=0.7 n=50,0.6,0.5,0.05,2,1.2,0.05,1.00E-10,1.00E-25,8,0.7,50,500000,1.030900002,2.06462E+14
8983eb16,dsregpsoLSGO,4/29/2023 21:31,0:10:12,completed,Mmax=0.6 Smax=0.5 Smin=0.05 c1=2.0 c2=1.0 dseta=0.05 fdmax=1.0e-10 fdmin=1.0e-25 function=8.0 lambd=0.7 n=50,0.6,0.5,0.05,2,1,0.05,1.00E-10,1.00E-25,8,0.7,50,500000,1.51789999,2.12795E+14
131087d8,dsregpsoLSGO,4/29/2023 21:41,0:10:11,completed,Mmax=0.6 Smax=0.5 Smin=0.05 c1=2.0 c2=1.1 dseta=0.05 fdmax=1.0e-10 fdmin=1.0e-25 function=8.0 lambd=0.7 n=50,0.6,0.5,0.05,2,1.1,0.05,1.00E-10,1.00E-25,8,0.7,50,500000,1.155400038,2.14564E+14
c2a8348f,dsregpsoLSGO,4/29/2023 21:00,0:10:05,completed,Mmax=0.6 Smax=0.5 Smin=0.05 c1=2.0 c2=0.7 dseta=0.05 fdmax=1.0e-10 fdmin=1.0e-25 function=8.0 lambd=0.7 n=50,0.6,0.5,0.05,2,0.7,0.05,1.00E-10,1.00E-25,8,0.7,50,500000,1.420600057,2.22958E+14
24226d94,dsregpsoLSGO,4/29/2023 20:30,0:10:10,completed,Mmax=0.6 Smax=0.5 Smin=0.05 c1=2.0 c2=0.4 dseta=0.05 fdmax=1.0e-10 fdmin=1.0e-25 function=8.0 lambd=0.7 n=50,0.6,0.5,0.05,2,0.4,0.05,1.00E-10,1.00E-25,8,0.7,50,500000,2.387700081,2.35831E+14
8fa1eb1b,dsregpsoLSGO,4/29/2023 21:10,0:10:16,completed,Mmax=0.6 Smax=0.5 Smin=0.05 c1=2.0 c2=0.8 dseta=0.05 fdmax=1.0e-10 fdmin=1.0e-25 function=8.0 lambd=0.7 n=50,0.6,0.5,0.05,2,0.8,0.05,1.00E-10,1.00E-25,8,0.7,50,500000,1.548400044,2.4263E+14
0504dfc0,dsregpsoLSGO,4/29/2023 19:48,0:10:18,completed,Mmax=0.6 Smax=0.5 Smin=0.05 c1=2.0 c2=0.0 dseta=0.05 fdmax=1.0e-10 fdmin=1.0e-25 function=8.0 lambd=0.7 n=50,0.6,0.5,0.05,2,0,0.05,1.00E-10,1.00E-25,8,0.7,50,500000,2.999200106,2.4492E+14
1fc8bfa7,dsregpsoLSGO,4/29/2023 20:09,0:10:16,completed,Mmax=0.6 Smax=0.5 Smin=0.05 c1=2.0 c2=0.2 dseta=0.05 fdmax=1.0e-10 fdmin=1.0e-25 function=8.0 lambd=0.7 n=50,0.6,0.5,0.05,2,0.2,0.05,1.00E-10,1.00E-25,8,0.7,50,500000,2.002500057,2.45584E+14
ffc86500,dsregpsoLSGO,4/29/2023 22:02,0:10:06,completed,Mmax=0.6 Smax=0.5 Smin=0.05 c1=2.0 c2=1.3 dseta=0.05 fdmax=1.0e-10 fdmin=1.0e-25 function=8.0 lambd=0.7 n=50,0.6,0.5,0.05,2,1.3,0.05,1.00E-10,1.00E-25,8,0.7,50,500000,1.594799995,2.53752E+14
7e671432,dsregpsoLSGO,4/29/2023 21:21,0:10:18,completed,Mmax=0.6 Smax=0.5 Smin=0.05 c1=2.0 c2=0.9 dseta=0.05 fdmax=1.0e-10 fdmin=1.0e-25 function=8.0 lambd=0.7 n=50,0.6,0.5,0.05,2,0.9,0.05,1.00E-10,1.00E-25,8,0.7,50,500000,1.427099943,2.55003E+14
d4e43175,dsregpsoLSGO,4/29/2023 20:40,0:10:13,completed,Mmax=0.6 Smax=0.5 Smin=0.05 c1=2.0 c2=0.5 dseta=0.05 fdmax=1.0e-10 fdmin=1.0e-25 function=8.0 lambd=0.7 n=50,0.6,0.5,0.05,2,0.5,0.05,1.00E-10,1.00E-25,8,0.7,50,500000,2.373300076,2.57057E+14
9cd45d5e,dsregpsoLSGO,4/29/2023 19:59,0:10:10,completed,Mmax=0.6 Smax=0.5 Smin=0.05 c1=2.0 c2=0.1 dseta=0.05 fdmax=1.0e-10 fdmin=1.0e-25 function=8.0 lambd=0.7 n=50,0.6,0.5,0.05,2,0.1,0.05,1.00E-10,1.00E-25,8,0.7,50,500000,3.319999933,2.74175E+14
8d345caa,dsregpsoLSGO,4/29/2023 20:19,0:10:17,completed,Mmax=0.6 Smax=0.5 Smin=0.05 c1=2.0 c2=0.3 dseta=0.05 fdmax=1.0e-10 fdmin=1.0e-25 function=8.0 lambd=0.7 n=50,0.6,0.5,0.05,2,0.3,0.05,1.00E-10,1.00E-25,8,0.7,50,500000,3.680799961,2.77306E+14
602b4460,dsregpsoLSGO,4/29/2023 22:12,0:10:12,completed,Mmax=0.6 Smax=0.5 Smin=0.05 c1=2.0 c2=1.5 dseta=0.05 fdmax=1.0e-10 fdmin=1.0e-25 function=8.0 lambd=0.7 n=50,0.6,0.5,0.05,2,1.5,0.05,1.00E-10,1.00E-25,8,0.7,50,500000,3.031300068,4.33363E+14
95777140,dsregpsoLSGO,4/29/2023 22:22,0:10:10,completed,Mmax=0.6 Smax=0.5 Smin=0.05 c1=2.0 c2=2.0 dseta=0.05 fdmax=1.0e-10 fdmin=1.0e-25 function=8.0 lambd=0.7 n=50,0.6,0.5,0.05,2,2,0.05,1.00E-10,1.00E-25,8,0.7,50,500000,1.052800059,1.30638E+15
