run,operation,started,time,status,label,Mmax,Smax,Smin,c1,c2,dseta,fdmax,fdmin,function,lambd,n,step,global_best,mean_global_best
6ba78d3b,dsregpsoLSGO,5/18/2023 12:15,0:12:16,completed,Mmax=0.7 Smax=0.5 Smin=0.05 c1=2.0 c2=1.0 dseta=0.001 fdmax=0.1 fdmin=1.0e-25 function=10.0 lambd=0.7 n=50,0.7,0.5,0.05,2,1,0.001,0.1,1.00E-25,10,0.7,50,500000,9.23239994,92474776
d6bae028,dsregpsoLSGO,5/18/2023 13:04,0:12:14,completed,Mmax=0.7 Smax=0.5 Smin=0.05 c1=2.0 c2=1.0 dseta=0.5 fdmax=0.1 fdmin=1.0e-25 function=10.0 lambd=0.7 n=50,0.7,0.5,0.05,2,1,0.5,0.1,1.00E-25,10,0.7,50,500000,9.318099976,92759136
f4ddf68b,dsregpsoLSGO,5/18/2023 12:52,0:12:11,completed,Mmax=0.7 Smax=0.5 Smin=0.05 c1=2.0 c2=1.0 dseta=0.1 fdmax=0.1 fdmin=1.0e-25 function=10.0 lambd=0.7 n=50,0.7,0.5,0.05,2,1,0.1,0.1,1.00E-25,10,0.7,50,500000,9.318099976,92759136
7eb34b51,dsregpsoLSGO,5/18/2023 12:40,0:12:16,completed,Mmax=0.7 Smax=0.5 Smin=0.05 c1=2.0 c2=1.0 dseta=0.05 fdmax=0.1 fdmin=1.0e-25 function=10.0 lambd=0.7 n=50,0.7,0.5,0.05,2,1,0.05,0.1,1.00E-25,10,0.7,50,500000,9.318099976,92759136
a674c687,dsregpsoLSGO,5/18/2023 12:27,0:12:15,completed,Mmax=0.7 Smax=0.5 Smin=0.05 c1=2.0 c2=1.0 dseta=0.01 fdmax=0.1 fdmin=1.0e-25 function=10.0 lambd=0.7 n=50,0.7,0.5,0.05,2,1,0.01,0.1,1.00E-25,10,0.7,50,500000,9.318099976,92898312
e522a317,dsregpsoLSGO,5/18/2023 12:03,0:11:58,completed,Mmax=0.7 Smax=0.5 Smin=0.05 c1=2.0 c2=1.0 dseta=0.0001 fdmax=0.1 fdmin=1.0e-25 function=10.0 lambd=0.7 n=50,0.7,0.5,0.05,2,1,0.0001,0.1,1.00E-25,10,0.7,50,500000,9.304599762,92959496
ee7c89e9,dsregpsoLSGO,5/18/2023 11:52,0:11:41,completed,Mmax=0.7 Smax=0.5 Smin=0.05 c1=2.0 c2=1.0 dseta=1.0e-05 fdmax=0.1 fdmin=1.0e-25 function=10.0 lambd=0.7 n=50,0.7,0.5,0.05,2,1,1.00E-05,0.1,1.00E-25,10,0.7,50,500000,9.326399803,93086272
