run,operation,started,time,status,label,Mmax,Smax,Smin,c1,c2,dseta,fdmax,fdmin,function,lambd,n,step,global_best,mean_global_best
a7d78f2a,dsregpsoLSGO,5/3/2023 11:41,0:10:14,completed,Mmax=0.6 Smax=0.5 Smin=0.05 c1=2.0 c2=0.6 dseta=0.05 fdmax=1.0e-10 fdmin=1.0e-25 function=8.0 lambd=0.4 n=50,0.6,0.5,0.05,2,0.6,0.05,1.00E-10,1.00E-25,8,0.4,50,500000,1.23360002,1.39914E+14
5d05f47e,dsregpsoLSGO,4/30/2023 14:33,0:10:35,completed,Mmax=0.6 Smax=0.5 Smin=0.05 c1=2.0 c2=0.6 dseta=0.05 fdmax=1.0e-10 fdmin=1.0e-25 function=8.0 lambd=0.1 n=50,0.6,0.5,0.05,2,0.6,0.05,1.00E-10,1.00E-25,8,0.1,50,500000,1.466400027,1.48527E+14
38bb2cc5,dsregpsoLSGO,5/3/2023 10:31,0:11:09,completed,Mmax=0.6 Smax=0.5 Smin=0.05 c1=2.0 c2=0.6 dseta=0.05 fdmax=1.0e-10 fdmin=1.0e-25 function=8.0 lambd=0.2 n=50,0.6,0.5,0.05,2,0.6,0.05,1.00E-10,1.00E-25,8,0.2,50,500000,1.521399975,1.54651E+14
ea69e136,dsregpsoLSGO,5/3/2023 11:30,0:10:10,completed,Mmax=0.6 Smax=0.5 Smin=0.05 c1=2.0 c2=0.6 dseta=0.05 fdmax=1.0e-10 fdmin=1.0e-25 function=8.0 lambd=0.3 n=50,0.6,0.5,0.05,2,0.6,0.05,1.00E-10,1.00E-25,8,0.3,50,500000,1.119300008,1.58059E+14
92179f49,dsregpsoLSGO,5/3/2023 13:02,0:10:08,completed,Mmax=0.6 Smax=0.5 Smin=0.05 c1=2.0 c2=0.6 dseta=0.05 fdmax=1.0e-10 fdmin=1.0e-25 function=8.0 lambd=1.2 n=50,0.6,0.5,0.05,2,0.6,0.05,1.00E-10,1.00E-25,8,1.2,50,500000,2.410700083,1.91173E+14
811b986b,dsregpsoLSGO,5/3/2023 12:01,0:10:14,completed,Mmax=0.6 Smax=0.5 Smin=0.05 c1=2.0 c2=0.6 dseta=0.05 fdmax=1.0e-10 fdmin=1.0e-25 function=8.0 lambd=0.6 n=50,0.6,0.5,0.05,2,0.6,0.05,1.00E-10,1.00E-25,8,0.6,50,500000,1.064399958,1.97978E+14
89d53ba7,dsregpsoLSGO,5/3/2023 12:11,0:10:11,completed,Mmax=0.6 Smax=0.5 Smin=0.05 c1=2.0 c2=0.6 dseta=0.05 fdmax=1.0e-10 fdmin=1.0e-25 function=8.0 lambd=0.7 n=50,0.6,0.5,0.05,2,0.6,0.05,1.00E-10,1.00E-25,8,0.7,50,500000,2.248699903,2.02754E+14
1cacb7a5,dsregpsoLSGO,5/3/2023 11:51,0:10:07,completed,Mmax=0.6 Smax=0.5 Smin=0.05 c1=2.0 c2=0.6 dseta=0.05 fdmax=1.0e-10 fdmin=1.0e-25 function=8.0 lambd=0.5 n=50,0.6,0.5,0.05,2,0.6,0.05,1.00E-10,1.00E-25,8,0.5,50,500000,2.303999901,2.06537E+14
5fe21c8f,dsregpsoLSGO,5/3/2023 13:12,0:10:19,completed,Mmax=0.6 Smax=0.5 Smin=0.05 c1=2.0 c2=0.6 dseta=0.05 fdmax=1.0e-10 fdmin=1.0e-25 function=8.0 lambd=1.3 n=50,0.6,0.5,0.05,2,0.6,0.05,1.00E-10,1.00E-25,8,1.3,50,500000,1.485599995,2.23862E+14
86f7526a,dsregpsoLSGO,5/3/2023 12:42,0:10:07,completed,Mmax=0.6 Smax=0.5 Smin=0.05 c1=2.0 c2=0.6 dseta=0.05 fdmax=1.0e-10 fdmin=1.0e-25 function=8.0 lambd=1.0 n=50,0.6,0.5,0.05,2,0.6,0.05,1.00E-10,1.00E-25,8,1,50,500000,1.809100032,2.24787E+14
56a0df39,dsregpsoLSGO,5/3/2023 12:21,0:10:06,completed,Mmax=0.6 Smax=0.5 Smin=0.05 c1=2.0 c2=0.6 dseta=0.05 fdmax=1.0e-10 fdmin=1.0e-25 function=8.0 lambd=0.8 n=50,0.6,0.5,0.05,2,0.6,0.05,1.00E-10,1.00E-25,8,0.8,50,500000,1.72179997,2.39253E+14
affa7c5b,dsregpsoLSGO,5/3/2023 12:52,0:10:09,completed,Mmax=0.6 Smax=0.5 Smin=0.05 c1=2.0 c2=0.6 dseta=0.05 fdmax=1.0e-10 fdmin=1.0e-25 function=8.0 lambd=1.1 n=50,0.6,0.5,0.05,2,0.6,0.05,1.00E-10,1.00E-25,8,1.1,50,500000,2.884500027,2.53313E+14
ba2c0113,dsregpsoLSGO,5/3/2023 12:32,0:10:11,completed,Mmax=0.6 Smax=0.5 Smin=0.05 c1=2.0 c2=0.6 dseta=0.05 fdmax=1.0e-10 fdmin=1.0e-25 function=8.0 lambd=0.9 n=50,0.6,0.5,0.05,2,0.6,0.05,1.00E-10,1.00E-25,8,0.9,50,500000,1.815099955,2.82289E+14
