run,operation,started,time,status,label,Mmax,Smax,Smin,c1,c2,dseta,fdmax,fdmin,function,lambd,n,step,global_best,mean_global_best
375c5f81,dsregpsoLSGO,5/17/2023 17:42,0:11:43,completed,Mmax=0.7 Smax=0.5 Smin=0.05 c1=2.0 c2=1.0 dseta=0.001 fdmax=1.0e-25 fdmin=1.0e-25 function=10.0 lambd=0.7 n=50,0.7,0.5,0.05,2,1,0.001,1.00E-25,1.00E-25,10,0.7,50,500000,9.188899994,92762920
eb27bf39,dsregpsoLSGO,5/17/2023 17:30,0:11:37,completed,Mmax=0.7 Smax=0.5 Smin=0.05 c1=2.0 c2=1.0 dseta=0.001 fdmax=1.0e-25 fdmin=1.0e-50 function=10.0 lambd=0.7 n=50,0.7,0.5,0.05,2,1,0.001,1.00E-25,1.00E-50,10,0.7,50,500000,9.268300056,92763904
89095426,dsregpsoLSGO,5/17/2023 17:19,0:11:30,completed,Mmax=0.7 Smax=0.5 Smin=0.05 c1=2.0 c2=1.0 dseta=0.001 fdmax=1.0e-25 fdmin=1.0e-100 function=10.0 lambd=0.7 n=50,0.7,0.5,0.05,2,1,0.001,1.00E-25,1.00E-100,10,0.7,50,500000,9.268300056,92763904
ac7e2443,dsregpsoLSGO,5/17/2023 17:07,0:11:37,completed,Mmax=0.7 Smax=0.5 Smin=0.05 c1=2.0 c2=1.0 dseta=0.001 fdmax=1.0e-25 fdmin=1.0e-200 function=10.0 lambd=0.7 n=50,0.7,0.5,0.05,2,1,0.001,1.00E-25,1.00E-200,10,0.7,50,500000,9.268300056,92763904
a7225001,dsregpsoLSGO,5/17/2023 18:33,0:13:05,completed,Mmax=0.7 Smax=0.5 Smin=0.05 c1=2.0 c2=1.0 dseta=0.001 fdmax=1.0e-25 fdmin=1 function=10.0 lambd=0.7 n=50,0.7,0.5,0.05,2,1,0.001,1.00E-25,1,10,0.7,50,500000,9.630299568,96156144
8dada52d,dsregpsoLSGO,5/17/2023 18:20,0:13:05,completed,Mmax=0.7 Smax=0.5 Smin=0.05 c1=2.0 c2=1.0 dseta=0.001 fdmax=1.0e-25 fdmin=0.1 function=10.0 lambd=0.7 n=50,0.7,0.5,0.05,2,1,0.001,1.00E-25,0.1,10,0.7,50,500000,9.630299568,96156144
ce963c5f,dsregpsoLSGO,5/17/2023 18:07,0:13:00,completed,Mmax=0.7 Smax=0.5 Smin=0.05 c1=2.0 c2=1.0 dseta=0.001 fdmax=1.0e-25 fdmin=1.0e-05 function=10.0 lambd=0.7 n=50,0.7,0.5,0.05,2,1,0.001,1.00E-25,1.00E-05,10,0.7,50,500000,9.630299568,96156144
6b51e387,dsregpsoLSGO,5/17/2023 17:53,0:13:04,completed,Mmax=0.7 Smax=0.5 Smin=0.05 c1=2.0 c2=1.0 dseta=0.001 fdmax=1.0e-25 fdmin=1.0e-10 function=10.0 lambd=0.7 n=50,0.7,0.5,0.05,2,1,0.001,1.00E-25,1.00E-10,10,0.7,50,500000,9.630299568,96156144
