run,operation,started,time,status,label,Mmax,Smax,Smin,c1,c2,dseta,fdmax,fdmin,function,lambd,n,step,global_best,mean_global_best
031f48d5,dsregpsoLSGO,15/06/2023 16:42,00:08:50,completed,Mmax=0.3 Smax=0.5 Smin=0.05 c1=2.0 c2=1.3 dseta=0.01 fdmax=0.1 fdmin=1.0e-50 function=13.0 lambd=0.7 n=50,0.3,0.5,0.05,2,1.3,0.01,0.1,1.00E-50,13,0.7,50,500000,1.529700041,1879489664
b8c1ded0,dsregpsoLSGO,15/06/2023 16:33,00:08:48,completed,Mmax=0.3 Smax=0.5 Smin=0.05 c1=2.0 c2=1.2 dseta=0.01 fdmax=0.1 fdmin=1.0e-50 function=13.0 lambd=0.7 n=50,0.3,0.5,0.05,2,1.2,0.01,0.1,1.00E-50,13,0.7,50,500000,1.637500048,1883521792
92fc9750,dsregpsoLSGO,15/06/2023 16:25,00:08:45,completed,Mmax=0.3 Smax=0.5 Smin=0.05 c1=2.0 c2=1.1 dseta=0.01 fdmax=0.1 fdmin=1.0e-50 function=13.0 lambd=0.7 n=50,0.3,0.5,0.05,2,1.1,0.01,0.1,1.00E-50,13,0.7,50,500000,2.146100044,1900092672
6c420ffd,dsregpsoLSGO,15/06/2023 16:16,00:08:50,completed,Mmax=0.3 Smax=0.5 Smin=0.05 c1=2.0 c2=1.0 dseta=0.01 fdmax=0.1 fdmin=1.0e-50 function=13.0 lambd=0.7 n=50,0.3,0.5,0.05,2,1,0.01,0.1,1.00E-50,13,0.7,50,500000,1.378000021,1931460480
c300a9d3,dsregpsoLSGO,15/06/2023 16:51,00:08:43,completed,Mmax=0.3 Smax=0.5 Smin=0.05 c1=2.0 c2=1.5 dseta=0.01 fdmax=0.1 fdmin=1.0e-50 function=13.0 lambd=0.7 n=50,0.3,0.5,0.05,2,1.5,0.01,0.1,1.00E-50,13,0.7,50,500000,2.623699903,2159086080
02de8a60,dsregpsoLSGO,15/06/2023 15:58,00:08:51,completed,Mmax=0.3 Smax=0.5 Smin=0.05 c1=2.0 c2=0.8 dseta=0.01 fdmax=0.1 fdmin=1.0e-50 function=13.0 lambd=0.7 n=50,0.3,0.5,0.05,2,0.8,0.01,0.1,1.00E-50,13,0.7,50,500000,3.441400051,2420304896
c714d936,dsregpsoLSGO,15/06/2023 16:07,00:08:45,completed,Mmax=0.3 Smax=0.5 Smin=0.05 c1=2.0 c2=0.9 dseta=0.01 fdmax=0.1 fdmin=1.0e-50 function=13.0 lambd=0.7 n=50,0.3,0.5,0.05,2,0.9,0.01,0.1,1.00E-50,13,0.7,50,500000,2.420599937,2470032640
11d66297,dsregpsoLSGO,15/06/2023 15:40,00:08:46,completed,Mmax=0.3 Smax=0.5 Smin=0.05 c1=2.0 c2=0.6 dseta=0.01 fdmax=0.1 fdmin=1.0e-50 function=13.0 lambd=0.7 n=50,0.3,0.5,0.05,2,0.6,0.01,0.1,1.00E-50,13,0.7,50,500000,2.26970005,2519373568
e2a10bd3,dsregpsoLSGO,15/06/2023 14:47,00:09:00,completed,Mmax=0.3 Smax=0.5 Smin=0.05 c1=2.0 c2=0.0 dseta=0.01 fdmax=0.1 fdmin=1.0e-50 function=13.0 lambd=0.7 n=50,0.3,0.5,0.05,2,0,0.01,0.1,1.00E-50,13,0.7,50,500000,3.032000065,2597107712
3b871ec9,dsregpsoLSGO,15/06/2023 15:49,00:08:49,completed,Mmax=0.3 Smax=0.5 Smin=0.05 c1=2.0 c2=0.7 dseta=0.01 fdmax=0.1 fdmin=1.0e-50 function=13.0 lambd=0.7 n=50,0.3,0.5,0.05,2,0.7,0.01,0.1,1.00E-50,13,0.7,50,500000,2.385999918,2615112448
1b3c9d5a,dsregpsoLSGO,15/06/2023 15:23,00:08:54,completed,Mmax=0.3 Smax=0.5 Smin=0.05 c1=2.0 c2=0.4 dseta=0.01 fdmax=0.1 fdmin=1.0e-50 function=13.0 lambd=0.7 n=50,0.3,0.5,0.05,2,0.4,0.01,0.1,1.00E-50,13,0.7,50,500000,4.038700104,2788053248
6cad90cc,dsregpsoLSGO,15/06/2023 15:14,00:09:02,completed,Mmax=0.3 Smax=0.5 Smin=0.05 c1=2.0 c2=0.3 dseta=0.01 fdmax=0.1 fdmin=1.0e-50 function=13.0 lambd=0.7 n=50,0.3,0.5,0.05,2,0.3,0.01,0.1,1.00E-50,13,0.7,50,500000,3.661999941,2888596480
678f8581,dsregpsoLSGO,15/06/2023 15:05,00:08:59,completed,Mmax=0.3 Smax=0.5 Smin=0.05 c1=2.0 c2=0.2 dseta=0.01 fdmax=0.1 fdmin=1.0e-50 function=13.0 lambd=0.7 n=50,0.3,0.5,0.05,2,0.2,0.01,0.1,1.00E-50,13,0.7,50,500000,3.253299952,2907190272
2d2c774a,dsregpsoLSGO,15/06/2023 14:56,00:08:57,completed,Mmax=0.3 Smax=0.5 Smin=0.05 c1=2.0 c2=0.1 dseta=0.01 fdmax=0.1 fdmin=1.0e-50 function=13.0 lambd=0.7 n=50,0.3,0.5,0.05,2,0.1,0.01,0.1,1.00E-50,13,0.7,50,500000,3.4927001,2999216896
0ee12b65,dsregpsoLSGO,15/06/2023 15:32,00:08:52,completed,Mmax=0.3 Smax=0.5 Smin=0.05 c1=2.0 c2=0.5 dseta=0.01 fdmax=0.1 fdmin=1.0e-50 function=13.0 lambd=0.7 n=50,0.3,0.5,0.05,2,0.5,0.01,0.1,1.00E-50,13,0.7,50,500000,3.746299982,3070804480
e0380927,dsregpsoLSGO,15/06/2023 17:00,00:08:49,completed,Mmax=0.3 Smax=0.5 Smin=0.05 c1=2.0 c2=2.0 dseta=0.01 fdmax=0.1 fdmin=1.0e-50 function=13.0 lambd=0.7 n=50,0.3,0.5,0.05,2,2,0.01,0.1,1.00E-50,13,0.7,50,500000,1.635900021,14847873024
