run,operation,started,time,status,label,Mmax,Smax,Smin,c1,c2,dseta,fdmax,fdmin,function,lambd,n,step,global_best,mean_global_best
87d87982,dsregpsoLSGO,3/15/2023 15:28,0:08:43,completed,Mmax=0.0 Smax=0.5 Smin=0.05 c1=2.0 c2=1.0 dseta=0.001 fdmax=0.1 fdmin=1.0e-50 function=4.0 lambd=0.7 n=50,0,0.5,0.05,2,1,0.001,0.1,1.00E-50,4,0.7,50,500000,1.211500049,17408933888
3325e58d,dsregpsoLSGO,3/15/2023 15:37,0:08:40,completed,Mmax=0.0 Smax=0.5 Smin=0.05 c1=2.0 c2=1.1 dseta=0.001 fdmax=0.1 fdmin=1.0e-50 function=4.0 lambd=0.7 n=50,0,0.5,0.05,2,1.1,0.001,0.1,1.00E-50,4,0.7,50,500000,1.5546,17510223872
4c9baa57,dsregpsoLSGO,3/15/2023 15:55,0:08:36,completed,Mmax=0.0 Smax=0.5 Smin=0.05 c1=2.0 c2=1.3 dseta=0.001 fdmax=0.1 fdmin=1.0e-50 function=4.0 lambd=0.7 n=50,0,0.5,0.05,2,1.3,0.001,0.1,1.00E-50,4,0.7,50,500000,1.146600008,18011793408
bea703be,dsregpsoLSGO,3/15/2023 15:46,0:09:02,completed,Mmax=0.0 Smax=0.5 Smin=0.05 c1=2.0 c2=1.2 dseta=0.001 fdmax=0.1 fdmin=1.0e-50 function=4.0 lambd=0.7 n=50,0,0.5,0.05,2,1.2,0.001,0.1,1.00E-50,4,0.7,50,500000,1.344200015,18256361472
b33035c4,dsregpsoLSGO,3/15/2023 15:10,0:08:44,completed,Mmax=0.0 Smax=0.5 Smin=0.05 c1=2.0 c2=0.8 dseta=0.001 fdmax=0.1 fdmin=1.0e-50 function=4.0 lambd=0.7 n=50,0,0.5,0.05,2,0.8,0.001,0.1,1.00E-50,4,0.7,50,500000,1.34800005,18784313344
3e5e1c82,dsregpsoLSGO,3/15/2023 14:53,0:08:57,completed,Mmax=0.0 Smax=0.5 Smin=0.05 c1=2.0 c2=0.6 dseta=0.001 fdmax=0.1 fdmin=1.0e-50 function=4.0 lambd=0.7 n=50,0,0.5,0.05,2,0.6,0.001,0.1,1.00E-50,4,0.7,50,500000,1.365200043,19152484352
9e12742b,dsregpsoLSGO,3/15/2023 16:03,0:08:42,completed,Mmax=0.0 Smax=0.5 Smin=0.05 c1=2.0 c2=1.5 dseta=0.001 fdmax=0.1 fdmin=1.0e-50 function=4.0 lambd=0.7 n=50,0,0.5,0.05,2,1.5,0.001,0.1,1.00E-50,4,0.7,50,500000,1.094099998,20858333184
e49c5644,dsregpsoLSGO,3/15/2023 15:02,0:08:58,completed,Mmax=0.0 Smax=0.5 Smin=0.05 c1=2.0 c2=0.7 dseta=0.001 fdmax=0.1 fdmin=1.0e-50 function=4.0 lambd=0.7 n=50,0,0.5,0.05,2,0.7,0.001,0.1,1.00E-50,4,0.7,50,500000,1.342800021,20908666880
1cfda7f5,dsregpsoLSGO,3/15/2023 15:19,0:08:52,completed,Mmax=0.0 Smax=0.5 Smin=0.05 c1=2.0 c2=0.9 dseta=0.001 fdmax=0.1 fdmin=1.0e-50 function=4.0 lambd=0.7 n=50,0,0.5,0.05,2,0.9,0.001,0.1,1.00E-50,4,0.7,50,500000,1.246000051,20974217216
6b4aa7b8,dsregpsoLSGO,3/15/2023 14:27,0:08:41,completed,Mmax=0.0 Smax=0.5 Smin=0.05 c1=2.0 c2=0.3 dseta=0.001 fdmax=0.1 fdmin=1.0e-50 function=4.0 lambd=0.7 n=50,0,0.5,0.05,2,0.3,0.001,0.1,1.00E-50,4,0.7,50,500000,1.591099977,24530272256
f389766a,dsregpsoLSGO,3/15/2023 14:44,0:08:38,completed,Mmax=0.0 Smax=0.5 Smin=0.05 c1=2.0 c2=0.5 dseta=0.001 fdmax=0.1 fdmin=1.0e-50 function=4.0 lambd=0.7 n=50,0,0.5,0.05,2,0.5,0.001,0.1,1.00E-50,4,0.7,50,500000,1.704699993,24706080768
85a7243c,dsregpsoLSGO,3/15/2023 14:35,0:08:33,completed,Mmax=0.0 Smax=0.5 Smin=0.05 c1=2.0 c2=0.4 dseta=0.001 fdmax=0.1 fdmin=1.0e-50 function=4.0 lambd=0.7 n=50,0,0.5,0.05,2,0.4,0.001,0.1,1.00E-50,4,0.7,50,500000,1.655099988,25872105472
b7136c02,dsregpsoLSGO,3/15/2023 14:01,0:08:46,completed,Mmax=0.0 Smax=0.5 Smin=0.05 c1=2.0 c2=0.0 dseta=0.001 fdmax=0.1 fdmin=1.0e-50 function=4.0 lambd=0.7 n=50,0,0.5,0.05,2,0,0.001,0.1,1.00E-50,4,0.7,50,500000,1.823699951,26560448512
f95f6b46,dsregpsoLSGO,3/15/2023 14:09,0:08:28,completed,Mmax=0.0 Smax=0.5 Smin=0.05 c1=2.0 c2=0.1 dseta=0.001 fdmax=0.1 fdmin=1.0e-50 function=4.0 lambd=0.7 n=50,0,0.5,0.05,2,0.1,0.001,0.1,1.00E-50,4,0.7,50,500000,2.011300087,27715821568
9ad7a8ba,dsregpsoLSGO,3/15/2023 14:18,0:08:45,completed,Mmax=0.0 Smax=0.5 Smin=0.05 c1=2.0 c2=0.2 dseta=0.001 fdmax=0.1 fdmin=1.0e-50 function=4.0 lambd=0.7 n=50,0,0.5,0.05,2,0.2,0.001,0.1,1.00E-50,4,0.7,50,500000,2.197900057,28278951936
7e4b60e2,dsregpsoLSGO,3/15/2023 16:12,0:08:51,completed,Mmax=0.0 Smax=0.5 Smin=0.05 c1=2.0 c2=2.0 dseta=0.001 fdmax=0.1 fdmin=1.0e-50 function=4.0 lambd=0.7 n=50,0,0.5,0.05,2,2,0.001,0.1,1.00E-50,4,0.7,50,500000,1.426900029,1.34911E+11
