run,operation,started,time,status,label,Mmax,Smax,Smin,c1,c2,dseta,fdmax,fdmin,function,lambd,n,step,global_best,mean_global_best
7ba5abce,dsregpsoLSGO,2023-06-28 10:52:44,0:09:03,completed,Mmax=0.5 Smax=0.5 Smin=0.1 c1=2.0 c2=1.0 dseta=0.5 fdmax=1 fdmin=1.0e-25 function=14.0 lambd=0.4 n=50,0.5,0.5,0.1,2.0,1.0,0.5,1,1e-25,14.0,0.4,50,500000,9.333100318908691,14614883328.0
5e362d74,dsregpsoLSGO,2023-06-28 10:43:44,0:08:59,completed,Mmax=0.5 Smax=0.5 Smin=0.09 c1=2.0 c2=1.0 dseta=0.5 fdmax=1 fdmin=1.0e-25 function=14.0 lambd=0.4 n=50,0.5,0.5,0.09,2.0,1.0,0.5,1,1e-25,14.0,0.4,50,500000,1.7740000486373901,7973400576.0
ed466f1b,dsregpsoLSGO,2023-06-28 10:34:47,0:08:56,completed,Mmax=0.5 Smax=0.5 Smin=0.08 c1=2.0 c2=1.0 dseta=0.5 fdmax=1 fdmin=1.0e-25 function=14.0 lambd=0.4 n=50,0.5,0.5,0.08,2.0,1.0,0.5,1,1e-25,14.0,0.4,50,500000,2.824899911880493,13416617984.0
209d555c,dsregpsoLSGO,2023-06-28 10:25:28,0:09:18,completed,Mmax=0.5 Smax=0.5 Smin=0.07 c1=2.0 c2=1.0 dseta=0.5 fdmax=1 fdmin=1.0e-25 function=14.0 lambd=0.4 n=50,0.5,0.5,0.07,2.0,1.0,0.5,1,1e-25,14.0,0.4,50,500000,3.9683001041412354,13000355840.0
b9efff8a,dsregpsoLSGO,2023-06-28 10:16:43,0:08:45,completed,Mmax=0.5 Smax=0.5 Smin=0.06 c1=2.0 c2=1.0 dseta=0.5 fdmax=1 fdmin=1.0e-25 function=14.0 lambd=0.4 n=50,0.5,0.5,0.06,2.0,1.0,0.5,1,1e-25,14.0,0.4,50,500000,7.991600036621094,9900623872.0
ae771a6c,dsregpsoLSGO,2023-06-28 10:07:49,0:08:53,completed,Mmax=0.5 Smax=0.5 Smin=0.05 c1=2.0 c2=1.0 dseta=0.5 fdmax=1 fdmin=1.0e-25 function=14.0 lambd=0.4 n=50,0.5,0.5,0.05,2.0,1.0,0.5,1,1e-25,14.0,0.4,50,500000,1.2660000324249268,6919556096.0
e2e3a27d,dsregpsoLSGO,2023-06-28 09:59:04,0:08:44,completed,Mmax=0.5 Smax=0.5 Smin=0.04 c1=2.0 c2=1.0 dseta=0.5 fdmax=1 fdmin=1.0e-25 function=14.0 lambd=0.4 n=50,0.5,0.5,0.04,2.0,1.0,0.5,1,1e-25,14.0,0.4,50,500000,4.888899803161621,16797343744.0
dc9ae95f,dsregpsoLSGO,2023-06-28 09:50:12,0:08:51,completed,Mmax=0.5 Smax=0.5 Smin=0.03 c1=2.0 c2=1.0 dseta=0.5 fdmax=1 fdmin=1.0e-25 function=14.0 lambd=0.4 n=50,0.5,0.5,0.03,2.0,1.0,0.5,1,1e-25,14.0,0.4,50,500000,3.035799980163574,11651480576.0
ee19bf1e,dsregpsoLSGO,2023-06-28 09:41:25,0:08:46,completed,Mmax=0.5 Smax=0.5 Smin=0.02 c1=2.0 c2=1.0 dseta=0.5 fdmax=1 fdmin=1.0e-25 function=14.0 lambd=0.4 n=50,0.5,0.5,0.02,2.0,1.0,0.5,1,1e-25,14.0,0.4,50,500000,1.9757000207901,17349525504.0
060a3106,dsregpsoLSGO,2023-06-28 09:32:32,0:08:53,completed,Mmax=0.5 Smax=0.5 Smin=0.01 c1=2.0 c2=1.0 dseta=0.5 fdmax=1 fdmin=1.0e-25 function=14.0 lambd=0.4 n=50,0.5,0.5,0.01,2.0,1.0,0.5,1,1e-25,14.0,0.4,50,500000,1.8402999639511108,14945698816.0
